PP	Algeria	Producer Price (USD/tonne)	Apples	2017	USD	2126.600000	A
PP	Algeria	Producer Price (USD/tonne)	Apples	2018	USD	1844.000000	A
PP	Algeria	Producer Price (USD/tonne)	Apples	2019	USD	1901.900000	A
PP	Algeria	Producer Price (USD/tonne)	Apples	2020	USD	1790.400000	A
PP	Algeria	Producer Price (USD/tonne)	Apples	2021	USD	1860.000000	A
PP	Algeria	Producer Price (USD/tonne)	Barley	2017	USD	225.300000	A
PP	Algeria	Producer Price (USD/tonne)	Barley	2018	USD	214.400000	A
PP	Algeria	Producer Price (USD/tonne)	Barley	2019	USD	209.500000	A
PP	Algeria	Producer Price (USD/tonne)	Barley	2020	USD	197.200000	A
PP	Algeria	Producer Price (USD/tonne)	Barley	2021	USD	185.100000	A
PP	Algeria	Producer Price (USD/tonne)	Broad beans and horse beans, green	2017	USD	567.700000	A
PP	Algeria	Producer Price (USD/tonne)	Broad beans and horse beans, green	2018	USD	488.900000	A
PP	Algeria	Producer Price (USD/tonne)	Broad beans and horse beans, green	2019	USD	544.600000	A
PP	Algeria	Producer Price (USD/tonne)	Broad beans and horse beans, green	2020	USD	575.200000	A
PP	Algeria	Producer Price (USD/tonne)	Broad beans and horse beans, green	2021	USD	607.200000	A
PP	Algeria	Producer Price (USD/tonne)	Cabbages	2017	USD	450.600000	A
PP	Algeria	Producer Price (USD/tonne)	Cabbages	2018	USD	428.800000	A
PP	Algeria	Producer Price (USD/tonne)	Cabbages	2019	USD	385.400000	A
PP	Algeria	Producer Price (USD/tonne)	Cabbages	2020	USD	376.500000	A
PP	Algeria	Producer Price (USD/tonne)	Cabbages	2021	USD	377.200000	A
PP	Algeria	Producer Price (USD/tonne)	Cantaloupes and other melons	2017	USD	531.700000	A
PP	Algeria	Producer Price (USD/tonne)	Cantaloupes and other melons	2018	USD	566.100000	A
PP	Algeria	Producer Price (USD/tonne)	Cantaloupes and other melons	2019	USD	620.000000	A
PP	Algeria	Producer Price (USD/tonne)	Cantaloupes and other melons	2020	USD	561.000000	A
PP	Algeria	Producer Price (USD/tonne)	Cantaloupes and other melons	2021	USD	787.500000	A
PP	Algeria	Producer Price (USD/tonne)	Carrots and turnips	2017	USD	405.500000	A
PP	Algeria	Producer Price (USD/tonne)	Carrots and turnips	2018	USD	377.400000	A
PP	Algeria	Producer Price (USD/tonne)	Carrots and turnips	2019	USD	410.500000	A
PP	Algeria	Producer Price (USD/tonne)	Carrots and turnips	2020	USD	335.600000	A
PP	Algeria	Producer Price (USD/tonne)	Carrots and turnips	2021	USD	335.300000	A
PP	Algeria	Producer Price (USD/tonne)	Cauliflowers and broccoli	2017	USD	576.700000	A
PP	Algeria	Producer Price (USD/tonne)	Cauliflowers and broccoli	2018	USD	514.600000	A
PP	Algeria	Producer Price (USD/tonne)	Cauliflowers and broccoli	2019	USD	553.000000	A
PP	Algeria	Producer Price (USD/tonne)	Cauliflowers and broccoli	2020	USD	490.100000	A
PP	Algeria	Producer Price (USD/tonne)	Cauliflowers and broccoli	2021	USD	523.600000	A
PP	Algeria	Producer Price (USD/tonne)	Chillies and peppers, green (Capsicum spp. and Pimenta spp.)	2017	USD	666.800000	A
PP	Algeria	Producer Price (USD/tonne)	Chillies and peppers, green (Capsicum spp. and Pimenta spp.)	2018	USD	643.300000	A
PP	Algeria	Producer Price (USD/tonne)	Chillies and peppers, green (Capsicum spp. and Pimenta spp.)	2019	USD	712.200000	A
PP	Algeria	Producer Price (USD/tonne)	Chillies and peppers, green (Capsicum spp. and Pimenta spp.)	2020	USD	652.400000	A
PP	Algeria	Producer Price (USD/tonne)	Chillies and peppers, green (Capsicum spp. and Pimenta spp.)	2021	USD	615.900000	A
PP	Algeria	Producer Price (USD/tonne)	Dates	2017	USD	3802.700000	A
PP	Algeria	Producer Price (USD/tonne)	Dates	2018	USD	3370.700000	A
PP	Algeria	Producer Price (USD/tonne)	Dates	2019	USD	3644.600000	A
PP	Algeria	Producer Price (USD/tonne)	Dates	2020	USD	3244.900000	A
PP	Algeria	Producer Price (USD/tonne)	Dates	2021	USD	2980.400000	A
PP	Algeria	Producer Price (USD/tonne)	Grapes	2017	USD	1297.600000	A
PP	Algeria	Producer Price (USD/tonne)	Grapes	2018	USD	1543.800000	A
PP	Algeria	Producer Price (USD/tonne)	Grapes	2019	USD	1709.200000	A
PP	Algeria	Producer Price (USD/tonne)	Grapes	2020	USD	1937.700000	A
PP	Algeria	Producer Price (USD/tonne)	Grapes	2021	USD	1421.800000	A
PP	Algeria	Producer Price (USD/tonne)	Green garlic	2017	USD	4487.600000	A
PP	Algeria	Producer Price (USD/tonne)	Green garlic	2018	USD	2487.300000	A
PP	Algeria	Producer Price (USD/tonne)	Green garlic	2019	USD	1533.300000	A
PP	Algeria	Producer Price (USD/tonne)	Green garlic	2020	USD	3669.600000	A
PP	Algeria	Producer Price (USD/tonne)	Green garlic	2021	USD	3411.800000	A
PP	Algeria	Producer Price (USD/tonne)	Hen eggs in shell, fresh	2017	USD	1802.200000	A
PP	Algeria	Producer Price (USD/tonne)	Hen eggs in shell, fresh	2018	USD	1543.800000	A
PP	Algeria	Producer Price (USD/tonne)	Hen eggs in shell, fresh	2019	USD	1508.100000	A
PP	Algeria	Producer Price (USD/tonne)	Hen eggs in shell, fresh	2020	USD	1577.600000	A
PP	Algeria	Producer Price (USD/tonne)	Hen eggs in shell, fresh	2021	USD	1594.000000	A
PP	Algeria	Producer Price (USD/tonne)	Lemons and limes	2017	USD	1567.900000	A
PP	Algeria	Producer Price (USD/tonne)	Lemons and limes	2018	USD	1466.600000	A
PP	Algeria	Producer Price (USD/tonne)	Lemons and limes	2019	USD	1499.700000	A
PP	Algeria	Producer Price (USD/tonne)	Lemons and limes	2020	USD	1578.400000	A
PP	Algeria	Producer Price (USD/tonne)	Lemons and limes	2021	USD	1563.400000	A
PP	Algeria	Producer Price (USD/tonne)	Lettuce and chicory	2017	USD	549.700000	A
PP	Algeria	Producer Price (USD/tonne)	Lettuce and chicory	2018	USD	531.800000	A
PP	Algeria	Producer Price (USD/tonne)	Lettuce and chicory	2019	USD	527.800000	A
PP	Algeria	Producer Price (USD/tonne)	Lettuce and chicory	2020	USD	442.200000	A
PP	Algeria	Producer Price (USD/tonne)	Lettuce and chicory	2021	USD	476.000000	A
PP	Algeria	Producer Price (USD/tonne)	Meat of camels, fresh or chilled	2019	USD	7190.800000	A
PP	Algeria	Producer Price (USD/tonne)	Meat of camels, fresh or chilled	2020	USD	7674.900000	A
PP	Algeria	Producer Price (USD/tonne)	Meat of cattle with the bone, fresh or chilled	2017	USD	6938.600000	A
PP	Algeria	Producer Price (USD/tonne)	Meat of cattle with the bone, fresh or chilled	2018	USD	8276.600000	A
PP	Algeria	Producer Price (USD/tonne)	Meat of cattle with the bone, fresh or chilled	2019	USD	8738.700000	A
PP	Algeria	Producer Price (USD/tonne)	Meat of cattle with the bone, fresh or chilled	2020	USD	8043.400000	A
PP	Algeria	Producer Price (USD/tonne)	Meat of cattle with the bone, fresh or chilled	2021	USD	7652.200000	A
PP	Algeria	Producer Price (USD/tonne)	Meat of chickens, fresh or chilled	2017	USD	2180.700000	A
PP	Algeria	Producer Price (USD/tonne)	Meat of chickens, fresh or chilled	2018	USD	2453.000000	A
PP	Algeria	Producer Price (USD/tonne)	Meat of chickens, fresh or chilled	2019	USD	1960.600000	A
PP	Algeria	Producer Price (USD/tonne)	Meat of chickens, fresh or chilled	2020	USD	1850.200000	A
PP	Algeria	Producer Price (USD/tonne)	Meat of chickens, fresh or chilled	2021	USD	2467.900000	A
PP	Algeria	Producer Price (USD/tonne)	Meat of goat, fresh or chilled	2019	USD	8719.900000	A
PP	Algeria	Producer Price (USD/tonne)	Meat of goat, fresh or chilled	2020	USD	8215.200000	A
PP	Algeria	Producer Price (USD/tonne)	Meat of sheep, fresh or chilled	2017	USD	9750.100000	A
PP	Algeria	Producer Price (USD/tonne)	Meat of sheep, fresh or chilled	2018	USD	9623.200000	A
PP	Algeria	Producer Price (USD/tonne)	Meat of sheep, fresh or chilled	2019	USD	9911.700000	A
PP	Algeria	Producer Price (USD/tonne)	Meat of sheep, fresh or chilled	2020	USD	8971.400000	A
PP	Algeria	Producer Price (USD/tonne)	Meat of sheep, fresh or chilled	2021	USD	8438.700000	A
PP	Algeria	Producer Price (USD/tonne)	Oats	2017	USD	144.200000	A
PP	Algeria	Producer Price (USD/tonne)	Oats	2018	USD	137.200000	A
PP	Algeria	Producer Price (USD/tonne)	Oats	2019	USD	134.100000	A
PP	Algeria	Producer Price (USD/tonne)	Oats	2020	USD	126.200000	A
PP	Algeria	Producer Price (USD/tonne)	Oats	2021	USD	118.500000	A
PP	Algeria	Producer Price (USD/tonne)	Onions and shallots, dry (excluding dehydrated)	2017	USD	306.400000	A
PP	Algeria	Producer Price (USD/tonne)	Onions and shallots, dry (excluding dehydrated)	2018	USD	265.900000	A
PP	Algeria	Producer Price (USD/tonne)	Onions and shallots, dry (excluding dehydrated)	2019	USD	318.400000	A
PP	Algeria	Producer Price (USD/tonne)	Onions and shallots, dry (excluding dehydrated)	2020	USD	319.900000	A
PP	Algeria	Producer Price (USD/tonne)	Onions and shallots, dry (excluding dehydrated)	2021	USD	249.900000	A
PP	Algeria	Producer Price (USD/tonne)	Onions and shallots, green	2017	USD	288.400000	A
PP	Algeria	Producer Price (USD/tonne)	Onions and shallots, green	2018	USD	291.600000	A
PP	Algeria	Producer Price (USD/tonne)	Onions and shallots, green	2019	USD	251.400000	A
PP	Algeria	Producer Price (USD/tonne)	Onions and shallots, green	2020	USD	269.200000	A
PP	Algeria	Producer Price (USD/tonne)	Onions and shallots, green	2021	USD	243.000000	A
PP	Algeria	Producer Price (USD/tonne)	Oranges	2017	USD	1117.400000	A
PP	Algeria	Producer Price (USD/tonne)	Oranges	2018	USD	1080.700000	A
PP	Algeria	Producer Price (USD/tonne)	Oranges	2019	USD	988.700000	A
PP	Algeria	Producer Price (USD/tonne)	Oranges	2020	USD	1232.300000	A
PP	Algeria	Producer Price (USD/tonne)	Oranges	2021	USD	1046.700000	A
PP	Algeria	Producer Price (USD/tonne)	Other beans, green	2017	USD	1189.500000	A
PP	Algeria	Producer Price (USD/tonne)	Other beans, green	2018	USD	1226.500000	A
PP	Algeria	Producer Price (USD/tonne)	Other beans, green	2019	USD	1248.400000	A
PP	Algeria	Producer Price (USD/tonne)	Other beans, green	2020	USD	1094.300000	A
PP	Algeria	Producer Price (USD/tonne)	Other beans, green	2021	USD	1177.100000	A
PP	Algeria	Producer Price (USD/tonne)	Pears	2017	USD	1270.600000	A
PP	Algeria	Producer Price (USD/tonne)	Pears	2018	USD	1561.000000	A
PP	Algeria	Producer Price (USD/tonne)	Pears	2019	USD	1759.500000	A
PP	Algeria	Producer Price (USD/tonne)	Pears	2020	USD	1732.900000	A
PP	Algeria	Producer Price (USD/tonne)	Pears	2021	USD	1910.900000	A
PP	Algeria	Producer Price (USD/tonne)	Peas, green	2017	USD	874.100000	A
PP	Algeria	Producer Price (USD/tonne)	Peas, green	2018	USD	754.800000	A
PP	Algeria	Producer Price (USD/tonne)	Peas, green	2019	USD	963.500000	A
PP	Algeria	Producer Price (USD/tonne)	Peas, green	2020	USD	894.800000	A
PP	Algeria	Producer Price (USD/tonne)	Peas, green	2021	USD	1030.300000	A
PP	Algeria	Producer Price (USD/tonne)	Potatoes	2017	USD	405.500000	A
PP	Algeria	Producer Price (USD/tonne)	Potatoes	2018	USD	377.400000	A
PP	Algeria	Producer Price (USD/tonne)	Potatoes	2019	USD	326.800000	A
PP	Algeria	Producer Price (USD/tonne)	Potatoes	2020	USD	270.600000	A
PP	Algeria	Producer Price (USD/tonne)	Potatoes	2021	USD	406.000000	A
PP	Algeria	Producer Price (USD/tonne)	Pumpkins, squash and gourds	2017	USD	630.800000	A
PP	Algeria	Producer Price (USD/tonne)	Pumpkins, squash and gourds	2018	USD	609.000000	A
PP	Algeria	Producer Price (USD/tonne)	Pumpkins, squash and gourds	2019	USD	628.400000	A
PP	Algeria	Producer Price (USD/tonne)	Pumpkins, squash and gourds	2020	USD	529.600000	A
PP	Algeria	Producer Price (USD/tonne)	Pumpkins, squash and gourds	2021	USD	597.300000	A
PP	Algeria	Producer Price (USD/tonne)	Raw milk of cattle	2017	USD	405.500000	A
PP	Algeria	Producer Price (USD/tonne)	Raw milk of cattle	2018	USD	411.700000	A
PP	Algeria	Producer Price (USD/tonne)	Raw milk of cattle	2019	USD	402.200000	A
PP	Algeria	Producer Price (USD/tonne)	Raw milk of cattle	2020	USD	388.400000	A
PP	Algeria	Producer Price (USD/tonne)	Raw milk of cattle	2021	USD	381.400000	A
PP	Algeria	Producer Price (USD/tonne)	Tangerines, mandarins, clementines	2017	USD	1108.400000	A
PP	Algeria	Producer Price (USD/tonne)	Tangerines, mandarins, clementines	2018	USD	1260.800000	A
PP	Algeria	Producer Price (USD/tonne)	Tangerines, mandarins, clementines	2019	USD	1315.400000	A
PP	Algeria	Producer Price (USD/tonne)	Tangerines, mandarins, clementines	2020	USD	1258.300000	A
PP	Algeria	Producer Price (USD/tonne)	Tangerines, mandarins, clementines	2021	USD	1163.400000	A
PP	Algeria	Producer Price (USD/tonne)	Tomatoes	2017	USD	630.800000	A
PP	Algeria	Producer Price (USD/tonne)	Tomatoes	2018	USD	531.800000	A
PP	Algeria	Producer Price (USD/tonne)	Tomatoes	2019	USD	486.000000	A
PP	Algeria	Producer Price (USD/tonne)	Tomatoes	2020	USD	423.900000	A
PP	Algeria	Producer Price (USD/tonne)	Tomatoes	2021	USD	477.900000	A
PP	Algeria	Producer Price (USD/tonne)	Watermelons	2017	USD	315.400000	A
PP	Algeria	Producer Price (USD/tonne)	Watermelons	2018	USD	300.200000	A
PP	Algeria	Producer Price (USD/tonne)	Watermelons	2019	USD	343.500000	A
PP	Algeria	Producer Price (USD/tonne)	Watermelons	2020	USD	418.300000	A
PP	Algeria	Producer Price (USD/tonne)	Watermelons	2021	USD	616.800000	A
PP	Algeria	Producer Price (USD/tonne)	Wheat	2017	USD	405.500000	A
PP	Algeria	Producer Price (USD/tonne)	Wheat	2018	USD	386.000000	A
PP	Algeria	Producer Price (USD/tonne)	Wheat	2019	USD	377.000000	A
PP	Algeria	Producer Price (USD/tonne)	Wheat	2020	USD	355.000000	A
PP	Algeria	Producer Price (USD/tonne)	Wheat	2021	USD	333.200000	A
PP	Argentina	Producer Price (USD/tonne)	Asparagus	2017	USD	4997.000000	A
PP	Argentina	Producer Price (USD/tonne)	Cantaloupes and other melons	2017	USD	1434.600000	A
PP	Argentina	Producer Price (USD/tonne)	Carrots and turnips	2017	USD	519.500000	A
PP	Argentina	Producer Price (USD/tonne)	Cassava, fresh	2017	USD	522.100000	A
PP	Argentina	Producer Price (USD/tonne)	Green garlic	2017	USD	3018.700000	A
PP	Argentina	Producer Price (USD/tonne)	Hen eggs in shell, fresh	2017	USD	930.800000	A
PP	Argentina	Producer Price (USD/tonne)	Hen eggs in shell, fresh	2018	USD	1345.600000	A
PP	Argentina	Producer Price (USD/tonne)	Hen eggs in shell, fresh	2019	USD	1100.500000	A
PP	Argentina	Producer Price (USD/tonne)	Hen eggs in shell, fresh	2020	USD	1318.300000	A
PP	Argentina	Producer Price (USD/tonne)	Hen eggs in shell, fresh	2021	USD	585.900000	A
PP	Argentina	Producer Price (USD/tonne)	Hen eggs in shell, fresh	2022	USD	987.800000	A
PP	Argentina	Producer Price (USD/tonne)	Hen eggs in shell, fresh	2023	USD	1262.700000	A
PP	Argentina	Producer Price (USD/tonne)	Hen eggs in shell, fresh	2024	USD	1973.600000	A
PP	Argentina	Producer Price (USD/tonne)	Horse meat, fresh or chilled	2020	USD	4461.400000	A
PP	Argentina	Producer Price (USD/tonne)	Maté leaves	2017	USD	363.000000	A
PP	Argentina	Producer Price (USD/tonne)	Maté leaves	2018	USD	249.900000	A
PP	Argentina	Producer Price (USD/tonne)	Meat of cattle with the bone, fresh or chilled	2017	USD	2903.000000	A
PP	Argentina	Producer Price (USD/tonne)	Meat of cattle with the bone, fresh or chilled	2018	USD	2229.500000	A
PP	Argentina	Producer Price (USD/tonne)	Meat of cattle with the bone, fresh or chilled	2019	USD	2108.100000	A
PP	Argentina	Producer Price (USD/tonne)	Meat of cattle with the bone, fresh or chilled (biological)	2017	USD	1625.700000	A
PP	Argentina	Producer Price (USD/tonne)	Meat of cattle with the bone, fresh or chilled (biological)	2018	USD	1244.000000	A
PP	Argentina	Producer Price (USD/tonne)	Meat of cattle with the bone, fresh or chilled (biological)	2019	USD	1201.600000	A
PP	Argentina	Producer Price (USD/tonne)	Meat of cattle with the bone, fresh or chilled (biological)	2020	USD	1237.300000	A
PP	Argentina	Producer Price (USD/tonne)	Meat of cattle with the bone, fresh or chilled (biological)	2021	USD	1639.500000	A
PP	Argentina	Producer Price (USD/tonne)	Meat of cattle with the bone, fresh or chilled (biological)	2022	USD	1870.100000	A
PP	Argentina	Producer Price (USD/tonne)	Meat of cattle with the bone, fresh or chilled (biological)	2023	USD	1874.100000	A
PP	Argentina	Producer Price (USD/tonne)	Meat of chickens, fresh or chilled	2017	USD	1324.100000	A
PP	Argentina	Producer Price (USD/tonne)	Meat of chickens, fresh or chilled	2018	USD	1231.500000	A
PP	Argentina	Producer Price (USD/tonne)	Meat of chickens, fresh or chilled	2019	USD	1155.400000	A
PP	Argentina	Producer Price (USD/tonne)	Meat of chickens, fresh or chilled	2020	USD	1141.600000	A
PP	Argentina	Producer Price (USD/tonne)	Meat of chickens, fresh or chilled (biological)	2017	USD	915.900000	A
PP	Argentina	Producer Price (USD/tonne)	Meat of chickens, fresh or chilled (biological)	2018	USD	948.200000	A
PP	Argentina	Producer Price (USD/tonne)	Meat of chickens, fresh or chilled (biological)	2019	USD	907.800000	A
PP	Argentina	Producer Price (USD/tonne)	Meat of chickens, fresh or chilled (biological)	2021	USD	1412.600000	A
PP	Argentina	Producer Price (USD/tonne)	Meat of chickens, fresh or chilled (biological)	2022	USD	1825.900000	A
PP	Argentina	Producer Price (USD/tonne)	Meat of chickens, fresh or chilled (biological)	2023	USD	1952.500000	A
PP	Argentina	Producer Price (USD/tonne)	Meat of chickens, fresh or chilled (biological)	2024	USD	1927.800000	A
PP	Argentina	Producer Price (USD/tonne)	Meat of pig with the bone, fresh or chilled (biological)	2017	USD	1482.800000	A
PP	Argentina	Producer Price (USD/tonne)	Meat of pig with the bone, fresh or chilled (biological)	2018	USD	1160.700000	A
PP	Argentina	Producer Price (USD/tonne)	Meat of pig with the bone, fresh or chilled (biological)	2019	USD	1166.800000	A
PP	Argentina	Producer Price (USD/tonne)	Meat of pig with the bone, fresh or chilled (biological)	2020	USD	1237.200000	A
PP	Argentina	Producer Price (USD/tonne)	Meat of pig with the bone, fresh or chilled (biological)	2021	USD	1469.000000	A
PP	Argentina	Producer Price (USD/tonne)	Meat of pig with the bone, fresh or chilled (biological)	2022	USD	1783.400000	A
PP	Argentina	Producer Price (USD/tonne)	Meat of pig with the bone, fresh or chilled (biological)	2023	USD	1859.700000	A
PP	Argentina	Producer Price (USD/tonne)	Meat of rabbits and hares, fresh or chilled	2017	USD	10263.400000	A
PP	Argentina	Producer Price (USD/tonne)	Meat of rabbits and hares, fresh or chilled	2018	USD	7581.400000	A
PP	Argentina	Producer Price (USD/tonne)	Meat of rabbits and hares, fresh or chilled (biological)	2017	USD	2837.700000	A
PP	Argentina	Producer Price (USD/tonne)	Meat of rabbits and hares, fresh or chilled (biological)	2018	USD	2603.700000	A
PP	Argentina	Producer Price (USD/tonne)	Meat of rabbits and hares, fresh or chilled (biological)	2019	USD	2480.500000	A
PP	Argentina	Producer Price (USD/tonne)	Meat of rabbits and hares, fresh or chilled (biological)	2020	USD	1820.100000	A
PP	Argentina	Producer Price (USD/tonne)	Meat of sheep, fresh or chilled	2017	USD	4491.100000	A
PP	Argentina	Producer Price (USD/tonne)	Meat of sheep, fresh or chilled	2018	USD	4595.300000	A
PP	Argentina	Producer Price (USD/tonne)	Meat of sheep, fresh or chilled	2019	USD	3335.600000	A
PP	Argentina	Producer Price (USD/tonne)	Meat of sheep, fresh or chilled	2020	USD	4782.200000	A
PP	Argentina	Producer Price (USD/tonne)	Meat of sheep, fresh or chilled (biological)	2017	USD	800.000000	A
PP	Argentina	Producer Price (USD/tonne)	Meat of sheep, fresh or chilled (biological)	2018	USD	635.900000	A
PP	Argentina	Producer Price (USD/tonne)	Meat of sheep, fresh or chilled (biological)	2019	USD	603.400000	A
PP	Argentina	Producer Price (USD/tonne)	Meat of sheep, fresh or chilled (biological)	2020	USD	570.300000	A
PP	Argentina	Producer Price (USD/tonne)	Meat of sheep, fresh or chilled (biological)	2021	USD	4096.400000	A
PP	Argentina	Producer Price (USD/tonne)	Meat of sheep, fresh or chilled (biological)	2022	USD	5173.700000	A
PP	Argentina	Producer Price (USD/tonne)	Meat of sheep, fresh or chilled (biological)	2023	USD	4308.900000	A
PP	Argentina	Producer Price (USD/tonne)	Potatoes	2017	USD	475.700000	A
PP	Argentina	Producer Price (USD/tonne)	Pumpkins, squash and gourds	2017	USD	372.400000	A
PP	Argentina	Producer Price (USD/tonne)	Raw milk of cattle	2017	USD	327.800000	A
PP	Argentina	Producer Price (USD/tonne)	Raw milk of cattle	2018	USD	254.100000	A
PP	Argentina	Producer Price (USD/tonne)	Raw milk of cattle	2019	USD	295.300000	A
PP	Argentina	Producer Price (USD/tonne)	Shorn wool, greasy, including fleece-washed shorn wool	2017	USD	5733.300000	A
PP	Argentina	Producer Price (USD/tonne)	Shorn wool, greasy, including fleece-washed shorn wool	2018	USD	5900.000000	A
PP	Argentina	Producer Price (USD/tonne)	Shorn wool, greasy, including fleece-washed shorn wool	2019	USD	5666.700000	A
PP	Argentina	Producer Price (USD/tonne)	Shorn wool, greasy, including fleece-washed shorn wool	2020	USD	2571.700000	A
PP	Argentina	Producer Price (USD/tonne)	Shorn wool, greasy, including fleece-washed shorn wool	2021	USD	4222.700000	A
PP	Argentina	Producer Price (USD/tonne)	Shorn wool, greasy, including fleece-washed shorn wool	2022	USD	4161.400000	A
PP	Argentina	Producer Price (USD/tonne)	Shorn wool, greasy, including fleece-washed shorn wool	2023	USD	4137.800000	A
PP	Argentina	Producer Price (USD/tonne)	Sweet potatoes	2017	USD	508.500000	A
PP	Argentina	Producer Price (USD/tonne)	Tea leaves	2017	USD	90.600000	A
PP	Argentina	Producer Price (USD/tonne)	Tea leaves	2018	USD	58.700000	A
PP	Argentina	Producer Price (USD/tonne)	Tomatoes	2017	USD	1003.700000	A
PP	Argentina	Producer Price (USD/tonne)	Unmanufactured tobacco	2017	USD	2413.300000	A
PP	Argentina	Producer Price (USD/tonne)	Unmanufactured tobacco	2018	USD	2078.700000	A
PP	Argentina	Producer Price (USD/tonne)	Watermelons	2017	USD	530.600000	A
PP	Australia	Producer Price (USD/tonne)	Almonds, in shell	2017	USD	5244.700000	A
PP	Australia	Producer Price (USD/tonne)	Almonds, in shell	2018	USD	4753.400000	A
PP	Australia	Producer Price (USD/tonne)	Almonds, in shell	2019	USD	5192.900000	A
PP	Australia	Producer Price (USD/tonne)	Almonds, in shell	2020	USD	4899.200000	A
PP	Australia	Producer Price (USD/tonne)	Almonds, in shell	2021	USD	3675.800000	A
PP	Australia	Producer Price (USD/tonne)	Almonds, in shell	2022	USD	4020.500000	A
PP	Australia	Producer Price (USD/tonne)	Almonds, in shell	2023	USD	3363.600000	A
PP	Australia	Producer Price (USD/tonne)	Almonds, in shell	2024	USD	3741.500000	A
PP	Australia	Producer Price (USD/tonne)	Anise, badian, coriander, cumin, caraway, fennel and juniper berries, raw	2023	USD	1910.500000	A
PP	Australia	Producer Price (USD/tonne)	Apples	2017	USD	1250.000000	A
PP	Australia	Producer Price (USD/tonne)	Apples	2018	USD	1366.500000	A
PP	Australia	Producer Price (USD/tonne)	Apples	2019	USD	1344.400000	A
PP	Australia	Producer Price (USD/tonne)	Apples	2020	USD	1420.000000	A
PP	Australia	Producer Price (USD/tonne)	Apples	2021	USD	1913.600000	A
PP	Australia	Producer Price (USD/tonne)	Apples	2022	USD	1490.500000	A
PP	Australia	Producer Price (USD/tonne)	Apples	2023	USD	1507.300000	A
PP	Australia	Producer Price (USD/tonne)	Apples	2024	USD	1528.200000	A
PP	Australia	Producer Price (USD/tonne)	Apricots	2017	USD	1002.500000	A
PP	Australia	Producer Price (USD/tonne)	Apricots	2018	USD	1210.400000	A
PP	Australia	Producer Price (USD/tonne)	Apricots	2019	USD	1507.100000	A
PP	Australia	Producer Price (USD/tonne)	Apricots	2023	USD	2529.600000	A
PP	Australia	Producer Price (USD/tonne)	Apricots	2024	USD	2349.100000	A
PP	Australia	Producer Price (USD/tonne)	Asparagus	2023	USD	7439.000000	A
PP	Australia	Producer Price (USD/tonne)	Asparagus	2024	USD	7584.500000	A
PP	Australia	Producer Price (USD/tonne)	Avocados	2017	USD	4059.000000	A
PP	Australia	Producer Price (USD/tonne)	Avocados	2018	USD	4762.400000	A
PP	Australia	Producer Price (USD/tonne)	Avocados	2019	USD	3039.300000	A
PP	Australia	Producer Price (USD/tonne)	Avocados	2020	USD	2916.500000	A
PP	Australia	Producer Price (USD/tonne)	Avocados	2021	USD	2936.200000	A
PP	Australia	Producer Price (USD/tonne)	Avocados	2023	USD	3228.400000	A
PP	Australia	Producer Price (USD/tonne)	Avocados	2024	USD	2575.600000	A
PP	Australia	Producer Price (USD/tonne)	Bananas	2017	USD	999.400000	A
PP	Australia	Producer Price (USD/tonne)	Bananas	2018	USD	974.300000	A
PP	Australia	Producer Price (USD/tonne)	Bananas	2019	USD	1100.400000	A
PP	Australia	Producer Price (USD/tonne)	Bananas	2020	USD	1195.800000	A
PP	Australia	Producer Price (USD/tonne)	Bananas	2021	USD	1427.300000	A
PP	Australia	Producer Price (USD/tonne)	Bananas	2022	USD	1324.300000	A
PP	Australia	Producer Price (USD/tonne)	Bananas cavendish	2021	USD	1427.000000	A
PP	Australia	Producer Price (USD/tonne)	Bananas cavendish	2022	USD	1324.000000	A
PP	Australia	Producer Price (USD/tonne)	Bananas cavendish	2023	USD	1036.000000	A
PP	Australia	Producer Price (USD/tonne)	Bananas cavendish	2024	USD	1249.000000	A
PP	Australia	Producer Price (USD/tonne)	Barley	2017	USD	151.000000	A
PP	Australia	Producer Price (USD/tonne)	Barley	2018	USD	183.800000	A
PP	Australia	Producer Price (USD/tonne)	Barley	2019	USD	237.700000	A
PP	Australia	Producer Price (USD/tonne)	Barley	2020	USD	204.300000	A
PP	Australia	Producer Price (USD/tonne)	Barley	2021	USD	191.200000	A
PP	Australia	Producer Price (USD/tonne)	Barley	2022	USD	210.200000	A
PP	Australia	Producer Price (USD/tonne)	Barley	2023	USD	184.500000	A
PP	Australia	Producer Price (USD/tonne)	Barley	2024	USD	190.700000	A
PP	Australia	Producer Price (USD/tonne)	Cabbages	2017	USD	666.800000	A
PP	Australia	Producer Price (USD/tonne)	Cabbages	2018	USD	567.100000	A
PP	Australia	Producer Price (USD/tonne)	Cabbages	2019	USD	556.800000	A
PP	Australia	Producer Price (USD/tonne)	Cabbages	2020	USD	600.800000	A
PP	Australia	Producer Price (USD/tonne)	Cabbages	2021	USD	596.100000	A
PP	Australia	Producer Price (USD/tonne)	Cabbages	2023	USD	631.100000	A
PP	Australia	Producer Price (USD/tonne)	Cabbages	2024	USD	579.600000	A
PP	Australia	Producer Price (USD/tonne)	Cantaloupes and other melons	2017	USD	642.300000	A
PP	Australia	Producer Price (USD/tonne)	Cantaloupes and other melons	2018	USD	561.100000	A
PP	Australia	Producer Price (USD/tonne)	Cantaloupes and other melons	2019	USD	584.600000	A
PP	Australia	Producer Price (USD/tonne)	Cantaloupes and other melons	2020	USD	594.400000	A
PP	Australia	Producer Price (USD/tonne)	Cantaloupes and other melons	2021	USD	639.200000	A
PP	Australia	Producer Price (USD/tonne)	Cantaloupes and other melons	2023	USD	990.500000	A
PP	Australia	Producer Price (USD/tonne)	Cantaloupes and other melons	2024	USD	1059.600000	A
PP	Australia	Producer Price (USD/tonne)	Carrots and turnips	2017	USD	620.800000	A
PP	Australia	Producer Price (USD/tonne)	Carrots and turnips	2018	USD	634.300000	A
PP	Australia	Producer Price (USD/tonne)	Carrots and turnips	2019	USD	624.300000	A
PP	Australia	Producer Price (USD/tonne)	Carrots and turnips	2020	USD	634.400000	A
PP	Australia	Producer Price (USD/tonne)	Carrots and turnips	2021	USD	691.900000	A
PP	Australia	Producer Price (USD/tonne)	Carrots and turnips	2023	USD	578.200000	A
PP	Australia	Producer Price (USD/tonne)	Carrots and turnips	2024	USD	529.300000	A
PP	Australia	Producer Price (USD/tonne)	Cauliflowers and broccoli	2017	USD	758.800000	A
PP	Australia	Producer Price (USD/tonne)	Cauliflowers and broccoli	2018	USD	704.600000	A
PP	Australia	Producer Price (USD/tonne)	Cauliflowers and broccoli	2019	USD	737.600000	A
PP	Australia	Producer Price (USD/tonne)	Cauliflowers and broccoli	2020	USD	824.000000	A
PP	Australia	Producer Price (USD/tonne)	Cauliflowers and broccoli	2021	USD	819.900000	A
PP	Australia	Producer Price (USD/tonne)	Cauliflowers and broccoli	2023	USD	576.800000	A
PP	Australia	Producer Price (USD/tonne)	Cauliflowers and broccoli	2024	USD	511.100000	A
PP	Australia	Producer Price (USD/tonne)	Cherries	2017	USD	9763.500000	A
PP	Australia	Producer Price (USD/tonne)	Cherries	2018	USD	8144.700000	A
PP	Australia	Producer Price (USD/tonne)	Cherries	2019	USD	7409.100000	A
PP	Australia	Producer Price (USD/tonne)	Cherries	2020	USD	9679.300000	A
PP	Australia	Producer Price (USD/tonne)	Cherries	2021	USD	9237.000000	A
PP	Australia	Producer Price (USD/tonne)	Cherries	2023	USD	11543.100000	A
PP	Australia	Producer Price (USD/tonne)	Cherries	2024	USD	10389.400000	A
PP	Australia	Producer Price (USD/tonne)	Chick peas, dry	2017	USD	426.900000	A
PP	Australia	Producer Price (USD/tonne)	Chick peas, dry	2018	USD	346.700000	A
PP	Australia	Producer Price (USD/tonne)	Chick peas, dry	2019	USD	362.900000	A
PP	Australia	Producer Price (USD/tonne)	Chick peas, dry	2020	USD	523.600000	A
PP	Australia	Producer Price (USD/tonne)	Chick peas, dry	2021	USD	445.400000	A
PP	Australia	Producer Price (USD/tonne)	Chick peas, dry	2023	USD	337.000000	A
PP	Australia	Producer Price (USD/tonne)	Chick peas, dry	2024	USD	484.000000	A
PP	Australia	Producer Price (USD/tonne)	Chillies and peppers, green (Capsicum spp. and Pimenta spp.)	2020	USD	1963.000000	A
PP	Australia	Producer Price (USD/tonne)	Chillies and peppers, green (Capsicum spp. and Pimenta spp.)	2021	USD	1934.600000	A
PP	Australia	Producer Price (USD/tonne)	Chillies and peppers, green (Capsicum spp. and Pimenta spp.)	2023	USD	2005.800000	A
PP	Australia	Producer Price (USD/tonne)	Chillies and peppers, green (Capsicum spp. and Pimenta spp.)	2024	USD	1961.600000	A
PP	Australia	Producer Price (USD/tonne)	Cotton lint, ginned	2017	USD	1863.900000	A
PP	Australia	Producer Price (USD/tonne)	Cotton lint, ginned	2018	USD	1975.500000	A
PP	Australia	Producer Price (USD/tonne)	Cotton lint, ginned	2019	USD	1896.400000	A
PP	Australia	Producer Price (USD/tonne)	Cotton lint, ginned	2020	USD	1512.500000	A
PP	Australia	Producer Price (USD/tonne)	Cotton lint, ginned	2021	USD	1944.700000	A
PP	Australia	Producer Price (USD/tonne)	Cotton lint, ginned	2022	USD	2284.100000	A
PP	Australia	Producer Price (USD/tonne)	Cucumbers and gherkins	2023	USD	1518.200000	A
PP	Australia	Producer Price (USD/tonne)	Cucumbers and gherkins	2024	USD	1197.300000	A
PP	Australia	Producer Price (USD/tonne)	Grapes	2017	USD	619.300000	A
PP	Australia	Producer Price (USD/tonne)	Grapes	2018	USD	627.600000	A
PP	Australia	Producer Price (USD/tonne)	Grapes	2019	USD	652.100000	A
PP	Australia	Producer Price (USD/tonne)	Grapes	2020	USD	704.500000	A
PP	Australia	Producer Price (USD/tonne)	Grapes	2021	USD	718.000000	A
PP	Australia	Producer Price (USD/tonne)	Grapes	2022	USD	481.200000	A
PP	Australia	Producer Price (USD/tonne)	Grapes	2023	USD	2619.700000	A
PP	Australia	Producer Price (USD/tonne)	Grapes	2024	USD	2657.600000	A
PP	Australia	Producer Price (USD/tonne)	Green corn (maize)	2017	USD	1150.400000	A
PP	Australia	Producer Price (USD/tonne)	Green corn (maize)	2018	USD	1002.700000	A
PP	Australia	Producer Price (USD/tonne)	Green corn (maize)	2019	USD	1001.000000	A
PP	Australia	Producer Price (USD/tonne)	Green corn (maize)	2020	USD	1375.700000	A
PP	Australia	Producer Price (USD/tonne)	Green corn (maize)	2021	USD	1316.900000	A
PP	Australia	Producer Price (USD/tonne)	Groundnuts, excluding shelled	2017	USD	959.600000	A
PP	Australia	Producer Price (USD/tonne)	Groundnuts, excluding shelled	2018	USD	993.000000	A
PP	Australia	Producer Price (USD/tonne)	Hen eggs in shell, fresh	2017	USD	2536.900000	A
PP	Australia	Producer Price (USD/tonne)	Hen eggs in shell, fresh	2018	USD	2390.100000	A
PP	Australia	Producer Price (USD/tonne)	Hen eggs in shell, fresh	2019	USD	2265.500000	A
PP	Australia	Producer Price (USD/tonne)	Hen eggs in shell, fresh	2020	USD	2559.300000	A
PP	Australia	Producer Price (USD/tonne)	Hen eggs in shell, fresh	2021	USD	2636.200000	A
PP	Australia	Producer Price (USD/tonne)	Hen eggs in shell, fresh	2022	USD	2494.100000	A
PP	Australia	Producer Price (USD/tonne)	Kiwi fruit	2023	USD	3583.800000	A
PP	Australia	Producer Price (USD/tonne)	Kiwi fruit	2024	USD	2817.200000	A
PP	Australia	Producer Price (USD/tonne)	Lemons and limes	2023	USD	1396.500000	A
PP	Australia	Producer Price (USD/tonne)	Lemons and limes	2024	USD	1425.400000	A
PP	Australia	Producer Price (USD/tonne)	Lentils, dry	2021	USD	531.500000	A
PP	Australia	Producer Price (USD/tonne)	Lentils, dry	2023	USD	490.400000	A
PP	Australia	Producer Price (USD/tonne)	Lentils, dry	2024	USD	557.800000	A
PP	Australia	Producer Price (USD/tonne)	Lettuce and chicory	2017	USD	1227.800000	A
PP	Australia	Producer Price (USD/tonne)	Lettuce and chicory	2018	USD	1016.100000	A
PP	Australia	Producer Price (USD/tonne)	Lettuce and chicory	2019	USD	1044.800000	A
PP	Australia	Producer Price (USD/tonne)	Lettuce and chicory	2020	USD	1256.200000	A
PP	Australia	Producer Price (USD/tonne)	Lettuce and chicory	2021	USD	1127.300000	A
PP	Australia	Producer Price (USD/tonne)	Lettuce and chicory	2023	USD	1114.000000	A
PP	Australia	Producer Price (USD/tonne)	Lettuce and chicory	2024	USD	990.600000	A
PP	Australia	Producer Price (USD/tonne)	Lupins	2021	USD	302.100000	A
PP	Australia	Producer Price (USD/tonne)	Lupins	2023	USD	187.800000	A
PP	Australia	Producer Price (USD/tonne)	Lupins	2024	USD	243.400000	A
PP	Australia	Producer Price (USD/tonne)	Maize (corn)	2017	USD	245.300000	A
PP	Australia	Producer Price (USD/tonne)	Maize (corn)	2018	USD	251.800000	A
PP	Australia	Producer Price (USD/tonne)	Maize (corn)	2019	USD	303.100000	A
PP	Australia	Producer Price (USD/tonne)	Maize (corn)	2020	USD	329.800000	A
PP	Australia	Producer Price (USD/tonne)	Maize (corn)	2021	USD	278.900000	A
PP	Australia	Producer Price (USD/tonne)	Maize (corn)	2023	USD	276.500000	A
PP	Australia	Producer Price (USD/tonne)	Maize (corn)	2024	USD	249.000000	A
PP	Australia	Producer Price (USD/tonne)	Mangoes, guavas and mangosteens	2017	USD	2343.700000	A
PP	Australia	Producer Price (USD/tonne)	Mangoes, guavas and mangosteens	2018	USD	1964.300000	A
PP	Australia	Producer Price (USD/tonne)	Mangoes, guavas and mangosteens	2019	USD	1800.500000	A
PP	Australia	Producer Price (USD/tonne)	Mangoes, guavas and mangosteens	2020	USD	1885.700000	A
PP	Australia	Producer Price (USD/tonne)	Mangoes, guavas and mangosteens	2021	USD	2471.300000	A
PP	Australia	Producer Price (USD/tonne)	Mangoes, guavas and mangosteens	2023	USD	1844.100000	A
PP	Australia	Producer Price (USD/tonne)	Mangoes, guavas and mangosteens	2024	USD	2284.400000	A
PP	Australia	Producer Price (USD/tonne)	Meat of cattle with the bone, fresh or chilled	2020	USD	4228.100000	A
PP	Australia	Producer Price (USD/tonne)	Meat of cattle with the bone, fresh or chilled	2021	USD	5233.900000	A
PP	Australia	Producer Price (USD/tonne)	Meat of cattle with the bone, fresh or chilled	2022	USD	5348.900000	A
PP	Australia	Producer Price (USD/tonne)	Meat of cattle with the bone, fresh or chilled	2023	USD	4013.400000	A
PP	Australia	Producer Price (USD/tonne)	Meat of cattle with the bone, fresh or chilled	2024	USD	3521.900000	A
PP	Australia	Producer Price (USD/tonne)	Meat of chickens, fresh or chilled	2020	USD	1560.500000	A
PP	Australia	Producer Price (USD/tonne)	Meat of chickens, fresh or chilled	2021	USD	1701.200000	A
PP	Australia	Producer Price (USD/tonne)	Meat of chickens, fresh or chilled	2022	USD	1615.900000	A
PP	Australia	Producer Price (USD/tonne)	Meat of chickens, fresh or chilled	2023	USD	1682.100000	A
PP	Australia	Producer Price (USD/tonne)	Meat of chickens, fresh or chilled	2024	USD	1829.300000	A
PP	Australia	Producer Price (USD/tonne)	Meat of pig with the bone, fresh or chilled	2020	USD	2596.000000	A
PP	Australia	Producer Price (USD/tonne)	Meat of pig with the bone, fresh or chilled	2021	USD	2705.100000	A
PP	Australia	Producer Price (USD/tonne)	Meat of pig with the bone, fresh or chilled	2022	USD	2475.200000	A
PP	Australia	Producer Price (USD/tonne)	Meat of pig with the bone, fresh or chilled	2023	USD	2173.800000	A
PP	Australia	Producer Price (USD/tonne)	Meat of pig with the bone, fresh or chilled	2024	USD	2358.700000	A
PP	Australia	Producer Price (USD/tonne)	Meat of sheep, fresh or chilled	2020	USD	4826.000000	A
PP	Australia	Producer Price (USD/tonne)	Meat of sheep, fresh or chilled	2021	USD	4955.300000	A
PP	Australia	Producer Price (USD/tonne)	Meat of sheep, fresh or chilled	2022	USD	5253.400000	A
PP	Australia	Producer Price (USD/tonne)	Meat of sheep, fresh or chilled	2023	USD	3077.700000	A
PP	Australia	Producer Price (USD/tonne)	Meat of sheep, fresh or chilled	2024	USD	2682.700000	A
PP	Australia	Producer Price (USD/tonne)	Mushrooms and truffles	2017	USD	5473.800000	A
PP	Australia	Producer Price (USD/tonne)	Mushrooms and truffles	2018	USD	5520.000000	A
PP	Australia	Producer Price (USD/tonne)	Mushrooms and truffles	2019	USD	5163.000000	A
PP	Australia	Producer Price (USD/tonne)	Mushrooms and truffles	2020	USD	4813.700000	A
PP	Australia	Producer Price (USD/tonne)	Mushrooms and truffles	2021	USD	5749.800000	A
PP	Australia	Producer Price (USD/tonne)	Mushrooms and truffles	2023	USD	4394.800000	A
PP	Australia	Producer Price (USD/tonne)	Mushrooms and truffles	2024	USD	4436.400000	A
PP	Australia	Producer Price (USD/tonne)	Oats	2017	USD	185.500000	A
PP	Australia	Producer Price (USD/tonne)	Oats	2018	USD	165.900000	A
PP	Australia	Producer Price (USD/tonne)	Oats	2019	USD	255.100000	A
PP	Australia	Producer Price (USD/tonne)	Oats	2020	USD	255.800000	A
PP	Australia	Producer Price (USD/tonne)	Oats	2021	USD	214.300000	A
PP	Australia	Producer Price (USD/tonne)	Oats	2022	USD	207.500000	A
PP	Australia	Producer Price (USD/tonne)	Oats	2023	USD	174.000000	A
PP	Australia	Producer Price (USD/tonne)	Oats	2024	USD	239.700000	A
PP	Australia	Producer Price (USD/tonne)	Olives	2018	USD	772.600000	A
PP	Australia	Producer Price (USD/tonne)	Olives	2019	USD	919.700000	A
PP	Australia	Producer Price (USD/tonne)	Olives	2020	USD	877.400000	A
PP	Australia	Producer Price (USD/tonne)	Olives	2021	USD	779.800000	A
PP	Australia	Producer Price (USD/tonne)	Olives	2023	USD	824.100000	A
PP	Australia	Producer Price (USD/tonne)	Olives	2024	USD	817.900000	A
PP	Australia	Producer Price (USD/tonne)	Onions and shallots, dry (excluding dehydrated)	2017	USD	745.000000	A
PP	Australia	Producer Price (USD/tonne)	Onions and shallots, dry (excluding dehydrated)	2018	USD	587.300000	A
PP	Australia	Producer Price (USD/tonne)	Onions and shallots, dry (excluding dehydrated)	2019	USD	584.600000	A
PP	Australia	Producer Price (USD/tonne)	Onions and shallots, dry (excluding dehydrated)	2020	USD	432.200000	A
PP	Australia	Producer Price (USD/tonne)	Onions and shallots, dry (excluding dehydrated)	2021	USD	395.700000	A
PP	Australia	Producer Price (USD/tonne)	Onions and shallots, dry (excluding dehydrated)	2023	USD	866.300000	A
PP	Australia	Producer Price (USD/tonne)	Onions and shallots, dry (excluding dehydrated)	2024	USD	704.700000	A
PP	Australia	Producer Price (USD/tonne)	Oranges	2017	USD	996.400000	A
PP	Australia	Producer Price (USD/tonne)	Oranges	2018	USD	939.900000	A
PP	Australia	Producer Price (USD/tonne)	Oranges	2019	USD	932.900000	A
PP	Australia	Producer Price (USD/tonne)	Oranges	2020	USD	929.800000	A
PP	Australia	Producer Price (USD/tonne)	Oranges	2021	USD	1109.600000	A
PP	Australia	Producer Price (USD/tonne)	Oranges	2022	USD	1035.500000	A
PP	Australia	Producer Price (USD/tonne)	Oranges	2023	USD	545.100000	A
PP	Australia	Producer Price (USD/tonne)	Oranges	2024	USD	567.000000	A
PP	Australia	Producer Price (USD/tonne)	Other beans, green	2017	USD	3514.100000	A
PP	Australia	Producer Price (USD/tonne)	Other beans, green	2018	USD	3150.700000	A
PP	Australia	Producer Price (USD/tonne)	Other beans, green	2019	USD	2962.100000	A
PP	Australia	Producer Price (USD/tonne)	Other beans, green	2020	USD	3130.400000	A
PP	Australia	Producer Price (USD/tonne)	Other beans, green	2021	USD	3010.000000	A
PP	Australia	Producer Price (USD/tonne)	Other beans, green	2023	USD	2607.900000	A
PP	Australia	Producer Price (USD/tonne)	Other beans, green	2024	USD	2365.000000	A
PP	Australia	Producer Price (USD/tonne)	Other berries and fruits of the genus vaccinium n.e.c.	2020	USD	7816.800000	A
PP	Australia	Producer Price (USD/tonne)	Other nuts (excluding wild edible nuts and groundnuts), in shell, n.e.c.	2017	USD	4075.100000	A
PP	Australia	Producer Price (USD/tonne)	Other nuts (excluding wild edible nuts and groundnuts), in shell, n.e.c.	2018	USD	4183.300000	A
PP	Australia	Producer Price (USD/tonne)	Other nuts (excluding wild edible nuts and groundnuts), in shell, n.e.c.	2019	USD	4098.700000	A
PP	Australia	Producer Price (USD/tonne)	Other nuts (excluding wild edible nuts and groundnuts), in shell, n.e.c.	2020	USD	4248.100000	A
PP	Australia	Producer Price (USD/tonne)	Other nuts (excluding wild edible nuts and groundnuts), in shell, n.e.c.	2021	USD	4419.300000	A
PP	Australia	Producer Price (USD/tonne)	Other nuts (excluding wild edible nuts and groundnuts), in shell, n.e.c.	2023	USD	1646.400000	A
PP	Australia	Producer Price (USD/tonne)	Other nuts (excluding wild edible nuts and groundnuts), in shell, n.e.c.	2024	USD	2560.200000	A
PP	Australia	Producer Price (USD/tonne)	Papayas	2023	USD	1190.700000	A
PP	Australia	Producer Price (USD/tonne)	Papayas	2024	USD	1298.900000	A
PP	Australia	Producer Price (USD/tonne)	Peaches and nectarines	2017	USD	1600.300000	A
PP	Australia	Producer Price (USD/tonne)	Peaches and nectarines	2018	USD	1692.300000	A
PP	Australia	Producer Price (USD/tonne)	Peaches and nectarines	2019	USD	1640.600000	A
PP	Australia	Producer Price (USD/tonne)	Peaches and nectarines	2020	USD	1665.400000	A
PP	Australia	Producer Price (USD/tonne)	Peaches and nectarines	2021	USD	1756.800000	A
PP	Australia	Producer Price (USD/tonne)	Peaches and nectarines	2023	USD	2401.000000	A
PP	Australia	Producer Price (USD/tonne)	Peaches and nectarines	2024	USD	2641.900000	A
PP	Australia	Producer Price (USD/tonne)	Pears	2017	USD	955.700000	A
PP	Australia	Producer Price (USD/tonne)	Pears	2018	USD	658.200000	A
PP	Australia	Producer Price (USD/tonne)	Pears	2019	USD	675.700000	A
PP	Australia	Producer Price (USD/tonne)	Pears	2020	USD	559.200000	A
PP	Australia	Producer Price (USD/tonne)	Pears	2021	USD	805.200000	A
PP	Australia	Producer Price (USD/tonne)	Pears	2023	USD	906.200000	A
PP	Australia	Producer Price (USD/tonne)	Pears	2024	USD	977.900000	A
PP	Australia	Producer Price (USD/tonne)	Peas, green	2017	USD	859.200000	A
PP	Australia	Producer Price (USD/tonne)	Peas, green	2018	USD	762.100000	A
PP	Australia	Producer Price (USD/tonne)	Peas, green	2019	USD	1062.900000	A
PP	Australia	Producer Price (USD/tonne)	Peas, green	2023	USD	1694.300000	A
PP	Australia	Producer Price (USD/tonne)	Peas, green	2024	USD	1426.200000	A
PP	Australia	Producer Price (USD/tonne)	Persimmons	2023	USD	3279.900000	A
PP	Australia	Producer Price (USD/tonne)	Persimmons	2024	USD	3366.500000	A
PP	Australia	Producer Price (USD/tonne)	Pineapples	2017	USD	554.100000	A
PP	Australia	Producer Price (USD/tonne)	Pineapples	2018	USD	547.700000	A
PP	Australia	Producer Price (USD/tonne)	Pineapples	2019	USD	507.500000	A
PP	Australia	Producer Price (USD/tonne)	Pineapples	2020	USD	607.900000	A
PP	Australia	Producer Price (USD/tonne)	Pineapples	2021	USD	575.900000	A
PP	Australia	Producer Price (USD/tonne)	Pineapples	2023	USD	699.600000	A
PP	Australia	Producer Price (USD/tonne)	Pineapples	2024	USD	732.500000	A
PP	Australia	Producer Price (USD/tonne)	Pistachios, in shell	2023	USD	7545.300000	A
PP	Australia	Producer Price (USD/tonne)	Pistachios, in shell	2024	USD	7147.800000	A
PP	Australia	Producer Price (USD/tonne)	Plums and sloes	2023	USD	1848.500000	A
PP	Australia	Producer Price (USD/tonne)	Plums and sloes	2024	USD	1688.500000	A
PP	Australia	Producer Price (USD/tonne)	Pomelos and grapefruits	2023	USD	1177.200000	A
PP	Australia	Producer Price (USD/tonne)	Pomelos and grapefruits	2024	USD	986.600000	A
PP	Australia	Producer Price (USD/tonne)	Potatoes	2017	USD	382.400000	A
PP	Australia	Producer Price (USD/tonne)	Potatoes	2018	USD	381.000000	A
PP	Australia	Producer Price (USD/tonne)	Potatoes	2019	USD	407.400000	A
PP	Australia	Producer Price (USD/tonne)	Potatoes	2020	USD	416.600000	A
PP	Australia	Producer Price (USD/tonne)	Potatoes	2021	USD	464.800000	A
PP	Australia	Producer Price (USD/tonne)	Potatoes	2022	USD	437.400000	A
PP	Australia	Producer Price (USD/tonne)	Potatoes	2023	USD	469.300000	A
PP	Australia	Producer Price (USD/tonne)	Potatoes	2024	USD	476.100000	A
PP	Australia	Producer Price (USD/tonne)	Pumpkins, squash and gourds	2017	USD	590.900000	A
PP	Australia	Producer Price (USD/tonne)	Pumpkins, squash and gourds	2018	USD	561.900000	A
PP	Australia	Producer Price (USD/tonne)	Pumpkins, squash and gourds	2019	USD	585.300000	A
PP	Australia	Producer Price (USD/tonne)	Pumpkins, squash and gourds	2020	USD	653.400000	A
PP	Australia	Producer Price (USD/tonne)	Pumpkins, squash and gourds	2021	USD	562.900000	A
PP	Australia	Producer Price (USD/tonne)	Pumpkins, squash and gourds	2023	USD	528.600000	A
PP	Australia	Producer Price (USD/tonne)	Pumpkins, squash and gourds	2024	USD	556.400000	A
PP	Australia	Producer Price (USD/tonne)	Rape or colza seed	2017	USD	428.400000	A
PP	Australia	Producer Price (USD/tonne)	Rape or colza seed	2018	USD	402.700000	A
PP	Australia	Producer Price (USD/tonne)	Rape or colza seed	2019	USD	399.000000	A
PP	Australia	Producer Price (USD/tonne)	Rape or colza seed	2020	USD	410.500000	A
PP	Australia	Producer Price (USD/tonne)	Rape or colza seed	2021	USD	462.700000	A
PP	Australia	Producer Price (USD/tonne)	Rape or colza seed	2022	USD	610.400000	A
PP	Australia	Producer Price (USD/tonne)	Rape or colza seed	2023	USD	491.600000	A
PP	Australia	Producer Price (USD/tonne)	Rape or colza seed	2024	USD	394.200000	A
PP	Australia	Producer Price (USD/tonne)	Raspberries	2023	USD	13637.400000	A
PP	Australia	Producer Price (USD/tonne)	Raspberries	2024	USD	14311.400000	A
PP	Australia	Producer Price (USD/tonne)	Rice	2017	USD	239.900000	A
PP	Australia	Producer Price (USD/tonne)	Rice	2018	USD	289.100000	A
PP	Australia	Producer Price (USD/tonne)	Rice	2019	USD	356.600000	A
PP	Australia	Producer Price (USD/tonne)	Rice	2020	USD	529.400000	A
PP	Australia	Producer Price (USD/tonne)	Rice	2021	USD	309.700000	A
PP	Australia	Producer Price (USD/tonne)	Rice	2022	USD	275.900000	A
PP	Australia	Producer Price (USD/tonne)	Rice	2024	USD	257.800000	A
PP	Australia	Producer Price (USD/tonne)	Sorghum	2017	USD	182.400000	A
PP	Australia	Producer Price (USD/tonne)	Sorghum	2018	USD	232.400000	A
PP	Australia	Producer Price (USD/tonne)	Sorghum	2019	USD	240.500000	A
PP	Australia	Producer Price (USD/tonne)	Sorghum	2020	USD	265.000000	A
PP	Australia	Producer Price (USD/tonne)	Sorghum	2021	USD	247.400000	A
PP	Australia	Producer Price (USD/tonne)	Sorghum	2022	USD	265.900000	A
PP	Australia	Producer Price (USD/tonne)	Sorghum	2023	USD	244.100000	A
PP	Australia	Producer Price (USD/tonne)	Sorghum	2024	USD	206.700000	A
PP	Australia	Producer Price (USD/tonne)	Spinach	2023	USD	2538.400000	A
PP	Australia	Producer Price (USD/tonne)	Spinach	2024	USD	2225.500000	A
PP	Australia	Producer Price (USD/tonne)	Strawberries	2017	USD	4869.900000	A
PP	Australia	Producer Price (USD/tonne)	Strawberries	2018	USD	4538.200000	A
PP	Australia	Producer Price (USD/tonne)	Strawberries	2019	USD	3820.600000	A
PP	Australia	Producer Price (USD/tonne)	Strawberries	2020	USD	4514.800000	A
PP	Australia	Producer Price (USD/tonne)	Strawberries	2021	USD	5133.300000	A
PP	Australia	Producer Price (USD/tonne)	Strawberries	2023	USD	4331.900000	A
PP	Australia	Producer Price (USD/tonne)	Strawberries	2024	USD	4147.900000	A
PP	Australia	Producer Price (USD/tonne)	Sugar cane	2017	USD	33.700000	A
PP	Australia	Producer Price (USD/tonne)	Sugar cane	2018	USD	29.900000	A
PP	Australia	Producer Price (USD/tonne)	Sugar cane	2019	USD	27.100000	A
PP	Australia	Producer Price (USD/tonne)	Sugar cane	2020	USD	28.500000	A
PP	Australia	Producer Price (USD/tonne)	Sugar cane	2021	USD	31.000000	A
PP	Australia	Producer Price (USD/tonne)	Sugar cane	2022	USD	33.300000	A
PP	Australia	Producer Price (USD/tonne)	Sugar cane	2023	USD	30.800000	A
PP	Australia	Producer Price (USD/tonne)	Sugar cane	2024	USD	48.700000	A
PP	Australia	Producer Price (USD/tonne)	Sweet potatoes	2023	USD	502.700000	A
PP	Australia	Producer Price (USD/tonne)	Sweet potatoes	2024	USD	514.900000	A
PP	Australia	Producer Price (USD/tonne)	Tangerines, mandarins, clementines	2017	USD	1348.900000	A
PP	Australia	Producer Price (USD/tonne)	Tangerines, mandarins, clementines	2018	USD	1604.900000	A
PP	Australia	Producer Price (USD/tonne)	Tangerines, mandarins, clementines	2019	USD	1534.900000	A
PP	Australia	Producer Price (USD/tonne)	Tangerines, mandarins, clementines	2020	USD	1473.200000	A
PP	Australia	Producer Price (USD/tonne)	Tangerines, mandarins, clementines	2021	USD	1676.400000	A
PP	Australia	Producer Price (USD/tonne)	Tangerines, mandarins, clementines	2023	USD	1233.200000	A
PP	Australia	Producer Price (USD/tonne)	Tangerines, mandarins, clementines	2024	USD	1261.500000	A
PP	Australia	Producer Price (USD/tonne)	Tomatoes	2017	USD	975.700000	A
PP	Australia	Producer Price (USD/tonne)	Tomatoes	2018	USD	1075.200000	A
PP	Australia	Producer Price (USD/tonne)	Tomatoes	2019	USD	1010.100000	A
PP	Australia	Producer Price (USD/tonne)	Tomatoes	2020	USD	1110.100000	A
PP	Australia	Producer Price (USD/tonne)	Tomatoes	2021	USD	1132.400000	A
PP	Australia	Producer Price (USD/tonne)	Tomatoes	2023	USD	1178.300000	A
PP	Australia	Producer Price (USD/tonne)	Tomatoes	2024	USD	904.700000	A
PP	Australia	Producer Price (USD/tonne)	Triticale	2017	USD	136.400000	A
PP	Australia	Producer Price (USD/tonne)	Triticale	2018	USD	175.600000	A
PP	Australia	Producer Price (USD/tonne)	Triticale	2019	USD	246.800000	A
PP	Australia	Producer Price (USD/tonne)	Walnuts, in shell	2023	USD	1685.800000	A
PP	Australia	Producer Price (USD/tonne)	Walnuts, in shell	2024	USD	2249.200000	A
PP	Australia	Producer Price (USD/tonne)	Watermelons	2023	USD	634.600000	A
PP	Australia	Producer Price (USD/tonne)	Watermelons	2024	USD	608.900000	A
PP	Australia	Producer Price (USD/tonne)	Wheat	2017	USD	177.000000	A
PP	Australia	Producer Price (USD/tonne)	Wheat	2018	USD	203.200000	A
PP	Australia	Producer Price (USD/tonne)	Wheat	2019	USD	244.700000	A
PP	Australia	Producer Price (USD/tonne)	Wheat	2020	USD	235.200000	A
PP	Australia	Producer Price (USD/tonne)	Wheat	2021	USD	231.800000	A
PP	Australia	Producer Price (USD/tonne)	Wheat	2022	USD	251.600000	A
PP	Australia	Producer Price (USD/tonne)	Wheat	2023	USD	218.200000	A
PP	Australia	Producer Price (USD/tonne)	Wheat	2024	USD	207.900000	A
PP	Bangladesh	Producer Price (USD/tonne)	Areca nuts	2017	USD	2905.000000	A
PP	Bangladesh	Producer Price (USD/tonne)	Areca nuts	2018	USD	3194.600000	A
PP	Bangladesh	Producer Price (USD/tonne)	Areca nuts	2019	USD	3221.800000	A
PP	Bangladesh	Producer Price (USD/tonne)	Areca nuts	2020	USD	3205.700000	A
PP	Bangladesh	Producer Price (USD/tonne)	Areca nuts	2021	USD	3318.100000	A
PP	Bangladesh	Producer Price (USD/tonne)	Cabbages	2018	USD	140.900000	A
PP	Bangladesh	Producer Price (USD/tonne)	Cabbages	2019	USD	308.000000	A
PP	Bangladesh	Producer Price (USD/tonne)	Chick peas, dry	2017	USD	885.900000	A
PP	Bangladesh	Producer Price (USD/tonne)	Chick peas, dry	2018	USD	825.400000	A
PP	Bangladesh	Producer Price (USD/tonne)	Chick peas, dry	2019	USD	698.700000	A
PP	Bangladesh	Producer Price (USD/tonne)	Chick peas, dry	2020	USD	743.700000	A
PP	Bangladesh	Producer Price (USD/tonne)	Chick peas, dry	2021	USD	743.400000	A
PP	Bangladesh	Producer Price (USD/tonne)	Chillies and peppers, green (Capsicum spp. and Pimenta spp.)	2017	USD	489.000000	A
PP	Bangladesh	Producer Price (USD/tonne)	Chillies and peppers, green (Capsicum spp. and Pimenta spp.)	2018	USD	663.600000	A
PP	Bangladesh	Producer Price (USD/tonne)	Chillies and peppers, green (Capsicum spp. and Pimenta spp.)	2019	USD	462.600000	A
PP	Bangladesh	Producer Price (USD/tonne)	Chillies and peppers, green (Capsicum spp. and Pimenta spp.)	2020	USD	485.700000	A
PP	Bangladesh	Producer Price (USD/tonne)	Chillies and peppers, green (Capsicum spp. and Pimenta spp.)	2021	USD	905.700000	A
PP	Bangladesh	Producer Price (USD/tonne)	Cucumbers and gherkins	2017	USD	252.400000	A
PP	Bangladesh	Producer Price (USD/tonne)	Cucumbers and gherkins	2018	USD	231.600000	A
PP	Bangladesh	Producer Price (USD/tonne)	Cucumbers and gherkins	2019	USD	231.500000	A
PP	Bangladesh	Producer Price (USD/tonne)	Cucumbers and gherkins	2020	USD	294.000000	A
PP	Bangladesh	Producer Price (USD/tonne)	Cucumbers and gherkins	2021	USD	304.100000	A
PP	Bangladesh	Producer Price (USD/tonne)	Ginger, raw	2017	USD	781.400000	A
PP	Bangladesh	Producer Price (USD/tonne)	Ginger, raw	2018	USD	842.100000	A
PP	Bangladesh	Producer Price (USD/tonne)	Ginger, raw	2019	USD	1104.600000	A
PP	Bangladesh	Producer Price (USD/tonne)	Ginger, raw	2020	USD	1532.100000	A
PP	Bangladesh	Producer Price (USD/tonne)	Ginger, raw	2021	USD	1058.600000	A
PP	Bangladesh	Producer Price (USD/tonne)	Green garlic	2017	USD	1400.600000	A
PP	Bangladesh	Producer Price (USD/tonne)	Green garlic	2018	USD	644.300000	A
PP	Bangladesh	Producer Price (USD/tonne)	Green garlic	2019	USD	477.400000	A
PP	Bangladesh	Producer Price (USD/tonne)	Green garlic	2020	USD	1318.300000	A
PP	Bangladesh	Producer Price (USD/tonne)	Green garlic	2021	USD	822.700000	A
PP	Bangladesh	Producer Price (USD/tonne)	Groundnuts, excluding shelled	2017	USD	819.900000	A
PP	Bangladesh	Producer Price (USD/tonne)	Groundnuts, excluding shelled	2018	USD	571.000000	A
PP	Bangladesh	Producer Price (USD/tonne)	Groundnuts, excluding shelled	2019	USD	777.800000	A
PP	Bangladesh	Producer Price (USD/tonne)	Groundnuts, excluding shelled	2020	USD	991.500000	A
PP	Bangladesh	Producer Price (USD/tonne)	Groundnuts, excluding shelled	2021	USD	916.300000	A
PP	Bangladesh	Producer Price (USD/tonne)	Lentils, dry	2017	USD	884.500000	A
PP	Bangladesh	Producer Price (USD/tonne)	Lentils, dry	2018	USD	631.000000	A
PP	Bangladesh	Producer Price (USD/tonne)	Lentils, dry	2019	USD	656.100000	A
PP	Bangladesh	Producer Price (USD/tonne)	Lentils, dry	2020	USD	818.400000	A
PP	Bangladesh	Producer Price (USD/tonne)	Lentils, dry	2021	USD	845.900000	A
PP	Bangladesh	Producer Price (USD/tonne)	Linseed	2017	USD	699.100000	A
PP	Bangladesh	Producer Price (USD/tonne)	Linseed	2018	USD	631.000000	A
PP	Bangladesh	Producer Price (USD/tonne)	Linseed	2019	USD	561.000000	A
PP	Bangladesh	Producer Price (USD/tonne)	Linseed	2020	USD	575.000000	A
PP	Bangladesh	Producer Price (USD/tonne)	Linseed	2021	USD	671.800000	A
PP	Bangladesh	Producer Price (USD/tonne)	Maize (corn)	2017	USD	206.000000	A
PP	Bangladesh	Producer Price (USD/tonne)	Maize (corn)	2018	USD	196.200000	A
PP	Bangladesh	Producer Price (USD/tonne)	Maize (corn)	2019	USD	199.800000	A
PP	Bangladesh	Producer Price (USD/tonne)	Maize (corn)	2020	USD	215.100000	A
PP	Bangladesh	Producer Price (USD/tonne)	Maize (corn)	2021	USD	219.200000	A
PP	Bangladesh	Producer Price (USD/tonne)	Mangoes, guavas and mangosteens	2017	USD	355.700000	A
PP	Bangladesh	Producer Price (USD/tonne)	Mangoes, guavas and mangosteens	2018	USD	383.300000	A
PP	Bangladesh	Producer Price (USD/tonne)	Mangoes, guavas and mangosteens	2019	USD	338.500000	A
PP	Bangladesh	Producer Price (USD/tonne)	Mangoes, guavas and mangosteens	2020	USD	324.400000	A
PP	Bangladesh	Producer Price (USD/tonne)	Mangoes, guavas and mangosteens	2021	USD	421.200000	A
PP	Bangladesh	Producer Price (USD/tonne)	Onions and shallots, dry (excluding dehydrated)	2017	USD	269.200000	A
PP	Bangladesh	Producer Price (USD/tonne)	Onions and shallots, dry (excluding dehydrated)	2018	USD	485.500000	A
PP	Bangladesh	Producer Price (USD/tonne)	Onions and shallots, dry (excluding dehydrated)	2019	USD	301.000000	A
PP	Bangladesh	Producer Price (USD/tonne)	Onions and shallots, dry (excluding dehydrated)	2020	USD	778.800000	A
PP	Bangladesh	Producer Price (USD/tonne)	Onions and shallots, dry (excluding dehydrated)	2021	USD	484.000000	A
PP	Bangladesh	Producer Price (USD/tonne)	Oranges	2017	USD	130.400000	A
PP	Bangladesh	Producer Price (USD/tonne)	Oranges	2018	USD	123.900000	A
PP	Bangladesh	Producer Price (USD/tonne)	Oranges	2019	USD	141.700000	A
PP	Bangladesh	Producer Price (USD/tonne)	Oranges	2020	USD	135.500000	A
PP	Bangladesh	Producer Price (USD/tonne)	Other beans, green	2017	USD	369.100000	A
PP	Bangladesh	Producer Price (USD/tonne)	Other beans, green	2018	USD	359.100000	A
PP	Bangladesh	Producer Price (USD/tonne)	Other beans, green	2019	USD	259.600000	A
PP	Bangladesh	Producer Price (USD/tonne)	Other beans, green	2020	USD	382.200000	A
PP	Bangladesh	Producer Price (USD/tonne)	Other beans, green	2021	USD	317.000000	A
PP	Bangladesh	Producer Price (USD/tonne)	Papayas	2017	USD	366.600000	A
PP	Bangladesh	Producer Price (USD/tonne)	Papayas	2018	USD	421.500000	A
PP	Bangladesh	Producer Price (USD/tonne)	Papayas	2019	USD	410.500000	A
PP	Bangladesh	Producer Price (USD/tonne)	Papayas	2020	USD	521.100000	A
PP	Bangladesh	Producer Price (USD/tonne)	Papayas	2021	USD	563.400000	A
PP	Bangladesh	Producer Price (USD/tonne)	Potatoes	2017	USD	173.400000	A
PP	Bangladesh	Producer Price (USD/tonne)	Potatoes	2018	USD	151.700000	A
PP	Bangladesh	Producer Price (USD/tonne)	Potatoes	2019	USD	174.800000	A
PP	Bangladesh	Producer Price (USD/tonne)	Potatoes	2020	USD	199.400000	A
PP	Bangladesh	Producer Price (USD/tonne)	Potatoes	2021	USD	256.900000	A
PP	Bangladesh	Producer Price (USD/tonne)	Rape or colza seed	2017	USD	561.200000	A
PP	Bangladesh	Producer Price (USD/tonne)	Rape or colza seed	2018	USD	576.800000	A
PP	Bangladesh	Producer Price (USD/tonne)	Rape or colza seed	2019	USD	578.300000	A
PP	Bangladesh	Producer Price (USD/tonne)	Rape or colza seed	2020	USD	566.700000	A
PP	Bangladesh	Producer Price (USD/tonne)	Rape or colza seed	2021	USD	661.100000	A
PP	Bangladesh	Producer Price (USD/tonne)	Rice	2017	USD	257.400000	A
PP	Bangladesh	Producer Price (USD/tonne)	Rice	2018	USD	280.700000	A
PP	Bangladesh	Producer Price (USD/tonne)	Rice	2019	USD	211.800000	A
PP	Bangladesh	Producer Price (USD/tonne)	Rice	2020	USD	215.500000	A
PP	Bangladesh	Producer Price (USD/tonne)	Rice	2021	USD	288.800000	A
PP	Bangladesh	Producer Price (USD/tonne)	Sesame seed	2017	USD	433.400000	A
PP	Bangladesh	Producer Price (USD/tonne)	Sesame seed	2018	USD	497.400000	A
PP	Bangladesh	Producer Price (USD/tonne)	Sesame seed	2019	USD	573.100000	A
PP	Bangladesh	Producer Price (USD/tonne)	Sesame seed	2020	USD	700.100000	A
PP	Bangladesh	Producer Price (USD/tonne)	Sesame seed	2021	USD	651.100000	A
PP	Bangladesh	Producer Price (USD/tonne)	Soya beans	2017	USD	470.900000	A
PP	Bangladesh	Producer Price (USD/tonne)	Soya beans	2018	USD	515.200000	A
PP	Bangladesh	Producer Price (USD/tonne)	Soya beans	2019	USD	381.500000	A
PP	Bangladesh	Producer Price (USD/tonne)	Soya beans	2020	USD	361.400000	A
PP	Bangladesh	Producer Price (USD/tonne)	Soya beans	2021	USD	730.200000	A
PP	Bangladesh	Producer Price (USD/tonne)	Spinach	2017	USD	172.800000	A
PP	Bangladesh	Producer Price (USD/tonne)	Spinach	2018	USD	166.300000	A
PP	Bangladesh	Producer Price (USD/tonne)	Spinach	2019	USD	157.200000	A
PP	Bangladesh	Producer Price (USD/tonne)	Spinach	2020	USD	165.100000	A
PP	Bangladesh	Producer Price (USD/tonne)	Spinach	2021	USD	179.700000	A
PP	Bangladesh	Producer Price (USD/tonne)	Sweet potatoes	2017	USD	165.800000	A
PP	Bangladesh	Producer Price (USD/tonne)	Sweet potatoes	2018	USD	188.500000	A
PP	Bangladesh	Producer Price (USD/tonne)	Sweet potatoes	2019	USD	213.600000	A
PP	Bangladesh	Producer Price (USD/tonne)	Sweet potatoes	2020	USD	228.200000	A
PP	Bangladesh	Producer Price (USD/tonne)	Sweet potatoes	2021	USD	215.900000	A
PP	Bangladesh	Producer Price (USD/tonne)	Tomatoes	2017	USD	355.700000	A
PP	Bangladesh	Producer Price (USD/tonne)	Tomatoes	2018	USD	275.800000	A
PP	Bangladesh	Producer Price (USD/tonne)	Tomatoes	2019	USD	251.900000	A
PP	Bangladesh	Producer Price (USD/tonne)	Tomatoes	2020	USD	406.400000	A
PP	Bangladesh	Producer Price (USD/tonne)	Tomatoes	2021	USD	490.900000	A
PP	Bangladesh	Producer Price (USD/tonne)	Wheat	2017	USD	252.900000	A
PP	Bangladesh	Producer Price (USD/tonne)	Wheat	2018	USD	254.500000	A
PP	Bangladesh	Producer Price (USD/tonne)	Wheat	2019	USD	276.500000	A
PP	Bangladesh	Producer Price (USD/tonne)	Wheat	2020	USD	300.200000	A
PP	Bangladesh	Producer Price (USD/tonne)	Wheat	2021	USD	302.100000	A
PP	Belgium	Producer Price (USD/tonne)	Apples	2017	USD	560.500000	A
PP	Belgium	Producer Price (USD/tonne)	Apples	2018	USD	823.300000	A
PP	Belgium	Producer Price (USD/tonne)	Apples	2019	USD	416.700000	A
PP	Belgium	Producer Price (USD/tonne)	Apples	2020	USD	680.500000	A
PP	Belgium	Producer Price (USD/tonne)	Apples	2021	USD	742.700000	A
PP	Belgium	Producer Price (USD/tonne)	Apples	2022	USD	405.800000	A
PP	Belgium	Producer Price (USD/tonne)	Apples	2023	USD	577.500000	A
PP	Belgium	Producer Price (USD/tonne)	Apples	2024	USD	701.000000	A
PP	Belgium	Producer Price (USD/tonne)	Asparagus	2017	USD	1999.500000	A
PP	Belgium	Producer Price (USD/tonne)	Asparagus	2018	USD	1931.000000	A
PP	Belgium	Producer Price (USD/tonne)	Asparagus	2019	USD	2013.200000	A
PP	Belgium	Producer Price (USD/tonne)	Asparagus	2020	USD	2503.800000	A
PP	Belgium	Producer Price (USD/tonne)	Asparagus	2021	USD	2808.500000	A
PP	Belgium	Producer Price (USD/tonne)	Asparagus	2022	USD	2033.300000	A
PP	Belgium	Producer Price (USD/tonne)	Asparagus	2023	USD	2479.200000	A
PP	Belgium	Producer Price (USD/tonne)	Asparagus	2024	USD	3488.600000	A
PP	Belgium	Producer Price (USD/tonne)	Barley	2017	USD	149.400000	A
PP	Belgium	Producer Price (USD/tonne)	Barley	2018	USD	209.700000	A
PP	Belgium	Producer Price (USD/tonne)	Barley	2019	USD	158.000000	A
PP	Belgium	Producer Price (USD/tonne)	Barley	2020	USD	177.200000	A
PP	Belgium	Producer Price (USD/tonne)	Barley	2021	USD	264.000000	A
PP	Belgium	Producer Price (USD/tonne)	Barley	2022	USD	286.500000	A
PP	Belgium	Producer Price (USD/tonne)	Barley	2023	USD	206.800000	A
PP	Belgium	Producer Price (USD/tonne)	Barley	2024	USD	188.300000	A
PP	Belgium	Producer Price (USD/tonne)	Cabbages	2017	USD	953.600000	A
PP	Belgium	Producer Price (USD/tonne)	Cabbages	2018	USD	1447.900000	A
PP	Belgium	Producer Price (USD/tonne)	Cabbages	2019	USD	1351.400000	A
PP	Belgium	Producer Price (USD/tonne)	Cabbages	2020	USD	1092.400000	A
PP	Belgium	Producer Price (USD/tonne)	Cabbages	2021	USD	848.800000	A
PP	Belgium	Producer Price (USD/tonne)	Cabbages	2022	USD	1011.900000	A
PP	Belgium	Producer Price (USD/tonne)	Cabbages	2023	USD	1124.100000	A
PP	Belgium	Producer Price (USD/tonne)	Cabbages	2024	USD	2195.400000	A
PP	Belgium	Producer Price (USD/tonne)	Carrots and turnips	2017	USD	369.000000	A
PP	Belgium	Producer Price (USD/tonne)	Carrots and turnips	2018	USD	518.500000	A
PP	Belgium	Producer Price (USD/tonne)	Carrots and turnips	2019	USD	516.600000	A
PP	Belgium	Producer Price (USD/tonne)	Carrots and turnips	2020	USD	421.500000	A
PP	Belgium	Producer Price (USD/tonne)	Carrots and turnips	2021	USD	536.000000	A
PP	Belgium	Producer Price (USD/tonne)	Carrots and turnips	2022	USD	631.600000	A
PP	Belgium	Producer Price (USD/tonne)	Carrots and turnips	2023	USD	489.900000	A
PP	Belgium	Producer Price (USD/tonne)	Cauliflowers and broccoli	2017	USD	780.200000	A
PP	Belgium	Producer Price (USD/tonne)	Cauliflowers and broccoli	2018	USD	1231.700000	A
PP	Belgium	Producer Price (USD/tonne)	Cauliflowers and broccoli	2019	USD	1055.400000	A
PP	Belgium	Producer Price (USD/tonne)	Cauliflowers and broccoli	2020	USD	1389.300000	A
PP	Belgium	Producer Price (USD/tonne)	Cauliflowers and broccoli	2021	USD	973.500000	A
PP	Belgium	Producer Price (USD/tonne)	Cauliflowers and broccoli	2022	USD	1118.300000	A
PP	Belgium	Producer Price (USD/tonne)	Cauliflowers and broccoli	2023	USD	1275.900000	A
PP	Belgium	Producer Price (USD/tonne)	Cauliflowers and broccoli	2024	USD	1400.000000	A
PP	Belgium	Producer Price (USD/tonne)	Cherries	2017	USD	2696.400000	A
PP	Belgium	Producer Price (USD/tonne)	Cherries	2018	USD	1986.800000	A
PP	Belgium	Producer Price (USD/tonne)	Cherries	2019	USD	2768.000000	A
PP	Belgium	Producer Price (USD/tonne)	Cherries	2020	USD	2154.400000	A
PP	Belgium	Producer Price (USD/tonne)	Cherries	2021	USD	2244.100000	A
PP	Belgium	Producer Price (USD/tonne)	Cherries	2022	USD	2983.200000	A
PP	Belgium	Producer Price (USD/tonne)	Cherries	2023	USD	4495.600000	A
PP	Belgium	Producer Price (USD/tonne)	Cherries	2024	USD	4538.900000	A
PP	Belgium	Producer Price (USD/tonne)	Chicory roots	2017	USD	573.500000	A
PP	Belgium	Producer Price (USD/tonne)	Chicory roots	2018	USD	608.500000	A
PP	Belgium	Producer Price (USD/tonne)	Chicory roots	2019	USD	585.500000	A
PP	Belgium	Producer Price (USD/tonne)	Chicory roots	2020	USD	606.400000	A
PP	Belgium	Producer Price (USD/tonne)	Chicory roots	2021	USD	640.500000	A
PP	Belgium	Producer Price (USD/tonne)	Chicory roots	2022	USD	588.700000	A
PP	Belgium	Producer Price (USD/tonne)	Chicory roots	2023	USD	708.300000	A
PP	Belgium	Producer Price (USD/tonne)	Chicory roots	2024	USD	713.500000	A
PP	Belgium	Producer Price (USD/tonne)	Chillies and peppers, green (Capsicum spp. and Pimenta spp.)	2017	USD	1159.300000	A
PP	Belgium	Producer Price (USD/tonne)	Chillies and peppers, green (Capsicum spp. and Pimenta spp.)	2018	USD	1405.300000	A
PP	Belgium	Producer Price (USD/tonne)	Chillies and peppers, green (Capsicum spp. and Pimenta spp.)	2019	USD	1411.600000	A
PP	Belgium	Producer Price (USD/tonne)	Chillies and peppers, green (Capsicum spp. and Pimenta spp.)	2020	USD	1380.400000	A
PP	Belgium	Producer Price (USD/tonne)	Chillies and peppers, green (Capsicum spp. and Pimenta spp.)	2021	USD	1464.600000	A
PP	Belgium	Producer Price (USD/tonne)	Chillies and peppers, green (Capsicum spp. and Pimenta spp.)	2022	USD	1365.600000	A
PP	Belgium	Producer Price (USD/tonne)	Chillies and peppers, green (Capsicum spp. and Pimenta spp.)	2023	USD	1338.900000	A
PP	Belgium	Producer Price (USD/tonne)	Chillies and peppers, green (Capsicum spp. and Pimenta spp.)	2024	USD	1578.000000	A
PP	Belgium	Producer Price (USD/tonne)	Cucumbers and gherkins	2017	USD	270.000000	A
PP	Belgium	Producer Price (USD/tonne)	Cucumbers and gherkins	2018	USD	416.300000	A
PP	Belgium	Producer Price (USD/tonne)	Cucumbers and gherkins	2019	USD	365.100000	A
PP	Belgium	Producer Price (USD/tonne)	Cucumbers and gherkins	2020	USD	332.300000	A
PP	Belgium	Producer Price (USD/tonne)	Cucumbers and gherkins	2021	USD	345.600000	A
PP	Belgium	Producer Price (USD/tonne)	Cucumbers and gherkins	2022	USD	459.700000	A
PP	Belgium	Producer Price (USD/tonne)	Cucumbers and gherkins	2023	USD	315.900000	A
PP	Belgium	Producer Price (USD/tonne)	Cucumbers and gherkins	2024	USD	475.300000	A
PP	Belgium	Producer Price (USD/tonne)	Currants	2017	USD	4658.700000	A
PP	Belgium	Producer Price (USD/tonne)	Currants	2018	USD	4442.600000	A
PP	Belgium	Producer Price (USD/tonne)	Currants	2019	USD	4512.600000	A
PP	Belgium	Producer Price (USD/tonne)	Currants	2020	USD	3813.400000	A
PP	Belgium	Producer Price (USD/tonne)	Currants	2021	USD	4170.700000	A
PP	Belgium	Producer Price (USD/tonne)	Currants	2022	USD	3177.900000	A
PP	Belgium	Producer Price (USD/tonne)	Currants	2023	USD	3812.900000	A
PP	Belgium	Producer Price (USD/tonne)	Eggplants (aubergines)	2024	USD	1209.600000	A
PP	Belgium	Producer Price (USD/tonne)	Flax, processed but not spun	2017	USD	369.900000	A
PP	Belgium	Producer Price (USD/tonne)	Flax, processed but not spun	2018	USD	423.700000	A
PP	Belgium	Producer Price (USD/tonne)	Flax, processed but not spun	2019	USD	431.300000	A
PP	Belgium	Producer Price (USD/tonne)	Flax, processed but not spun	2020	USD	440.000000	A
PP	Belgium	Producer Price (USD/tonne)	Flax, processed but not spun	2021	USD	628.800000	A
PP	Belgium	Producer Price (USD/tonne)	Flax, processed but not spun	2022	USD	593.400000	A
PP	Belgium	Producer Price (USD/tonne)	Flax, processed but not spun	2023	USD	286.300000	A
PP	Belgium	Producer Price (USD/tonne)	Flax, processed but not spun	2024	USD	713.500000	A
PP	Belgium	Producer Price (USD/tonne)	Hen eggs in shell, fresh	2017	USD	781.900000	A
PP	Belgium	Producer Price (USD/tonne)	Hen eggs in shell, fresh	2018	USD	689.900000	A
PP	Belgium	Producer Price (USD/tonne)	Hen eggs in shell, fresh	2019	USD	653.500000	A
PP	Belgium	Producer Price (USD/tonne)	Hen eggs in shell, fresh	2020	USD	662.400000	A
PP	Belgium	Producer Price (USD/tonne)	Hen eggs in shell, fresh	2021	USD	703.800000	A
PP	Belgium	Producer Price (USD/tonne)	Hen eggs in shell, fresh	2022	USD	1114.200000	A
PP	Belgium	Producer Price (USD/tonne)	Hen eggs in shell, fresh	2023	USD	1344.300000	A
PP	Belgium	Producer Price (USD/tonne)	Hen eggs in shell, fresh	2024	USD	1201.300000	A
PP	Belgium	Producer Price (USD/tonne)	Hop cones	2017	USD	5698.200000	A
PP	Belgium	Producer Price (USD/tonne)	Hop cones	2018	USD	6775.700000	A
PP	Belgium	Producer Price (USD/tonne)	Hop cones	2019	USD	6423.000000	A
PP	Belgium	Producer Price (USD/tonne)	Hop cones	2020	USD	6897.000000	A
PP	Belgium	Producer Price (USD/tonne)	Hop cones	2021	USD	6347.500000	A
PP	Belgium	Producer Price (USD/tonne)	Hop cones	2022	USD	5796.200000	A
PP	Belgium	Producer Price (USD/tonne)	Hop cones	2023	USD	5803.000000	A
PP	Belgium	Producer Price (USD/tonne)	Hop cones	2024	USD	6252.200000	A
PP	Belgium	Producer Price (USD/tonne)	Horse meat, fresh or chilled (biological)	2017	USD	1200.200000	A
PP	Belgium	Producer Price (USD/tonne)	Horse meat, fresh or chilled (biological)	2018	USD	1254.900000	A
PP	Belgium	Producer Price (USD/tonne)	Horse meat, fresh or chilled (biological)	2019	USD	1127.600000	A
PP	Belgium	Producer Price (USD/tonne)	Horse meat, fresh or chilled (biological)	2020	USD	1339.200000	A
PP	Belgium	Producer Price (USD/tonne)	Horse meat, fresh or chilled (biological)	2021	USD	1454.300000	A
PP	Belgium	Producer Price (USD/tonne)	Horse meat, fresh or chilled (biological)	2022	USD	1499.100000	A
PP	Belgium	Producer Price (USD/tonne)	Horse meat, fresh or chilled (biological)	2023	USD	1329.500000	A
PP	Belgium	Producer Price (USD/tonne)	Leeks and other alliaceous vegetables	2017	USD	399.300000	A
PP	Belgium	Producer Price (USD/tonne)	Leeks and other alliaceous vegetables	2018	USD	828.600000	A
PP	Belgium	Producer Price (USD/tonne)	Leeks and other alliaceous vegetables	2019	USD	901.300000	A
PP	Belgium	Producer Price (USD/tonne)	Leeks and other alliaceous vegetables	2020	USD	838.900000	A
PP	Belgium	Producer Price (USD/tonne)	Leeks and other alliaceous vegetables	2021	USD	1026.900000	A
PP	Belgium	Producer Price (USD/tonne)	Leeks and other alliaceous vegetables	2022	USD	699.300000	A
PP	Belgium	Producer Price (USD/tonne)	Leeks and other alliaceous vegetables	2023	USD	938.900000	A
PP	Belgium	Producer Price (USD/tonne)	Leeks and other alliaceous vegetables	2024	USD	949.900000	A
PP	Belgium	Producer Price (USD/tonne)	Lettuce and chicory	2017	USD	351.400000	A
PP	Belgium	Producer Price (USD/tonne)	Lettuce and chicory	2018	USD	379.300000	A
PP	Belgium	Producer Price (USD/tonne)	Lettuce and chicory	2019	USD	451.800000	A
PP	Belgium	Producer Price (USD/tonne)	Lettuce and chicory	2020	USD	211.500000	A
PP	Belgium	Producer Price (USD/tonne)	Lettuce and chicory	2021	USD	602.100000	A
PP	Belgium	Producer Price (USD/tonne)	Lettuce and chicory	2022	USD	184.000000	A
PP	Belgium	Producer Price (USD/tonne)	Lettuce and chicory	2023	USD	352.900000	A
PP	Belgium	Producer Price (USD/tonne)	Lettuce and chicory	2024	USD	297.800000	A
PP	Belgium	Producer Price (USD/tonne)	Maize (corn)	2024	USD	192.000000	A
PP	Belgium	Producer Price (USD/tonne)	Meat of cattle with the bone, fresh or chilled (biological)	2017	USD	2878.800000	A
PP	Belgium	Producer Price (USD/tonne)	Meat of cattle with the bone, fresh or chilled (biological)	2018	USD	2911.000000	A
PP	Belgium	Producer Price (USD/tonne)	Meat of cattle with the bone, fresh or chilled (biological)	2019	USD	2794.900000	A
PP	Belgium	Producer Price (USD/tonne)	Meat of cattle with the bone, fresh or chilled (biological)	2020	USD	2979.000000	A
PP	Belgium	Producer Price (USD/tonne)	Meat of cattle with the bone, fresh or chilled (biological)	2021	USD	3293.600000	A
PP	Belgium	Producer Price (USD/tonne)	Meat of cattle with the bone, fresh or chilled (biological)	2022	USD	3262.800000	A
PP	Belgium	Producer Price (USD/tonne)	Meat of cattle with the bone, fresh or chilled (biological)	2023	USD	3467.600000	A
PP	Belgium	Producer Price (USD/tonne)	Meat of cattle with the bone, fresh or chilled (biological)	2024	USD	3611.500000	A
PP	Belgium	Producer Price (USD/tonne)	Meat of chickens, fresh or chilled (biological)	2017	USD	971.700000	A
PP	Belgium	Producer Price (USD/tonne)	Meat of chickens, fresh or chilled (biological)	2018	USD	1030.100000	A
PP	Belgium	Producer Price (USD/tonne)	Meat of chickens, fresh or chilled (biological)	2019	USD	945.100000	A
PP	Belgium	Producer Price (USD/tonne)	Meat of chickens, fresh or chilled (biological)	2020	USD	887.600000	A
PP	Belgium	Producer Price (USD/tonne)	Meat of chickens, fresh or chilled (biological)	2021	USD	1082.900000	A
PP	Belgium	Producer Price (USD/tonne)	Meat of chickens, fresh or chilled (biological)	2022	USD	1284.800000	A
PP	Belgium	Producer Price (USD/tonne)	Meat of chickens, fresh or chilled (biological)	2023	USD	1301.100000	A
PP	Belgium	Producer Price (USD/tonne)	Meat of chickens, fresh or chilled (biological)	2024	USD	1299.400000	A
PP	Belgium	Producer Price (USD/tonne)	Meat of pig with the bone, fresh or chilled (biological)	2017	USD	1270.600000	A
PP	Belgium	Producer Price (USD/tonne)	Meat of pig with the bone, fresh or chilled (biological)	2018	USD	1105.900000	A
PP	Belgium	Producer Price (USD/tonne)	Meat of pig with the bone, fresh or chilled (biological)	2019	USD	1324.600000	A
PP	Belgium	Producer Price (USD/tonne)	Meat of pig with the bone, fresh or chilled (biological)	2020	USD	1177.700000	A
PP	Belgium	Producer Price (USD/tonne)	Meat of pig with the bone, fresh or chilled (biological)	2021	USD	1023.500000	A
PP	Belgium	Producer Price (USD/tonne)	Meat of pig with the bone, fresh or chilled (biological)	2022	USD	1318.600000	A
PP	Belgium	Producer Price (USD/tonne)	Meat of pig with the bone, fresh or chilled (biological)	2023	USD	1765.300000	A
PP	Belgium	Producer Price (USD/tonne)	Meat of pig with the bone, fresh or chilled (biological)	2024	USD	1599.100000	A
PP	Belgium	Producer Price (USD/tonne)	Meat of rabbits and hares, fresh or chilled (biological)	2017	USD	2186.600000	A
PP	Belgium	Producer Price (USD/tonne)	Meat of rabbits and hares, fresh or chilled (biological)	2018	USD	2260.600000	A
PP	Belgium	Producer Price (USD/tonne)	Meat of rabbits and hares, fresh or chilled (biological)	2019	USD	2306.100000	A
PP	Belgium	Producer Price (USD/tonne)	Meat of rabbits and hares, fresh or chilled (biological)	2020	USD	2375.100000	A
PP	Belgium	Producer Price (USD/tonne)	Meat of rabbits and hares, fresh or chilled (biological)	2021	USD	2577.200000	A
PP	Belgium	Producer Price (USD/tonne)	Meat of rabbits and hares, fresh or chilled (biological)	2022	USD	2666.400000	A
PP	Belgium	Producer Price (USD/tonne)	Meat of rabbits and hares, fresh or chilled (biological)	2023	USD	2356.100000	A
PP	Belgium	Producer Price (USD/tonne)	Meat of sheep, fresh or chilled (biological)	2017	USD	3172.800000	A
PP	Belgium	Producer Price (USD/tonne)	Meat of sheep, fresh or chilled (biological)	2018	USD	3771.300000	A
PP	Belgium	Producer Price (USD/tonne)	Meat of sheep, fresh or chilled (biological)	2019	USD	3020.200000	A
PP	Belgium	Producer Price (USD/tonne)	Meat of sheep, fresh or chilled (biological)	2020	USD	3724.300000	A
PP	Belgium	Producer Price (USD/tonne)	Meat of sheep, fresh or chilled (biological)	2021	USD	4227.900000	A
PP	Belgium	Producer Price (USD/tonne)	Meat of sheep, fresh or chilled (biological)	2022	USD	3758.000000	A
PP	Belgium	Producer Price (USD/tonne)	Meat of sheep, fresh or chilled (biological)	2023	USD	4012.000000	A
PP	Belgium	Producer Price (USD/tonne)	Meat of sheep, fresh or chilled (biological)	2024	USD	4668.900000	A
PP	Belgium	Producer Price (USD/tonne)	Mushrooms and truffles	2017	USD	1431.400000	A
PP	Belgium	Producer Price (USD/tonne)	Mushrooms and truffles	2018	USD	1439.600000	A
PP	Belgium	Producer Price (USD/tonne)	Mushrooms and truffles	2019	USD	2037.000000	A
PP	Belgium	Producer Price (USD/tonne)	Mushrooms and truffles	2020	USD	2271.100000	A
PP	Belgium	Producer Price (USD/tonne)	Mushrooms and truffles	2021	USD	2494.900000	A
PP	Belgium	Producer Price (USD/tonne)	Mushrooms and truffles	2022	USD	2284.400000	A
PP	Belgium	Producer Price (USD/tonne)	Mushrooms and truffles	2023	USD	2280.800000	A
PP	Belgium	Producer Price (USD/tonne)	Mushrooms and truffles	2024	USD	2720.600000	A
PP	Belgium	Producer Price (USD/tonne)	Oats	2017	USD	69.600000	A
PP	Belgium	Producer Price (USD/tonne)	Oats	2018	USD	90.600000	A
PP	Belgium	Producer Price (USD/tonne)	Oats	2019	USD	73.900000	A
PP	Belgium	Producer Price (USD/tonne)	Oats	2020	USD	91.200000	A
PP	Belgium	Producer Price (USD/tonne)	Oats	2021	USD	141.100000	A
PP	Belgium	Producer Price (USD/tonne)	Oats	2022	USD	150.700000	A
PP	Belgium	Producer Price (USD/tonne)	Oats	2023	USD	129.000000	A
PP	Belgium	Producer Price (USD/tonne)	Oats	2024	USD	112.800000	A
PP	Belgium	Producer Price (USD/tonne)	Onions and shallots, dry (excluding dehydrated)	2017	USD	156.200000	A
PP	Belgium	Producer Price (USD/tonne)	Onions and shallots, dry (excluding dehydrated)	2018	USD	183.700000	A
PP	Belgium	Producer Price (USD/tonne)	Onions and shallots, dry (excluding dehydrated)	2019	USD	284.000000	A
PP	Belgium	Producer Price (USD/tonne)	Onions and shallots, dry (excluding dehydrated)	2020	USD	398.000000	A
PP	Belgium	Producer Price (USD/tonne)	Onions and shallots, dry (excluding dehydrated)	2021	USD	382.300000	A
PP	Belgium	Producer Price (USD/tonne)	Onions and shallots, dry (excluding dehydrated)	2022	USD	423.300000	A
PP	Belgium	Producer Price (USD/tonne)	Onions and shallots, dry (excluding dehydrated)	2023	USD	349.500000	A
PP	Belgium	Producer Price (USD/tonne)	Other beans, green	2017	USD	1904.000000	A
PP	Belgium	Producer Price (USD/tonne)	Other beans, green	2018	USD	1959.900000	A
PP	Belgium	Producer Price (USD/tonne)	Other beans, green	2019	USD	2081.200000	A
PP	Belgium	Producer Price (USD/tonne)	Other beans, green	2020	USD	2181.600000	A
PP	Belgium	Producer Price (USD/tonne)	Other beans, green	2021	USD	2307.600000	A
PP	Belgium	Producer Price (USD/tonne)	Other beans, green	2022	USD	2031.600000	A
PP	Belgium	Producer Price (USD/tonne)	Other beans, green	2023	USD	2109.600000	A
PP	Belgium	Producer Price (USD/tonne)	Other vegetables, fresh n.e.c.	2017	USD	518.400000	A
PP	Belgium	Producer Price (USD/tonne)	Other vegetables, fresh n.e.c.	2018	USD	603.900000	A
PP	Belgium	Producer Price (USD/tonne)	Other vegetables, fresh n.e.c.	2019	USD	477.600000	A
PP	Belgium	Producer Price (USD/tonne)	Other vegetables, fresh n.e.c.	2020	USD	689.300000	A
PP	Belgium	Producer Price (USD/tonne)	Other vegetables, fresh n.e.c.	2021	USD	608.800000	A
PP	Belgium	Producer Price (USD/tonne)	Other vegetables, fresh n.e.c.	2022	USD	575.200000	A
PP	Belgium	Producer Price (USD/tonne)	Other vegetables, fresh n.e.c.	2023	USD	556.600000	A
PP	Belgium	Producer Price (USD/tonne)	Other vegetables, fresh n.e.c.	2024	USD	1100.200000	A
PP	Belgium	Producer Price (USD/tonne)	Pears	2017	USD	700.600000	A
PP	Belgium	Producer Price (USD/tonne)	Pears	2018	USD	653.300000	A
PP	Belgium	Producer Price (USD/tonne)	Pears	2019	USD	409.300000	A
PP	Belgium	Producer Price (USD/tonne)	Pears	2020	USD	708.200000	A
PP	Belgium	Producer Price (USD/tonne)	Pears	2021	USD	671.600000	A
PP	Belgium	Producer Price (USD/tonne)	Pears	2022	USD	704.700000	A
PP	Belgium	Producer Price (USD/tonne)	Pears	2023	USD	613.900000	A
PP	Belgium	Producer Price (USD/tonne)	Pears	2024	USD	921.500000	A
PP	Belgium	Producer Price (USD/tonne)	Plums and sloes	2017	USD	1114.200000	A
PP	Belgium	Producer Price (USD/tonne)	Plums and sloes	2018	USD	1385.700000	A
PP	Belgium	Producer Price (USD/tonne)	Plums and sloes	2019	USD	1012.800000	A
PP	Belgium	Producer Price (USD/tonne)	Plums and sloes	2020	USD	2822.900000	A
PP	Belgium	Producer Price (USD/tonne)	Plums and sloes	2021	USD	2394.900000	A
PP	Belgium	Producer Price (USD/tonne)	Plums and sloes	2022	USD	1859.400000	A
PP	Belgium	Producer Price (USD/tonne)	Plums and sloes	2023	USD	1459.600000	A
PP	Belgium	Producer Price (USD/tonne)	Potatoes	2017	USD	128.300000	A
PP	Belgium	Producer Price (USD/tonne)	Potatoes	2018	USD	268.000000	A
PP	Belgium	Producer Price (USD/tonne)	Potatoes	2019	USD	194.700000	A
PP	Belgium	Producer Price (USD/tonne)	Potatoes	2020	USD	127.300000	A
PP	Belgium	Producer Price (USD/tonne)	Potatoes	2021	USD	247.800000	A
PP	Belgium	Producer Price (USD/tonne)	Potatoes	2022	USD	254.600000	A
PP	Belgium	Producer Price (USD/tonne)	Potatoes	2023	USD	226.500000	A
PP	Belgium	Producer Price (USD/tonne)	Potatoes	2024	USD	302.600000	A
PP	Belgium	Producer Price (USD/tonne)	Rape or colza seed	2017	USD	199.900000	A
PP	Belgium	Producer Price (USD/tonne)	Rape or colza seed	2018	USD	336.600000	A
PP	Belgium	Producer Price (USD/tonne)	Rape or colza seed	2019	USD	300.500000	A
PP	Belgium	Producer Price (USD/tonne)	Rape or colza seed	2020	USD	309.900000	A
PP	Belgium	Producer Price (USD/tonne)	Rape or colza seed	2021	USD	505.500000	A
PP	Belgium	Producer Price (USD/tonne)	Rape or colza seed	2022	USD	506.000000	A
PP	Belgium	Producer Price (USD/tonne)	Rape or colza seed	2023	USD	363.200000	A
PP	Belgium	Producer Price (USD/tonne)	Rape or colza seed	2024	USD	398.900000	A
PP	Belgium	Producer Price (USD/tonne)	Raspberries	2017	USD	7398.200000	A
PP	Belgium	Producer Price (USD/tonne)	Raspberries	2018	USD	10285.800000	A
PP	Belgium	Producer Price (USD/tonne)	Raspberries	2019	USD	9987.700000	A
PP	Belgium	Producer Price (USD/tonne)	Raspberries	2020	USD	11307.500000	A
PP	Belgium	Producer Price (USD/tonne)	Raspberries	2021	USD	9806.300000	A
PP	Belgium	Producer Price (USD/tonne)	Raspberries	2022	USD	9960.800000	A
PP	Belgium	Producer Price (USD/tonne)	Raspberries	2023	USD	11355.700000	A
PP	Belgium	Producer Price (USD/tonne)	Raspberries	2024	USD	9570.200000	A
PP	Belgium	Producer Price (USD/tonne)	Raw milk of cattle	2017	USD	367.300000	A
PP	Belgium	Producer Price (USD/tonne)	Raw milk of cattle	2018	USD	351.800000	A
PP	Belgium	Producer Price (USD/tonne)	Raw milk of cattle	2019	USD	338.500000	A
PP	Belgium	Producer Price (USD/tonne)	Raw milk of cattle	2020	USD	327.300000	A
PP	Belgium	Producer Price (USD/tonne)	Raw milk of cattle	2021	USD	392.200000	A
PP	Belgium	Producer Price (USD/tonne)	Raw milk of cattle	2022	USD	516.200000	A
PP	Belgium	Producer Price (USD/tonne)	Raw milk of cattle	2023	USD	419.300000	A
PP	Belgium	Producer Price (USD/tonne)	Raw milk of cattle	2024	USD	456.800000	A
PP	Belgium	Producer Price (USD/tonne)	Rye	2017	USD	123.000000	A
PP	Belgium	Producer Price (USD/tonne)	Rye	2018	USD	164.800000	A
PP	Belgium	Producer Price (USD/tonne)	Rye	2019	USD	148.900000	A
PP	Belgium	Producer Price (USD/tonne)	Rye	2020	USD	170.300000	A
PP	Belgium	Producer Price (USD/tonne)	Rye	2021	USD	237.900000	A
PP	Belgium	Producer Price (USD/tonne)	Rye	2022	USD	280.000000	A
PP	Belgium	Producer Price (USD/tonne)	Rye	2023	USD	191.900000	A
PP	Belgium	Producer Price (USD/tonne)	Rye	2024	USD	174.700000	A
PP	Belgium	Producer Price (USD/tonne)	Strawberries	2017	USD	3480.300000	A
PP	Belgium	Producer Price (USD/tonne)	Strawberries	2018	USD	4672.600000	A
PP	Belgium	Producer Price (USD/tonne)	Strawberries	2019	USD	3379.800000	A
PP	Belgium	Producer Price (USD/tonne)	Strawberries	2020	USD	4579.000000	A
PP	Belgium	Producer Price (USD/tonne)	Strawberries	2021	USD	3749.000000	A
PP	Belgium	Producer Price (USD/tonne)	Strawberries	2022	USD	3838.900000	A
PP	Belgium	Producer Price (USD/tonne)	Strawberries	2023	USD	3427.400000	A
PP	Belgium	Producer Price (USD/tonne)	Strawberries	2024	USD	5268.600000	A
PP	Belgium	Producer Price (USD/tonne)	Sugar beet	2017	USD	25.000000	A
PP	Belgium	Producer Price (USD/tonne)	Sugar beet	2018	USD	27.200000	A
PP	Belgium	Producer Price (USD/tonne)	Sugar beet	2019	USD	24.600000	A
PP	Belgium	Producer Price (USD/tonne)	Sugar beet	2020	USD	25.100000	A
PP	Belgium	Producer Price (USD/tonne)	Sugar beet	2021	USD	26.800000	A
PP	Belgium	Producer Price (USD/tonne)	Sugar beet	2022	USD	40.000000	A
PP	Belgium	Producer Price (USD/tonne)	Sugar beet	2023	USD	56.200000	A
PP	Belgium	Producer Price (USD/tonne)	Sugar beet	2024	USD	45.000000	A
PP	Belgium	Producer Price (USD/tonne)	Tomatoes	2017	USD	793.200000	A
PP	Belgium	Producer Price (USD/tonne)	Tomatoes	2018	USD	849.100000	A
PP	Belgium	Producer Price (USD/tonne)	Tomatoes	2019	USD	819.800000	A
PP	Belgium	Producer Price (USD/tonne)	Tomatoes	2020	USD	679.400000	A
PP	Belgium	Producer Price (USD/tonne)	Tomatoes	2021	USD	962.500000	A
PP	Belgium	Producer Price (USD/tonne)	Tomatoes	2022	USD	963.800000	A
PP	Belgium	Producer Price (USD/tonne)	Tomatoes	2023	USD	879.900000	A
PP	Belgium	Producer Price (USD/tonne)	Tomatoes	2024	USD	1007.400000	A
PP	Belgium	Producer Price (USD/tonne)	Triticale	2017	USD	60.400000	A
PP	Belgium	Producer Price (USD/tonne)	Triticale	2018	USD	103.900000	A
PP	Belgium	Producer Price (USD/tonne)	Triticale	2019	USD	93.000000	A
PP	Belgium	Producer Price (USD/tonne)	Triticale	2020	USD	108.200000	A
PP	Belgium	Producer Price (USD/tonne)	Triticale	2021	USD	150.700000	A
PP	Belgium	Producer Price (USD/tonne)	Triticale	2022	USD	172.000000	A
PP	Belgium	Producer Price (USD/tonne)	Triticale	2023	USD	118.900000	A
PP	Belgium	Producer Price (USD/tonne)	Triticale	2024	USD	111.000000	A
PP	Belgium	Producer Price (USD/tonne)	Unmanufactured tobacco	2017	USD	2246.800000	A
PP	Belgium	Producer Price (USD/tonne)	Unmanufactured tobacco	2018	USD	2222.800000	A
PP	Belgium	Producer Price (USD/tonne)	Unmanufactured tobacco	2019	USD	2088.400000	A
PP	Belgium	Producer Price (USD/tonne)	Unmanufactured tobacco	2020	USD	2173.400000	A
PP	Belgium	Producer Price (USD/tonne)	Unmanufactured tobacco	2021	USD	2295.500000	A
PP	Belgium	Producer Price (USD/tonne)	Unmanufactured tobacco	2022	USD	2084.700000	A
PP	Belgium	Producer Price (USD/tonne)	Unmanufactured tobacco	2023	USD	2098.500000	A
PP	Belgium	Producer Price (USD/tonne)	Unmanufactured tobacco	2024	USD	2141.600000	A
PP	Belgium	Producer Price (USD/tonne)	Wheat	2017	USD	159.700000	A
PP	Belgium	Producer Price (USD/tonne)	Wheat	2018	USD	196.700000	A
PP	Belgium	Producer Price (USD/tonne)	Wheat	2019	USD	174.600000	A
PP	Belgium	Producer Price (USD/tonne)	Wheat	2020	USD	199.300000	A
PP	Belgium	Producer Price (USD/tonne)	Wheat	2021	USD	275.500000	A
PP	Belgium	Producer Price (USD/tonne)	Wheat	2022	USD	338.100000	A
PP	Belgium	Producer Price (USD/tonne)	Wheat	2023	USD	224.000000	A
PP	Belgium	Producer Price (USD/tonne)	Wheat	2024	USD	196.100000	A
PP	Brazil	Producer Price (USD/tonne)	Apples	2018	USD	314.000000	A
PP	Brazil	Producer Price (USD/tonne)	Apples	2019	USD	379.000000	A
PP	Brazil	Producer Price (USD/tonne)	Apples	2020	USD	341.100000	A
PP	Brazil	Producer Price (USD/tonne)	Apples	2021	USD	334.400000	A
PP	Brazil	Producer Price (USD/tonne)	Apples	2022	USD	365.300000	A
PP	Brazil	Producer Price (USD/tonne)	Apples	2023	USD	495.900000	A
PP	Brazil	Producer Price (USD/tonne)	Apples	2024	USD	588.200000	A
PP	Brazil	Producer Price (USD/tonne)	Avocados	2018	USD	366.300000	A
PP	Brazil	Producer Price (USD/tonne)	Avocados	2019	USD	377.700000	A
PP	Brazil	Producer Price (USD/tonne)	Avocados	2020	USD	344.300000	A
PP	Brazil	Producer Price (USD/tonne)	Avocados	2021	USD	437.600000	A
PP	Brazil	Producer Price (USD/tonne)	Avocados	2022	USD	491.900000	A
PP	Brazil	Producer Price (USD/tonne)	Avocados	2023	USD	435.400000	A
PP	Brazil	Producer Price (USD/tonne)	Avocados	2024	USD	502.500000	A
PP	Brazil	Producer Price (USD/tonne)	Bananas	2018	USD	282.700000	A
PP	Brazil	Producer Price (USD/tonne)	Bananas	2019	USD	280.000000	A
PP	Brazil	Producer Price (USD/tonne)	Bananas	2020	USD	252.100000	A
PP	Brazil	Producer Price (USD/tonne)	Bananas	2021	USD	272.300000	A
PP	Brazil	Producer Price (USD/tonne)	Bananas	2022	USD	339.200000	A
PP	Brazil	Producer Price (USD/tonne)	Bananas	2023	USD	404.700000	A
PP	Brazil	Producer Price (USD/tonne)	Bananas	2024	USD	423.000000	A
PP	Brazil	Producer Price (USD/tonne)	Barley	2018	USD	210.500000	A
PP	Brazil	Producer Price (USD/tonne)	Barley	2019	USD	223.700000	A
PP	Brazil	Producer Price (USD/tonne)	Barley	2020	USD	230.900000	A
PP	Brazil	Producer Price (USD/tonne)	Barley	2021	USD	295.700000	A
PP	Brazil	Producer Price (USD/tonne)	Barley	2022	USD	339.900000	A
PP	Brazil	Producer Price (USD/tonne)	Barley	2023	USD	252.800000	A
PP	Brazil	Producer Price (USD/tonne)	Barley	2024	USD	255.600000	A
PP	Brazil	Producer Price (USD/tonne)	Beans, dry	2018	USD	524.500000	A
PP	Brazil	Producer Price (USD/tonne)	Beans, dry	2019	USD	651.600000	A
PP	Brazil	Producer Price (USD/tonne)	Beans, dry	2020	USD	688.800000	A
PP	Brazil	Producer Price (USD/tonne)	Beans, dry	2021	USD	770.200000	A
PP	Brazil	Producer Price (USD/tonne)	Beans, dry	2022	USD	834.300000	A
PP	Brazil	Producer Price (USD/tonne)	Beans, dry	2023	USD	808.900000	A
PP	Brazil	Producer Price (USD/tonne)	Beans, dry	2024	USD	748.300000	A
PP	Brazil	Producer Price (USD/tonne)	Brazil nuts, in shell	2018	USD	1048.500000	A
PP	Brazil	Producer Price (USD/tonne)	Brazil nuts, in shell	2019	USD	1046.400000	A
PP	Brazil	Producer Price (USD/tonne)	Brazil nuts, in shell	2020	USD	651.800000	A
PP	Brazil	Producer Price (USD/tonne)	Brazil nuts, in shell	2021	USD	439.000000	A
PP	Brazil	Producer Price (USD/tonne)	Brazil nuts, in shell	2022	USD	434.700000	A
PP	Brazil	Producer Price (USD/tonne)	Brazil nuts, in shell	2023	USD	410.500000	A
PP	Brazil	Producer Price (USD/tonne)	Brazil nuts, in shell	2024	USD	332.200000	A
PP	Brazil	Producer Price (USD/tonne)	Broad beans and horse beans, dry	2018	USD	1346.600000	A
PP	Brazil	Producer Price (USD/tonne)	Broad beans and horse beans, dry	2019	USD	1288.500000	A
PP	Brazil	Producer Price (USD/tonne)	Broad beans and horse beans, dry	2020	USD	1134.700000	A
PP	Brazil	Producer Price (USD/tonne)	Broad beans and horse beans, dry	2021	USD	1196.000000	A
PP	Brazil	Producer Price (USD/tonne)	Broad beans and horse beans, dry	2022	USD	1450.300000	A
PP	Brazil	Producer Price (USD/tonne)	Broad beans and horse beans, dry	2023	USD	1603.500000	A
PP	Brazil	Producer Price (USD/tonne)	Broad beans and horse beans, dry	2024	USD	1904.300000	A
PP	Brazil	Producer Price (USD/tonne)	Cantaloupes and other melons	2018	USD	276.400000	A
PP	Brazil	Producer Price (USD/tonne)	Cantaloupes and other melons	2019	USD	249.700000	A
PP	Brazil	Producer Price (USD/tonne)	Cantaloupes and other melons	2020	USD	196.000000	A
PP	Brazil	Producer Price (USD/tonne)	Cantaloupes and other melons	2021	USD	191.900000	A
PP	Brazil	Producer Price (USD/tonne)	Cantaloupes and other melons	2022	USD	240.200000	A
PP	Brazil	Producer Price (USD/tonne)	Cantaloupes and other melons	2023	USD	291.000000	A
PP	Brazil	Producer Price (USD/tonne)	Cantaloupes and other melons	2024	USD	315.200000	A
PP	Brazil	Producer Price (USD/tonne)	Cashew nuts, in shell	2018	USD	742.700000	A
PP	Brazil	Producer Price (USD/tonne)	Cashew nuts, in shell	2019	USD	705.900000	A
PP	Brazil	Producer Price (USD/tonne)	Cashew nuts, in shell	2020	USD	624.200000	A
PP	Brazil	Producer Price (USD/tonne)	Cashew nuts, in shell	2021	USD	795.800000	A
PP	Brazil	Producer Price (USD/tonne)	Cashew nuts, in shell	2022	USD	775.600000	A
PP	Brazil	Producer Price (USD/tonne)	Cashew nuts, in shell	2023	USD	709.300000	A
PP	Brazil	Producer Price (USD/tonne)	Cashew nuts, in shell	2024	USD	803.400000	A
PP	Brazil	Producer Price (USD/tonne)	Cassava, fresh	2018	USD	152.400000	A
PP	Brazil	Producer Price (USD/tonne)	Cassava, fresh	2019	USD	127.600000	A
PP	Brazil	Producer Price (USD/tonne)	Cassava, fresh	2020	USD	116.200000	A
PP	Brazil	Producer Price (USD/tonne)	Cassava, fresh	2021	USD	129.800000	A
PP	Brazil	Producer Price (USD/tonne)	Cassava, fresh	2022	USD	169.700000	A
PP	Brazil	Producer Price (USD/tonne)	Cassava, fresh	2023	USD	207.000000	A
PP	Brazil	Producer Price (USD/tonne)	Cassava, fresh	2024	USD	176.400000	A
PP	Brazil	Producer Price (USD/tonne)	Castor oil seeds	2018	USD	674.300000	A
PP	Brazil	Producer Price (USD/tonne)	Castor oil seeds	2019	USD	686.200000	A
PP	Brazil	Producer Price (USD/tonne)	Castor oil seeds	2020	USD	513.200000	A
PP	Brazil	Producer Price (USD/tonne)	Castor oil seeds	2021	USD	551.500000	A
PP	Brazil	Producer Price (USD/tonne)	Castor oil seeds	2022	USD	648.700000	A
PP	Brazil	Producer Price (USD/tonne)	Castor oil seeds	2023	USD	621.000000	A
PP	Brazil	Producer Price (USD/tonne)	Castor oil seeds	2024	USD	631.700000	A
PP	Brazil	Producer Price (USD/tonne)	Cereals n.e.c.	2022	USD	123533.400000	A
PP	Brazil	Producer Price (USD/tonne)	Cocoa beans	2018	USD	2478.400000	A
PP	Brazil	Producer Price (USD/tonne)	Cocoa beans	2019	USD	2456.800000	A
PP	Brazil	Producer Price (USD/tonne)	Cocoa beans	2020	USD	2321.900000	A
PP	Brazil	Producer Price (USD/tonne)	Cocoa beans	2021	USD	2437.600000	A
PP	Brazil	Producer Price (USD/tonne)	Cocoa beans	2022	USD	2645.200000	A
PP	Brazil	Producer Price (USD/tonne)	Cocoa beans	2023	USD	3133.000000	A
PP	Brazil	Producer Price (USD/tonne)	Cocoa beans	2024	USD	9520.900000	A
PP	Brazil	Producer Price (USD/tonne)	Coconuts, in shell	2018	USD	113.500000	A
PP	Brazil	Producer Price (USD/tonne)	Coconuts, in shell	2019	USD	101.100000	A
PP	Brazil	Producer Price (USD/tonne)	Coconuts, in shell	2020	USD	134.100000	A
PP	Brazil	Producer Price (USD/tonne)	Coconuts, in shell	2022	USD	168.200000	A
PP	Brazil	Producer Price (USD/tonne)	Coconuts, in shell	2023	USD	167.200000	A
PP	Brazil	Producer Price (USD/tonne)	Coconuts, in shell	2024	USD	200.600000	A
PP	Brazil	Producer Price (USD/tonne)	Coffee, green	2018	USD	1742.800000	A
PP	Brazil	Producer Price (USD/tonne)	Coffee, green	2019	USD	1486.000000	A
PP	Brazil	Producer Price (USD/tonne)	Coffee, green	2020	USD	1428.200000	A
PP	Brazil	Producer Price (USD/tonne)	Coffee, green	2021	USD	2162.600000	A
PP	Brazil	Producer Price (USD/tonne)	Coffee, green	2022	USD	3163.200000	A
PP	Brazil	Producer Price (USD/tonne)	Coffee, green	2023	USD	2617.900000	A
PP	Brazil	Producer Price (USD/tonne)	Coffee, green	2024	USD	3790.800000	A
PP	Brazil	Producer Price (USD/tonne)	Figs	2018	USD	928.100000	A
PP	Brazil	Producer Price (USD/tonne)	Figs	2019	USD	1003.900000	A
PP	Brazil	Producer Price (USD/tonne)	Figs	2020	USD	1122.300000	A
PP	Brazil	Producer Price (USD/tonne)	Figs	2022	USD	1447.300000	A
PP	Brazil	Producer Price (USD/tonne)	Figs	2023	USD	1227.900000	A
PP	Brazil	Producer Price (USD/tonne)	Figs	2024	USD	1428.400000	A
PP	Brazil	Producer Price (USD/tonne)	Grapes	2018	USD	520.700000	A
PP	Brazil	Producer Price (USD/tonne)	Grapes	2019	USD	573.200000	A
PP	Brazil	Producer Price (USD/tonne)	Grapes	2020	USD	490.200000	A
PP	Brazil	Producer Price (USD/tonne)	Grapes	2021	USD	452.400000	A
PP	Brazil	Producer Price (USD/tonne)	Grapes	2022	USD	605.100000	A
PP	Brazil	Producer Price (USD/tonne)	Grapes	2023	USD	611.700000	A
PP	Brazil	Producer Price (USD/tonne)	Grapes	2024	USD	849.800000	A
PP	Brazil	Producer Price (USD/tonne)	Green garlic	2018	USD	2069.100000	A
PP	Brazil	Producer Price (USD/tonne)	Green garlic	2019	USD	2419.600000	A
PP	Brazil	Producer Price (USD/tonne)	Green garlic	2020	USD	2033.100000	A
PP	Brazil	Producer Price (USD/tonne)	Green garlic	2021	USD	2051.600000	A
PP	Brazil	Producer Price (USD/tonne)	Green garlic	2022	USD	2033.100000	A
PP	Brazil	Producer Price (USD/tonne)	Green garlic	2023	USD	2308.600000	A
PP	Brazil	Producer Price (USD/tonne)	Green garlic	2024	USD	2595.400000	A
PP	Brazil	Producer Price (USD/tonne)	Groundnuts, excluding shelled	2018	USD	428.200000	A
PP	Brazil	Producer Price (USD/tonne)	Groundnuts, excluding shelled	2019	USD	461.500000	A
PP	Brazil	Producer Price (USD/tonne)	Groundnuts, excluding shelled	2020	USD	478.600000	A
PP	Brazil	Producer Price (USD/tonne)	Groundnuts, excluding shelled	2021	USD	617.100000	A
PP	Brazil	Producer Price (USD/tonne)	Groundnuts, excluding shelled	2022	USD	589.600000	A
PP	Brazil	Producer Price (USD/tonne)	Groundnuts, excluding shelled	2023	USD	738.600000	A
PP	Brazil	Producer Price (USD/tonne)	Groundnuts, excluding shelled	2024	USD	767.600000	A
PP	Brazil	Producer Price (USD/tonne)	Hen eggs in shell, fresh	2018	USD	1267.700000	A
PP	Brazil	Producer Price (USD/tonne)	Hen eggs in shell, fresh	2019	USD	1220.800000	A
PP	Brazil	Producer Price (USD/tonne)	Hen eggs in shell, fresh	2020	USD	1059.700000	A
PP	Brazil	Producer Price (USD/tonne)	Hen eggs in shell, fresh	2021	USD	1274.300000	A
PP	Brazil	Producer Price (USD/tonne)	Hen eggs in shell, fresh	2022	USD	1035.600000	A
PP	Brazil	Producer Price (USD/tonne)	Hen eggs in shell, fresh	2023	USD	1220.500000	A
PP	Brazil	Producer Price (USD/tonne)	Hen eggs in shell, fresh	2024	USD	1093.000000	A
PP	Brazil	Producer Price (USD/tonne)	Jute, raw or retted	2018	USD	467.900000	A
PP	Brazil	Producer Price (USD/tonne)	Jute, raw or retted	2019	USD	507.000000	A
PP	Brazil	Producer Price (USD/tonne)	Jute, raw or retted	2020	USD	480.100000	A
PP	Brazil	Producer Price (USD/tonne)	Jute, raw or retted	2021	USD	520.500000	A
PP	Brazil	Producer Price (USD/tonne)	Jute, raw or retted	2022	USD	719.300000	A
PP	Brazil	Producer Price (USD/tonne)	Jute, raw or retted	2023	USD	600.700000	A
PP	Brazil	Producer Price (USD/tonne)	Jute, raw or retted	2024	USD	962.300000	A
PP	Brazil	Producer Price (USD/tonne)	Lemons and limes	2018	USD	284.300000	A
PP	Brazil	Producer Price (USD/tonne)	Lemons and limes	2019	USD	263.600000	A
PP	Brazil	Producer Price (USD/tonne)	Lemons and limes	2020	USD	215.500000	A
PP	Brazil	Producer Price (USD/tonne)	Lemons and limes	2022	USD	244.300000	A
PP	Brazil	Producer Price (USD/tonne)	Lemons and limes	2023	USD	283.200000	A
PP	Brazil	Producer Price (USD/tonne)	Lemons and limes	2024	USD	275.600000	A
PP	Brazil	Producer Price (USD/tonne)	Linseed	2018	USD	333.400000	A
PP	Brazil	Producer Price (USD/tonne)	Linseed	2019	USD	339.000000	A
PP	Brazil	Producer Price (USD/tonne)	Linseed	2020	USD	369.800000	A
PP	Brazil	Producer Price (USD/tonne)	Linseed	2021	USD	445.300000	A
PP	Brazil	Producer Price (USD/tonne)	Linseed	2022	USD	489.800000	A
PP	Brazil	Producer Price (USD/tonne)	Linseed	2023	USD	416.300000	A
PP	Brazil	Producer Price (USD/tonne)	Linseed	2024	USD	465.700000	A
PP	Brazil	Producer Price (USD/tonne)	Maize (corn)	2018	USD	125.200000	A
PP	Brazil	Producer Price (USD/tonne)	Maize (corn)	2019	USD	119.300000	A
PP	Brazil	Producer Price (USD/tonne)	Maize (corn)	2020	USD	135.100000	A
PP	Brazil	Producer Price (USD/tonne)	Maize (corn)	2021	USD	243.900000	A
PP	Brazil	Producer Price (USD/tonne)	Maize (corn)	2022	USD	243.800000	A
PP	Brazil	Producer Price (USD/tonne)	Maize (corn)	2023	USD	154.500000	A
PP	Brazil	Producer Price (USD/tonne)	Maize (corn)	2024	USD	142.200000	A
PP	Brazil	Producer Price (USD/tonne)	Mangoes, guavas and mangosteens	2018	USD	276.900000	A
PP	Brazil	Producer Price (USD/tonne)	Mangoes, guavas and mangosteens	2019	USD	293.600000	A
PP	Brazil	Producer Price (USD/tonne)	Mangoes, guavas and mangosteens	2020	USD	226.500000	A
PP	Brazil	Producer Price (USD/tonne)	Mangoes, guavas and mangosteens	2021	USD	240.500000	A
PP	Brazil	Producer Price (USD/tonne)	Mangoes, guavas and mangosteens	2022	USD	260.300000	A
PP	Brazil	Producer Price (USD/tonne)	Mangoes, guavas and mangosteens	2023	USD	368.100000	A
PP	Brazil	Producer Price (USD/tonne)	Mangoes, guavas and mangosteens	2024	USD	366.000000	A
PP	Brazil	Producer Price (USD/tonne)	Maté leaves	2018	USD	228.800000	A
PP	Brazil	Producer Price (USD/tonne)	Maté leaves	2019	USD	234.000000	A
PP	Brazil	Producer Price (USD/tonne)	Maté leaves	2020	USD	212.100000	A
PP	Brazil	Producer Price (USD/tonne)	Maté leaves	2021	USD	240.400000	A
PP	Brazil	Producer Price (USD/tonne)	Maté leaves	2022	USD	265.000000	A
PP	Brazil	Producer Price (USD/tonne)	Maté leaves	2023	USD	260.200000	A
PP	Brazil	Producer Price (USD/tonne)	Maté leaves	2024	USD	223.300000	A
PP	Brazil	Producer Price (USD/tonne)	Natural honey	2018	USD	3250.200000	A
PP	Brazil	Producer Price (USD/tonne)	Natural honey	2019	USD	2724.800000	A
PP	Brazil	Producer Price (USD/tonne)	Natural honey	2020	USD	2341.800000	A
PP	Brazil	Producer Price (USD/tonne)	Natural honey	2021	USD	2834.500000	A
PP	Brazil	Producer Price (USD/tonne)	Natural honey	2022	USD	3044.000000	A
PP	Brazil	Producer Price (USD/tonne)	Natural honey	2023	USD	2830.000000	A
PP	Brazil	Producer Price (USD/tonne)	Natural honey	2024	USD	2784.400000	A
PP	Brazil	Producer Price (USD/tonne)	Natural rubber in primary forms	2018	USD	616.000000	A
PP	Brazil	Producer Price (USD/tonne)	Natural rubber in primary forms	2019	USD	613.100000	A
PP	Brazil	Producer Price (USD/tonne)	Natural rubber in primary forms	2020	USD	497.000000	A
PP	Brazil	Producer Price (USD/tonne)	Natural rubber in primary forms	2021	USD	693.300000	A
PP	Brazil	Producer Price (USD/tonne)	Natural rubber in primary forms	2022	USD	863.700000	A
PP	Brazil	Producer Price (USD/tonne)	Natural rubber in primary forms	2023	USD	605.000000	A
PP	Brazil	Producer Price (USD/tonne)	Natural rubber in primary forms	2024	USD	684.900000	A
PP	Brazil	Producer Price (USD/tonne)	Oats	2018	USD	112.400000	A
PP	Brazil	Producer Price (USD/tonne)	Oats	2019	USD	116.600000	A
PP	Brazil	Producer Price (USD/tonne)	Oats	2020	USD	132.200000	A
PP	Brazil	Producer Price (USD/tonne)	Oats	2021	USD	177.200000	A
PP	Brazil	Producer Price (USD/tonne)	Oats	2022	USD	221.000000	A
PP	Brazil	Producer Price (USD/tonne)	Oats	2023	USD	152.600000	A
PP	Brazil	Producer Price (USD/tonne)	Oats	2024	USD	187.500000	A
PP	Brazil	Producer Price (USD/tonne)	Oil palm fruit	2018	USD	67.900000	A
PP	Brazil	Producer Price (USD/tonne)	Oil palm fruit	2019	USD	63.100000	A
PP	Brazil	Producer Price (USD/tonne)	Oil palm fruit	2020	USD	55.100000	A
PP	Brazil	Producer Price (USD/tonne)	Oil palm fruit	2021	USD	65.800000	A
PP	Brazil	Producer Price (USD/tonne)	Oil palm fruit	2022	USD	80.300000	A
PP	Brazil	Producer Price (USD/tonne)	Oil palm fruit	2023	USD	125.100000	A
PP	Brazil	Producer Price (USD/tonne)	Oil palm fruit	2024	USD	130.900000	A
PP	Brazil	Producer Price (USD/tonne)	Olives	2018	USD	594.800000	A
PP	Brazil	Producer Price (USD/tonne)	Olives	2019	USD	671.700000	A
PP	Brazil	Producer Price (USD/tonne)	Olives	2020	USD	568.800000	A
PP	Brazil	Producer Price (USD/tonne)	Olives	2021	USD	679.200000	A
PP	Brazil	Producer Price (USD/tonne)	Olives	2022	USD	859.100000	A
PP	Brazil	Producer Price (USD/tonne)	Olives	2023	USD	918.800000	A
PP	Brazil	Producer Price (USD/tonne)	Olives	2024	USD	989.000000	A
PP	Brazil	Producer Price (USD/tonne)	Onions and shallots, dry (excluding dehydrated)	2018	USD	291.300000	A
PP	Brazil	Producer Price (USD/tonne)	Onions and shallots, dry (excluding dehydrated)	2019	USD	362.300000	A
PP	Brazil	Producer Price (USD/tonne)	Onions and shallots, dry (excluding dehydrated)	2020	USD	330.700000	A
PP	Brazil	Producer Price (USD/tonne)	Onions and shallots, dry (excluding dehydrated)	2021	USD	281.400000	A
PP	Brazil	Producer Price (USD/tonne)	Onions and shallots, dry (excluding dehydrated)	2022	USD	476.900000	A
PP	Brazil	Producer Price (USD/tonne)	Onions and shallots, dry (excluding dehydrated)	2023	USD	497.400000	A
PP	Brazil	Producer Price (USD/tonne)	Onions and shallots, dry (excluding dehydrated)	2024	USD	427.100000	A
PP	Brazil	Producer Price (USD/tonne)	Oranges	2018	USD	153.400000	A
PP	Brazil	Producer Price (USD/tonne)	Oranges	2019	USD	141.400000	A
PP	Brazil	Producer Price (USD/tonne)	Oranges	2020	USD	124.500000	A
PP	Brazil	Producer Price (USD/tonne)	Oranges	2022	USD	164.100000	A
PP	Brazil	Producer Price (USD/tonne)	Oranges	2023	USD	227.100000	A
PP	Brazil	Producer Price (USD/tonne)	Oranges	2024	USD	337.100000	A
PP	Brazil	Producer Price (USD/tonne)	Other fibre crops, raw, n.e.c.	2018	USD	519.500000	A
PP	Brazil	Producer Price (USD/tonne)	Other fibre crops, raw, n.e.c.	2019	USD	528.000000	A
PP	Brazil	Producer Price (USD/tonne)	Other fibre crops, raw, n.e.c.	2020	USD	479.100000	A
PP	Brazil	Producer Price (USD/tonne)	Other fibre crops, raw, n.e.c.	2021	USD	497.600000	A
PP	Brazil	Producer Price (USD/tonne)	Other fibre crops, raw, n.e.c.	2022	USD	587.800000	A
PP	Brazil	Producer Price (USD/tonne)	Other fibre crops, raw, n.e.c.	2023	USD	922.900000	A
PP	Brazil	Producer Price (USD/tonne)	Other fibre crops, raw, n.e.c.	2024	USD	999.900000	A
PP	Brazil	Producer Price (USD/tonne)	Other tropical fruits, n.e.c.	2018	USD	461.500000	A
PP	Brazil	Producer Price (USD/tonne)	Other tropical fruits, n.e.c.	2019	USD	504.900000	A
PP	Brazil	Producer Price (USD/tonne)	Other tropical fruits, n.e.c.	2020	USD	385.400000	A
PP	Brazil	Producer Price (USD/tonne)	Other tropical fruits, n.e.c.	2021	USD	416.000000	A
PP	Brazil	Producer Price (USD/tonne)	Other tropical fruits, n.e.c.	2022	USD	547.400000	A
PP	Brazil	Producer Price (USD/tonne)	Papayas	2018	USD	239.300000	A
PP	Brazil	Producer Price (USD/tonne)	Papayas	2019	USD	235.000000	A
PP	Brazil	Producer Price (USD/tonne)	Papayas	2020	USD	174.800000	A
PP	Brazil	Producer Price (USD/tonne)	Papayas	2021	USD	209.900000	A
PP	Brazil	Producer Price (USD/tonne)	Papayas	2022	USD	369.500000	A
PP	Brazil	Producer Price (USD/tonne)	Papayas	2023	USD	436.400000	A
PP	Brazil	Producer Price (USD/tonne)	Papayas	2024	USD	346.900000	A
PP	Brazil	Producer Price (USD/tonne)	Peaches and nectarines	2018	USD	509.900000	A
PP	Brazil	Producer Price (USD/tonne)	Peaches and nectarines	2019	USD	531.600000	A
PP	Brazil	Producer Price (USD/tonne)	Peaches and nectarines	2020	USD	438.900000	A
PP	Brazil	Producer Price (USD/tonne)	Peaches and nectarines	2021	USD	480.300000	A
PP	Brazil	Producer Price (USD/tonne)	Peaches and nectarines	2022	USD	445.900000	A
PP	Brazil	Producer Price (USD/tonne)	Peaches and nectarines	2023	USD	645.300000	A
PP	Brazil	Producer Price (USD/tonne)	Peaches and nectarines	2024	USD	716.900000	A
PP	Brazil	Producer Price (USD/tonne)	Pears	2018	USD	525.900000	A
PP	Brazil	Producer Price (USD/tonne)	Pears	2019	USD	644.800000	A
PP	Brazil	Producer Price (USD/tonne)	Pears	2020	USD	472.900000	A
PP	Brazil	Producer Price (USD/tonne)	Pears	2021	USD	467.700000	A
PP	Brazil	Producer Price (USD/tonne)	Pears	2022	USD	530.600000	A
PP	Brazil	Producer Price (USD/tonne)	Pears	2023	USD	713.000000	A
PP	Brazil	Producer Price (USD/tonne)	Pears	2024	USD	781.300000	A
PP	Brazil	Producer Price (USD/tonne)	Peas, dry	2018	USD	988.300000	A
PP	Brazil	Producer Price (USD/tonne)	Peas, dry	2019	USD	1085.100000	A
PP	Brazil	Producer Price (USD/tonne)	Peas, dry	2020	USD	876.100000	A
PP	Brazil	Producer Price (USD/tonne)	Peas, dry	2021	USD	903.200000	A
PP	Brazil	Producer Price (USD/tonne)	Peas, dry	2022	USD	896.500000	A
PP	Brazil	Producer Price (USD/tonne)	Peas, dry	2023	USD	963.300000	A
PP	Brazil	Producer Price (USD/tonne)	Peas, dry	2024	USD	1149.400000	A
PP	Brazil	Producer Price (USD/tonne)	Pepper (Piper spp.), raw	2018	USD	1970.800000	A
PP	Brazil	Producer Price (USD/tonne)	Pepper (Piper spp.), raw	2019	USD	1578.800000	A
PP	Brazil	Producer Price (USD/tonne)	Pepper (Piper spp.), raw	2020	USD	1802.200000	A
PP	Brazil	Producer Price (USD/tonne)	Pepper (Piper spp.), raw	2021	USD	2825.900000	A
PP	Brazil	Producer Price (USD/tonne)	Pepper (Piper spp.), raw	2022	USD	2386.600000	A
PP	Brazil	Producer Price (USD/tonne)	Pepper (Piper spp.), raw	2023	USD	2623.400000	A
PP	Brazil	Producer Price (USD/tonne)	Pepper (Piper spp.), raw	2024	USD	5458.500000	A
PP	Brazil	Producer Price (USD/tonne)	Persimmons	2018	USD	533.000000	A
PP	Brazil	Producer Price (USD/tonne)	Persimmons	2019	USD	441.600000	A
PP	Brazil	Producer Price (USD/tonne)	Persimmons	2020	USD	420.800000	A
PP	Brazil	Producer Price (USD/tonne)	Persimmons	2021	USD	417.600000	A
PP	Brazil	Producer Price (USD/tonne)	Persimmons	2022	USD	504.800000	A
PP	Brazil	Producer Price (USD/tonne)	Persimmons	2023	USD	626.300000	A
PP	Brazil	Producer Price (USD/tonne)	Persimmons	2024	USD	694.200000	A
PP	Brazil	Producer Price (USD/tonne)	Pineapples	2018	USD	221.000000	A
PP	Brazil	Producer Price (USD/tonne)	Pineapples	2019	USD	199.200000	A
PP	Brazil	Producer Price (USD/tonne)	Pineapples	2020	USD	276.500000	A
PP	Brazil	Producer Price (USD/tonne)	Pineapples	2021	USD	312.500000	A
PP	Brazil	Producer Price (USD/tonne)	Pineapples	2022	USD	334.900000	A
PP	Brazil	Producer Price (USD/tonne)	Pineapples	2023	USD	490.600000	A
PP	Brazil	Producer Price (USD/tonne)	Pineapples	2024	USD	548.400000	A
PP	Brazil	Producer Price (USD/tonne)	Potatoes	2018	USD	233.000000	A
PP	Brazil	Producer Price (USD/tonne)	Potatoes	2019	USD	372.500000	A
PP	Brazil	Producer Price (USD/tonne)	Potatoes	2020	USD	282.300000	A
PP	Brazil	Producer Price (USD/tonne)	Potatoes	2022	USD	336.100000	A
PP	Brazil	Producer Price (USD/tonne)	Potatoes	2023	USD	390.500000	A
PP	Brazil	Producer Price (USD/tonne)	Potatoes	2024	USD	534.500000	A
PP	Brazil	Producer Price (USD/tonne)	Quinces	2018	USD	583.100000	A
PP	Brazil	Producer Price (USD/tonne)	Quinces	2019	USD	1178.100000	A
PP	Brazil	Producer Price (USD/tonne)	Quinces	2020	USD	781.800000	A
PP	Brazil	Producer Price (USD/tonne)	Quinces	2021	USD	657.200000	A
PP	Brazil	Producer Price (USD/tonne)	Quinces	2022	USD	794.700000	A
PP	Brazil	Producer Price (USD/tonne)	Quinces	2023	USD	901.200000	A
PP	Brazil	Producer Price (USD/tonne)	Quinces	2024	USD	879.100000	A
PP	Brazil	Producer Price (USD/tonne)	Raw milk of cattle	2018	USD	308.300000	A
PP	Brazil	Producer Price (USD/tonne)	Raw milk of cattle	2019	USD	304.500000	A
PP	Brazil	Producer Price (USD/tonne)	Raw milk of cattle	2020	USD	309.500000	A
PP	Brazil	Producer Price (USD/tonne)	Raw milk of cattle	2021	USD	358.200000	A
PP	Brazil	Producer Price (USD/tonne)	Raw milk of cattle	2022	USD	447.900000	A
PP	Brazil	Producer Price (USD/tonne)	Raw milk of cattle	2023	USD	454.400000	A
PP	Brazil	Producer Price (USD/tonne)	Raw milk of cattle	2024	USD	454.300000	A
PP	Brazil	Producer Price (USD/tonne)	Rice	2018	USD	201.500000	A
PP	Brazil	Producer Price (USD/tonne)	Rice	2019	USD	214.300000	A
PP	Brazil	Producer Price (USD/tonne)	Rice	2020	USD	203.400000	A
PP	Brazil	Producer Price (USD/tonne)	Rice	2021	USD	304.300000	A
PP	Brazil	Producer Price (USD/tonne)	Rice	2022	USD	279.100000	A
PP	Brazil	Producer Price (USD/tonne)	Rice	2023	USD	345.700000	A
PP	Brazil	Producer Price (USD/tonne)	Rice	2024	USD	388.100000	A
PP	Brazil	Producer Price (USD/tonne)	Rye	2018	USD	186.500000	A
PP	Brazil	Producer Price (USD/tonne)	Rye	2019	USD	179.300000	A
PP	Brazil	Producer Price (USD/tonne)	Rye	2020	USD	146.200000	A
PP	Brazil	Producer Price (USD/tonne)	Rye	2021	USD	192.100000	A
PP	Brazil	Producer Price (USD/tonne)	Rye	2022	USD	304.700000	A
PP	Brazil	Producer Price (USD/tonne)	Rye	2023	USD	215.200000	A
PP	Brazil	Producer Price (USD/tonne)	Rye	2024	USD	226.700000	A
PP	Brazil	Producer Price (USD/tonne)	Seed cotton, unginned	2018	USD	707.800000	A
PP	Brazil	Producer Price (USD/tonne)	Seed cotton, unginned	2019	USD	588.500000	A
PP	Brazil	Producer Price (USD/tonne)	Seed cotton, unginned	2020	USD	524.800000	A
PP	Brazil	Producer Price (USD/tonne)	Seed cotton, unginned	2021	USD	859.200000	A
PP	Brazil	Producer Price (USD/tonne)	Seed cotton, unginned	2022	USD	997.000000	A
PP	Brazil	Producer Price (USD/tonne)	Seed cotton, unginned	2023	USD	802.500000	A
PP	Brazil	Producer Price (USD/tonne)	Seed cotton, unginned	2024	USD	682.100000	A
PP	Brazil	Producer Price (USD/tonne)	Shorn wool, greasy, including fleece-washed shorn wool	2018	USD	2740.100000	A
PP	Brazil	Producer Price (USD/tonne)	Shorn wool, greasy, including fleece-washed shorn wool	2019	USD	2282.200000	A
PP	Brazil	Producer Price (USD/tonne)	Shorn wool, greasy, including fleece-washed shorn wool	2020	USD	1724.500000	A
PP	Brazil	Producer Price (USD/tonne)	Shorn wool, greasy, including fleece-washed shorn wool	2021	USD	1716.600000	A
PP	Brazil	Producer Price (USD/tonne)	Shorn wool, greasy, including fleece-washed shorn wool	2022	USD	1816.400000	A
PP	Brazil	Producer Price (USD/tonne)	Shorn wool, greasy, including fleece-washed shorn wool	2023	USD	1188.900000	A
PP	Brazil	Producer Price (USD/tonne)	Silk-worm cocoons suitable for reeling	2018	USD	5093.500000	A
PP	Brazil	Producer Price (USD/tonne)	Silk-worm cocoons suitable for reeling	2019	USD	4909.000000	A
PP	Brazil	Producer Price (USD/tonne)	Silk-worm cocoons suitable for reeling	2020	USD	4048.400000	A
PP	Brazil	Producer Price (USD/tonne)	Silk-worm cocoons suitable for reeling	2021	USD	3868.800000	A
PP	Brazil	Producer Price (USD/tonne)	Silk-worm cocoons suitable for reeling	2022	USD	5114.300000	A
PP	Brazil	Producer Price (USD/tonne)	Silk-worm cocoons suitable for reeling	2023	USD	5982.900000	A
PP	Brazil	Producer Price (USD/tonne)	Silk-worm cocoons suitable for reeling	2024	USD	5869.300000	A
PP	Brazil	Producer Price (USD/tonne)	Sisal, raw	2018	USD	816.300000	A
PP	Brazil	Producer Price (USD/tonne)	Sisal, raw	2019	USD	755.300000	A
PP	Brazil	Producer Price (USD/tonne)	Sisal, raw	2020	USD	636.200000	A
PP	Brazil	Producer Price (USD/tonne)	Sisal, raw	2021	USD	782.500000	A
PP	Brazil	Producer Price (USD/tonne)	Sisal, raw	2022	USD	630.300000	A
PP	Brazil	Producer Price (USD/tonne)	Sisal, raw	2023	USD	652.700000	A
PP	Brazil	Producer Price (USD/tonne)	Sisal, raw	2024	USD	694.400000	A
PP	Brazil	Producer Price (USD/tonne)	Sorghum	2018	USD	90.400000	A
PP	Brazil	Producer Price (USD/tonne)	Sorghum	2019	USD	96.400000	A
PP	Brazil	Producer Price (USD/tonne)	Sorghum	2020	USD	99.500000	A
PP	Brazil	Producer Price (USD/tonne)	Sorghum	2021	USD	198.900000	A
PP	Brazil	Producer Price (USD/tonne)	Sorghum	2022	USD	194.900000	A
PP	Brazil	Producer Price (USD/tonne)	Sorghum	2023	USD	120.600000	A
PP	Brazil	Producer Price (USD/tonne)	Sorghum	2024	USD	122.800000	A
PP	Brazil	Producer Price (USD/tonne)	Soya beans	2018	USD	296.900000	A
PP	Brazil	Producer Price (USD/tonne)	Soya beans	2019	USD	277.800000	A
PP	Brazil	Producer Price (USD/tonne)	Soya beans	2020	USD	269.300000	A
PP	Brazil	Producer Price (USD/tonne)	Soya beans	2021	USD	468.700000	A
PP	Brazil	Producer Price (USD/tonne)	Soya beans	2022	USD	554.400000	A
PP	Brazil	Producer Price (USD/tonne)	Soya beans	2023	USD	458.900000	A
PP	Brazil	Producer Price (USD/tonne)	Soya beans	2024	USD	334.200000	A
PP	Brazil	Producer Price (USD/tonne)	Sugar cane	2018	USD	19.000000	A
PP	Brazil	Producer Price (USD/tonne)	Sugar cane	2019	USD	18.400000	A
PP	Brazil	Producer Price (USD/tonne)	Sugar cane	2020	USD	15.500000	A
PP	Brazil	Producer Price (USD/tonne)	Sugar cane	2021	USD	19.500000	A
PP	Brazil	Producer Price (USD/tonne)	Sugar cane	2022	USD	25.100000	A
PP	Brazil	Producer Price (USD/tonne)	Sugar cane	2023	USD	26.100000	A
PP	Brazil	Producer Price (USD/tonne)	Sugar cane	2024	USD	25.600000	A
PP	Brazil	Producer Price (USD/tonne)	Sunflower seed	2018	USD	304.400000	A
PP	Brazil	Producer Price (USD/tonne)	Sunflower seed	2019	USD	280.000000	A
PP	Brazil	Producer Price (USD/tonne)	Sunflower seed	2020	USD	230.700000	A
PP	Brazil	Producer Price (USD/tonne)	Sunflower seed	2021	USD	399.500000	A
PP	Brazil	Producer Price (USD/tonne)	Sunflower seed	2022	USD	489.600000	A
PP	Brazil	Producer Price (USD/tonne)	Sunflower seed	2023	USD	373.800000	A
PP	Brazil	Producer Price (USD/tonne)	Sunflower seed	2024	USD	353.200000	A
PP	Brazil	Producer Price (USD/tonne)	Sweet potatoes	2018	USD	292.100000	A
PP	Brazil	Producer Price (USD/tonne)	Sweet potatoes	2019	USD	278.900000	A
PP	Brazil	Producer Price (USD/tonne)	Sweet potatoes	2020	USD	231.700000	A
PP	Brazil	Producer Price (USD/tonne)	Sweet potatoes	2021	USD	273.600000	A
PP	Brazil	Producer Price (USD/tonne)	Sweet potatoes	2022	USD	322.400000	A
PP	Brazil	Producer Price (USD/tonne)	Sweet potatoes	2023	USD	381.400000	A
PP	Brazil	Producer Price (USD/tonne)	Sweet potatoes	2024	USD	368.500000	A
PP	Brazil	Producer Price (USD/tonne)	Tangerines, mandarins, clementines	2018	USD	239.500000	A
PP	Brazil	Producer Price (USD/tonne)	Tangerines, mandarins, clementines	2019	USD	257.400000	A
PP	Brazil	Producer Price (USD/tonne)	Tangerines, mandarins, clementines	2020	USD	224.200000	A
PP	Brazil	Producer Price (USD/tonne)	Tangerines, mandarins, clementines	2022	USD	284.400000	A
PP	Brazil	Producer Price (USD/tonne)	Tangerines, mandarins, clementines	2023	USD	373.600000	A
PP	Brazil	Producer Price (USD/tonne)	Tangerines, mandarins, clementines	2024	USD	399.100000	A
PP	Brazil	Producer Price (USD/tonne)	Tea leaves	2018	USD	207.500000	A
PP	Brazil	Producer Price (USD/tonne)	Tea leaves	2019	USD	198.200000	A
PP	Brazil	Producer Price (USD/tonne)	Tea leaves	2020	USD	157.500000	A
PP	Brazil	Producer Price (USD/tonne)	Tea leaves	2021	USD	160.600000	A
PP	Brazil	Producer Price (USD/tonne)	Tea leaves	2022	USD	178.100000	A
PP	Brazil	Producer Price (USD/tonne)	Tea leaves	2023	USD	544.900000	A
PP	Brazil	Producer Price (USD/tonne)	Tea leaves	2024	USD	513.300000	A
PP	Brazil	Producer Price (USD/tonne)	Tomatoes	2018	USD	326.200000	A
PP	Brazil	Producer Price (USD/tonne)	Tomatoes	2019	USD	366.400000	A
PP	Brazil	Producer Price (USD/tonne)	Tomatoes	2020	USD	313.900000	A
PP	Brazil	Producer Price (USD/tonne)	Tomatoes	2021	USD	326.400000	A
PP	Brazil	Producer Price (USD/tonne)	Tomatoes	2022	USD	439.300000	A
PP	Brazil	Producer Price (USD/tonne)	Tomatoes	2023	USD	509.100000	A
PP	Brazil	Producer Price (USD/tonne)	Tomatoes	2024	USD	417.600000	A
PP	Brazil	Producer Price (USD/tonne)	Triticale	2018	USD	133.800000	A
PP	Brazil	Producer Price (USD/tonne)	Triticale	2019	USD	130.100000	A
PP	Brazil	Producer Price (USD/tonne)	Triticale	2020	USD	160.100000	A
PP	Brazil	Producer Price (USD/tonne)	Triticale	2022	USD	243.800000	A
PP	Brazil	Producer Price (USD/tonne)	Triticale	2023	USD	176.900000	A
PP	Brazil	Producer Price (USD/tonne)	Triticale	2024	USD	185.100000	A
PP	Brazil	Producer Price (USD/tonne)	Tung nuts	2018	USD	156.100000	A
PP	Brazil	Producer Price (USD/tonne)	Tung nuts	2019	USD	90.400000	A
PP	Brazil	Producer Price (USD/tonne)	Tung nuts	2020	USD	193.300000	A
PP	Brazil	Producer Price (USD/tonne)	Tung nuts	2021	USD	363.600000	A
PP	Brazil	Producer Price (USD/tonne)	Tung nuts	2022	USD	252.000000	A
PP	Brazil	Producer Price (USD/tonne)	Tung nuts	2023	USD	278.300000	A
PP	Brazil	Producer Price (USD/tonne)	Tung nuts	2024	USD	315.700000	A
PP	Brazil	Producer Price (USD/tonne)	Unmanufactured tobacco	2018	USD	2333.000000	A
PP	Brazil	Producer Price (USD/tonne)	Unmanufactured tobacco	2019	USD	2210.400000	A
PP	Brazil	Producer Price (USD/tonne)	Unmanufactured tobacco	2020	USD	1670.400000	A
PP	Brazil	Producer Price (USD/tonne)	Unmanufactured tobacco	2021	USD	1694.200000	A
PP	Brazil	Producer Price (USD/tonne)	Unmanufactured tobacco	2022	USD	2457.800000	A
PP	Brazil	Producer Price (USD/tonne)	Unmanufactured tobacco	2023	USD	3126.700000	A
PP	Brazil	Producer Price (USD/tonne)	Unmanufactured tobacco	2024	USD	3550.500000	A
PP	Brazil	Producer Price (USD/tonne)	Walnuts, in shell	2018	USD	2260.900000	A
PP	Brazil	Producer Price (USD/tonne)	Walnuts, in shell	2019	USD	2488.800000	A
PP	Brazil	Producer Price (USD/tonne)	Walnuts, in shell	2020	USD	2054.300000	A
PP	Brazil	Producer Price (USD/tonne)	Walnuts, in shell	2021	USD	2210.900000	A
PP	Brazil	Producer Price (USD/tonne)	Walnuts, in shell	2022	USD	2267.400000	A
PP	Brazil	Producer Price (USD/tonne)	Walnuts, in shell	2023	USD	2599.200000	A
PP	Brazil	Producer Price (USD/tonne)	Walnuts, in shell	2024	USD	2678.200000	A
PP	Brazil	Producer Price (USD/tonne)	Watermelons	2018	USD	161.900000	A
PP	Brazil	Producer Price (USD/tonne)	Watermelons	2019	USD	171.000000	A
PP	Brazil	Producer Price (USD/tonne)	Watermelons	2020	USD	157.100000	A
PP	Brazil	Producer Price (USD/tonne)	Watermelons	2022	USD	187.900000	A
PP	Brazil	Producer Price (USD/tonne)	Watermelons	2023	USD	250.200000	A
PP	Brazil	Producer Price (USD/tonne)	Watermelons	2024	USD	227.500000	A
PP	Brazil	Producer Price (USD/tonne)	Wheat	2018	USD	191.800000	A
PP	Brazil	Producer Price (USD/tonne)	Wheat	2019	USD	184.000000	A
PP	Brazil	Producer Price (USD/tonne)	Wheat	2020	USD	207.100000	A
PP	Brazil	Producer Price (USD/tonne)	Wheat	2021	USD	258.900000	A
PP	Brazil	Producer Price (USD/tonne)	Wheat	2022	USD	293.900000	A
PP	Brazil	Producer Price (USD/tonne)	Wheat	2023	USD	198.500000	A
PP	Brazil	Producer Price (USD/tonne)	Wheat	2024	USD	216.800000	A
PP	Canada	Producer Price (USD/tonne)	Apples	2017	USD	463.100000	A
PP	Canada	Producer Price (USD/tonne)	Apples	2018	USD	482.100000	A
PP	Canada	Producer Price (USD/tonne)	Apples	2019	USD	477.400000	A
PP	Canada	Producer Price (USD/tonne)	Apples	2020	USD	490.100000	A
PP	Canada	Producer Price (USD/tonne)	Apples	2021	USD	544.500000	A
PP	Canada	Producer Price (USD/tonne)	Apples	2022	USD	562.900000	A
PP	Canada	Producer Price (USD/tonne)	Apples	2023	USD	578.100000	A
PP	Canada	Producer Price (USD/tonne)	Apples	2024	USD	595.700000	A
PP	Canada	Producer Price (USD/tonne)	Apricots	2017	USD	1473.000000	A
PP	Canada	Producer Price (USD/tonne)	Apricots	2018	USD	1481.600000	A
PP	Canada	Producer Price (USD/tonne)	Apricots	2019	USD	1434.800000	A
PP	Canada	Producer Price (USD/tonne)	Apricots	2020	USD	1399.200000	A
PP	Canada	Producer Price (USD/tonne)	Apricots	2021	USD	2304.500000	A
PP	Canada	Producer Price (USD/tonne)	Apricots	2022	USD	2369.900000	A
PP	Canada	Producer Price (USD/tonne)	Apricots	2023	USD	2616.400000	A
PP	Canada	Producer Price (USD/tonne)	Apricots	2024	USD	2571.500000	A
PP	Canada	Producer Price (USD/tonne)	Asparagus	2017	USD	3451.900000	A
PP	Canada	Producer Price (USD/tonne)	Asparagus	2018	USD	3451.500000	A
PP	Canada	Producer Price (USD/tonne)	Asparagus	2019	USD	3472.600000	A
PP	Canada	Producer Price (USD/tonne)	Asparagus	2020	USD	4068.500000	A
PP	Canada	Producer Price (USD/tonne)	Asparagus	2021	USD	3933.500000	A
PP	Canada	Producer Price (USD/tonne)	Asparagus	2022	USD	4000.700000	A
PP	Canada	Producer Price (USD/tonne)	Asparagus	2023	USD	3766.600000	A
PP	Canada	Producer Price (USD/tonne)	Asparagus	2024	USD	3664.600000	A
PP	Canada	Producer Price (USD/tonne)	Barley	2017	USD	148.800000	A
PP	Canada	Producer Price (USD/tonne)	Barley	2018	USD	163.900000	A
PP	Canada	Producer Price (USD/tonne)	Barley	2019	USD	169.600000	A
PP	Canada	Producer Price (USD/tonne)	Barley	2020	USD	160.900000	A
PP	Canada	Producer Price (USD/tonne)	Barley	2021	USD	214.900000	A
PP	Canada	Producer Price (USD/tonne)	Barley	2022	USD	288.600000	A
PP	Canada	Producer Price (USD/tonne)	Barley	2023	USD	269.200000	A
PP	Canada	Producer Price (USD/tonne)	Barley	2024	USD	202.500000	A
PP	Canada	Producer Price (USD/tonne)	Beans, dry	2017	USD	621.700000	A
PP	Canada	Producer Price (USD/tonne)	Beans, dry	2018	USD	608.300000	A
PP	Canada	Producer Price (USD/tonne)	Beans, dry	2019	USD	602.900000	A
PP	Canada	Producer Price (USD/tonne)	Beans, dry	2020	USD	681.700000	A
PP	Canada	Producer Price (USD/tonne)	Beans, dry	2021	USD	867.800000	A
PP	Canada	Producer Price (USD/tonne)	Beans, dry	2022	USD	926.000000	A
PP	Canada	Producer Price (USD/tonne)	Beans, dry	2023	USD	877.400000	A
PP	Canada	Producer Price (USD/tonne)	Beans, dry	2024	USD	875.400000	A
PP	Canada	Producer Price (USD/tonne)	Blueberries	2017	USD	1048.700000	A
PP	Canada	Producer Price (USD/tonne)	Blueberries	2018	USD	1293.800000	A
PP	Canada	Producer Price (USD/tonne)	Blueberries	2019	USD	1301.900000	A
PP	Canada	Producer Price (USD/tonne)	Blueberries	2020	USD	1441.000000	A
PP	Canada	Producer Price (USD/tonne)	Blueberries	2021	USD	1732.900000	A
PP	Canada	Producer Price (USD/tonne)	Blueberries	2022	USD	1516.800000	A
PP	Canada	Producer Price (USD/tonne)	Blueberries	2023	USD	1163.700000	A
PP	Canada	Producer Price (USD/tonne)	Blueberries	2024	USD	1161.900000	A
PP	Canada	Producer Price (USD/tonne)	Cabbages	2017	USD	351.600000	A
PP	Canada	Producer Price (USD/tonne)	Cabbages	2018	USD	416.800000	A
PP	Canada	Producer Price (USD/tonne)	Cabbages	2019	USD	433.800000	A
PP	Canada	Producer Price (USD/tonne)	Cabbages	2020	USD	455.200000	A
PP	Canada	Producer Price (USD/tonne)	Cabbages	2021	USD	510.700000	A
PP	Canada	Producer Price (USD/tonne)	Cabbages	2022	USD	520.400000	A
PP	Canada	Producer Price (USD/tonne)	Cabbages	2023	USD	541.300000	A
PP	Canada	Producer Price (USD/tonne)	Cabbages	2024	USD	586.900000	A
PP	Canada	Producer Price (USD/tonne)	Canary seed	2017	USD	364.200000	A
PP	Canada	Producer Price (USD/tonne)	Canary seed	2018	USD	357.200000	A
PP	Canada	Producer Price (USD/tonne)	Canary seed	2019	USD	424.000000	A
PP	Canada	Producer Price (USD/tonne)	Canary seed	2020	USD	460.500000	A
PP	Canada	Producer Price (USD/tonne)	Canary seed	2021	USD	614.000000	A
PP	Canada	Producer Price (USD/tonne)	Canary seed	2022	USD	780.100000	A
PP	Canada	Producer Price (USD/tonne)	Canary seed	2023	USD	670.200000	A
PP	Canada	Producer Price (USD/tonne)	Canary seed	2024	USD	628.100000	A
PP	Canada	Producer Price (USD/tonne)	Cantaloupes and other melons	2017	USD	323.500000	A
PP	Canada	Producer Price (USD/tonne)	Cantaloupes and other melons	2018	USD	360.100000	A
PP	Canada	Producer Price (USD/tonne)	Cantaloupes and other melons	2019	USD	372.100000	A
PP	Canada	Producer Price (USD/tonne)	Cantaloupes and other melons	2020	USD	410.900000	A
PP	Canada	Producer Price (USD/tonne)	Cantaloupes and other melons	2021	USD	473.700000	A
PP	Canada	Producer Price (USD/tonne)	Cantaloupes and other melons	2022	USD	465.000000	A
PP	Canada	Producer Price (USD/tonne)	Cantaloupes and other melons	2023	USD	463.500000	A
PP	Canada	Producer Price (USD/tonne)	Cantaloupes and other melons	2024	USD	515.900000	A
PP	Canada	Producer Price (USD/tonne)	Carrots and turnips	2017	USD	274.200000	A
PP	Canada	Producer Price (USD/tonne)	Carrots and turnips	2018	USD	276.300000	A
PP	Canada	Producer Price (USD/tonne)	Carrots and turnips	2019	USD	283.900000	A
PP	Canada	Producer Price (USD/tonne)	Carrots and turnips	2020	USD	287.300000	A
PP	Canada	Producer Price (USD/tonne)	Carrots and turnips	2021	USD	311.200000	A
PP	Canada	Producer Price (USD/tonne)	Carrots and turnips	2022	USD	332.800000	A
PP	Canada	Producer Price (USD/tonne)	Carrots and turnips	2023	USD	347.500000	A
PP	Canada	Producer Price (USD/tonne)	Carrots and turnips	2024	USD	344.900000	A
PP	Canada	Producer Price (USD/tonne)	Cauliflowers and broccoli	2017	USD	695.000000	A
PP	Canada	Producer Price (USD/tonne)	Cauliflowers and broccoli	2018	USD	864.300000	A
PP	Canada	Producer Price (USD/tonne)	Cauliflowers and broccoli	2019	USD	889.900000	A
PP	Canada	Producer Price (USD/tonne)	Cauliflowers and broccoli	2020	USD	932.700000	A
PP	Canada	Producer Price (USD/tonne)	Cauliflowers and broccoli	2021	USD	1030.300000	A
PP	Canada	Producer Price (USD/tonne)	Cauliflowers and broccoli	2022	USD	1018.700000	A
PP	Canada	Producer Price (USD/tonne)	Cauliflowers and broccoli	2023	USD	1073.900000	A
PP	Canada	Producer Price (USD/tonne)	Cauliflowers and broccoli	2024	USD	1110.100000	A
PP	Canada	Producer Price (USD/tonne)	Cherries	2017	USD	2794.900000	A
PP	Canada	Producer Price (USD/tonne)	Cherries	2018	USD	3082.800000	A
PP	Canada	Producer Price (USD/tonne)	Cherries	2019	USD	3043.700000	A
PP	Canada	Producer Price (USD/tonne)	Cherries	2020	USD	3028.600000	A
PP	Canada	Producer Price (USD/tonne)	Cherries	2021	USD	3482.600000	A
PP	Canada	Producer Price (USD/tonne)	Cherries	2022	USD	3408.100000	A
PP	Canada	Producer Price (USD/tonne)	Cherries	2023	USD	3361.200000	A
PP	Canada	Producer Price (USD/tonne)	Cherries	2024	USD	4004.100000	A
PP	Canada	Producer Price (USD/tonne)	Chick peas, dry	2017	USD	946.200000	A
PP	Canada	Producer Price (USD/tonne)	Chick peas, dry	2018	USD	618.100000	A
PP	Canada	Producer Price (USD/tonne)	Chick peas, dry	2019	USD	509.700000	A
PP	Canada	Producer Price (USD/tonne)	Chick peas, dry	2020	USD	392.200000	A
PP	Canada	Producer Price (USD/tonne)	Chick peas, dry	2021	USD	599.600000	A
PP	Canada	Producer Price (USD/tonne)	Chick peas, dry	2022	USD	807.700000	A
PP	Canada	Producer Price (USD/tonne)	Chick peas, dry	2023	USD	861.300000	A
PP	Canada	Producer Price (USD/tonne)	Chick peas, dry	2024	USD	737.800000	A
PP	Canada	Producer Price (USD/tonne)	Chillies and peppers, green (Capsicum spp. and Pimenta spp.)	2017	USD	764.900000	A
PP	Canada	Producer Price (USD/tonne)	Chillies and peppers, green (Capsicum spp. and Pimenta spp.)	2018	USD	826.700000	A
PP	Canada	Producer Price (USD/tonne)	Chillies and peppers, green (Capsicum spp. and Pimenta spp.)	2019	USD	888.400000	A
PP	Canada	Producer Price (USD/tonne)	Chillies and peppers, green (Capsicum spp. and Pimenta spp.)	2020	USD	925.500000	A
PP	Canada	Producer Price (USD/tonne)	Chillies and peppers, green (Capsicum spp. and Pimenta spp.)	2021	USD	1047.700000	A
PP	Canada	Producer Price (USD/tonne)	Chillies and peppers, green (Capsicum spp. and Pimenta spp.)	2022	USD	1058.000000	A
PP	Canada	Producer Price (USD/tonne)	Chillies and peppers, green (Capsicum spp. and Pimenta spp.)	2023	USD	1139.100000	A
PP	Canada	Producer Price (USD/tonne)	Chillies and peppers, green (Capsicum spp. and Pimenta spp.)	2024	USD	1189.300000	A
PP	Canada	Producer Price (USD/tonne)	Cranberries	2017	USD	702.800000	A
PP	Canada	Producer Price (USD/tonne)	Cranberries	2018	USD	648.800000	A
PP	Canada	Producer Price (USD/tonne)	Cranberries	2019	USD	639.400000	A
PP	Canada	Producer Price (USD/tonne)	Cranberries	2020	USD	713.300000	A
PP	Canada	Producer Price (USD/tonne)	Cranberries	2021	USD	697.900000	A
PP	Canada	Producer Price (USD/tonne)	Cranberries	2022	USD	681.400000	A
PP	Canada	Producer Price (USD/tonne)	Cranberries	2023	USD	811.600000	A
PP	Canada	Producer Price (USD/tonne)	Cranberries	2024	USD	698.400000	A
PP	Canada	Producer Price (USD/tonne)	Cucumbers and gherkins	2017	USD	447.800000	A
PP	Canada	Producer Price (USD/tonne)	Cucumbers and gherkins	2018	USD	458.700000	A
PP	Canada	Producer Price (USD/tonne)	Cucumbers and gherkins	2019	USD	476.300000	A
PP	Canada	Producer Price (USD/tonne)	Cucumbers and gherkins	2020	USD	520.900000	A
PP	Canada	Producer Price (USD/tonne)	Cucumbers and gherkins	2021	USD	655.200000	A
PP	Canada	Producer Price (USD/tonne)	Cucumbers and gherkins	2022	USD	645.300000	A
PP	Canada	Producer Price (USD/tonne)	Cucumbers and gherkins	2023	USD	581.700000	A
PP	Canada	Producer Price (USD/tonne)	Cucumbers and gherkins	2024	USD	582.900000	A
PP	Canada	Producer Price (USD/tonne)	Grapes	2017	USD	1243.900000	A
PP	Canada	Producer Price (USD/tonne)	Grapes	2018	USD	1330.000000	A
PP	Canada	Producer Price (USD/tonne)	Grapes	2019	USD	1337.400000	A
PP	Canada	Producer Price (USD/tonne)	Grapes	2020	USD	1395.300000	A
PP	Canada	Producer Price (USD/tonne)	Grapes	2021	USD	1583.100000	A
PP	Canada	Producer Price (USD/tonne)	Grapes	2022	USD	1690.000000	A
PP	Canada	Producer Price (USD/tonne)	Grapes	2023	USD	1471.000000	A
PP	Canada	Producer Price (USD/tonne)	Grapes	2024	USD	1408.800000	A
PP	Canada	Producer Price (USD/tonne)	Green corn (maize)	2017	USD	305.400000	A
PP	Canada	Producer Price (USD/tonne)	Green corn (maize)	2018	USD	313.100000	A
PP	Canada	Producer Price (USD/tonne)	Green corn (maize)	2019	USD	314.200000	A
PP	Canada	Producer Price (USD/tonne)	Green corn (maize)	2020	USD	320.200000	A
PP	Canada	Producer Price (USD/tonne)	Green corn (maize)	2021	USD	352.900000	A
PP	Canada	Producer Price (USD/tonne)	Green corn (maize)	2022	USD	358.400000	A
PP	Canada	Producer Price (USD/tonne)	Green corn (maize)	2023	USD	354.700000	A
PP	Canada	Producer Price (USD/tonne)	Green corn (maize)	2024	USD	348.100000	A
PP	Canada	Producer Price (USD/tonne)	Green garlic	2017	USD	8748.900000	A
PP	Canada	Producer Price (USD/tonne)	Green garlic	2018	USD	8807.200000	A
PP	Canada	Producer Price (USD/tonne)	Green garlic	2019	USD	8812.700000	A
PP	Canada	Producer Price (USD/tonne)	Green garlic	2020	USD	8616.400000	A
PP	Canada	Producer Price (USD/tonne)	Green garlic	2021	USD	9405.200000	A
PP	Canada	Producer Price (USD/tonne)	Green garlic	2022	USD	9115.500000	A
PP	Canada	Producer Price (USD/tonne)	Green garlic	2023	USD	8886.200000	A
PP	Canada	Producer Price (USD/tonne)	Green garlic	2024	USD	8789.600000	A
PP	Canada	Producer Price (USD/tonne)	Hen eggs in shell, fresh	2017	USD	1789.700000	A
PP	Canada	Producer Price (USD/tonne)	Hen eggs in shell, fresh	2018	USD	1849.200000	A
PP	Canada	Producer Price (USD/tonne)	Hen eggs in shell, fresh	2019	USD	1861.200000	A
PP	Canada	Producer Price (USD/tonne)	Hen eggs in shell, fresh	2020	USD	1874.300000	A
PP	Canada	Producer Price (USD/tonne)	Hen eggs in shell, fresh	2021	USD	2180.600000	A
PP	Canada	Producer Price (USD/tonne)	Hen eggs in shell, fresh	2022	USD	2360.500000	A
PP	Canada	Producer Price (USD/tonne)	Hen eggs in shell, fresh	2023	USD	2417.500000	A
PP	Canada	Producer Price (USD/tonne)	Hen eggs in shell, fresh	2024	USD	2393.900000	A
PP	Canada	Producer Price (USD/tonne)	Leeks and other alliaceous vegetables	2017	USD	1371.000000	A
PP	Canada	Producer Price (USD/tonne)	Leeks and other alliaceous vegetables	2018	USD	1422.200000	A
PP	Canada	Producer Price (USD/tonne)	Leeks and other alliaceous vegetables	2019	USD	1450.100000	A
PP	Canada	Producer Price (USD/tonne)	Leeks and other alliaceous vegetables	2020	USD	1537.000000	A
PP	Canada	Producer Price (USD/tonne)	Leeks and other alliaceous vegetables	2021	USD	1692.100000	A
PP	Canada	Producer Price (USD/tonne)	Leeks and other alliaceous vegetables	2022	USD	1704.000000	A
PP	Canada	Producer Price (USD/tonne)	Leeks and other alliaceous vegetables	2023	USD	1715.800000	A
PP	Canada	Producer Price (USD/tonne)	Leeks and other alliaceous vegetables	2024	USD	1691.000000	A
PP	Canada	Producer Price (USD/tonne)	Lentils, dry	2017	USD	483.600000	A
PP	Canada	Producer Price (USD/tonne)	Lentils, dry	2018	USD	307.100000	A
PP	Canada	Producer Price (USD/tonne)	Lentils, dry	2019	USD	315.700000	A
PP	Canada	Producer Price (USD/tonne)	Lentils, dry	2020	USD	434.100000	A
PP	Canada	Producer Price (USD/tonne)	Lentils, dry	2021	USD	620.900000	A
PP	Canada	Producer Price (USD/tonne)	Lentils, dry	2022	USD	660.900000	A
PP	Canada	Producer Price (USD/tonne)	Lentils, dry	2023	USD	640.600000	A
PP	Canada	Producer Price (USD/tonne)	Lentils, dry	2024	USD	598.400000	A
PP	Canada	Producer Price (USD/tonne)	Lettuce and chicory	2017	USD	703.500000	A
PP	Canada	Producer Price (USD/tonne)	Lettuce and chicory	2018	USD	736.900000	A
PP	Canada	Producer Price (USD/tonne)	Lettuce and chicory	2019	USD	731.200000	A
PP	Canada	Producer Price (USD/tonne)	Lettuce and chicory	2020	USD	903.300000	A
PP	Canada	Producer Price (USD/tonne)	Lettuce and chicory	2021	USD	896.600000	A
PP	Canada	Producer Price (USD/tonne)	Lettuce and chicory	2022	USD	982.900000	A
PP	Canada	Producer Price (USD/tonne)	Lettuce and chicory	2023	USD	988.500000	A
PP	Canada	Producer Price (USD/tonne)	Lettuce and chicory	2024	USD	1008.900000	A
PP	Canada	Producer Price (USD/tonne)	Linseed	2017	USD	367.900000	A
PP	Canada	Producer Price (USD/tonne)	Linseed	2018	USD	373.800000	A
PP	Canada	Producer Price (USD/tonne)	Linseed	2019	USD	387.100000	A
PP	Canada	Producer Price (USD/tonne)	Linseed	2020	USD	429.600000	A
PP	Canada	Producer Price (USD/tonne)	Linseed	2021	USD	695.000000	A
PP	Canada	Producer Price (USD/tonne)	Linseed	2022	USD	925.600000	A
PP	Canada	Producer Price (USD/tonne)	Linseed	2023	USD	490.400000	A
PP	Canada	Producer Price (USD/tonne)	Linseed	2024	USD	465.900000	A
PP	Canada	Producer Price (USD/tonne)	Maize (corn)	2017	USD	146.500000	A
PP	Canada	Producer Price (USD/tonne)	Maize (corn)	2018	USD	150.700000	A
PP	Canada	Producer Price (USD/tonne)	Maize (corn)	2019	USD	158.800000	A
PP	Canada	Producer Price (USD/tonne)	Maize (corn)	2020	USD	158.600000	A
PP	Canada	Producer Price (USD/tonne)	Maize (corn)	2021	USD	211.100000	A
PP	Canada	Producer Price (USD/tonne)	Maize (corn)	2022	USD	251.000000	A
PP	Canada	Producer Price (USD/tonne)	Maize (corn)	2023	USD	220.200000	A
PP	Canada	Producer Price (USD/tonne)	Maize (corn)	2024	USD	167.100000	A
PP	Canada	Producer Price (USD/tonne)	Meat of cattle with the bone, fresh or chilled (biological)	2017	USD	2350.100000	A
PP	Canada	Producer Price (USD/tonne)	Meat of cattle with the bone, fresh or chilled (biological)	2018	USD	2283.800000	A
PP	Canada	Producer Price (USD/tonne)	Meat of cattle with the bone, fresh or chilled (biological)	2019	USD	2238.600000	A
PP	Canada	Producer Price (USD/tonne)	Meat of cattle with the bone, fresh or chilled (biological)	2020	USD	2146.300000	A
PP	Canada	Producer Price (USD/tonne)	Meat of cattle with the bone, fresh or chilled (biological)	2021	USD	2468.200000	A
PP	Canada	Producer Price (USD/tonne)	Meat of cattle with the bone, fresh or chilled (biological)	2022	USD	2703.800000	A
PP	Canada	Producer Price (USD/tonne)	Meat of cattle with the bone, fresh or chilled (biological)	2023	USD	3357.900000	A
PP	Canada	Producer Price (USD/tonne)	Meat of cattle with the bone, fresh or chilled (biological)	2024	USD	3742.800000	A
PP	Canada	Producer Price (USD/tonne)	Meat of chickens, fresh or chilled (biological)	2017	USD	1587.400000	A
PP	Canada	Producer Price (USD/tonne)	Meat of chickens, fresh or chilled (biological)	2018	USD	1605.200000	A
PP	Canada	Producer Price (USD/tonne)	Meat of chickens, fresh or chilled (biological)	2019	USD	1605.300000	A
PP	Canada	Producer Price (USD/tonne)	Meat of chickens, fresh or chilled (biological)	2020	USD	1632.900000	A
PP	Canada	Producer Price (USD/tonne)	Meat of chickens, fresh or chilled (biological)	2021	USD	1977.900000	A
PP	Canada	Producer Price (USD/tonne)	Meat of chickens, fresh or chilled (biological)	2022	USD	2112.900000	A
PP	Canada	Producer Price (USD/tonne)	Meat of chickens, fresh or chilled (biological)	2023	USD	2126.100000	A
PP	Canada	Producer Price (USD/tonne)	Meat of chickens, fresh or chilled (biological)	2024	USD	2044.800000	A
PP	Canada	Producer Price (USD/tonne)	Meat of pig with the bone, fresh or chilled (biological)	2017	USD	1182.900000	A
PP	Canada	Producer Price (USD/tonne)	Meat of pig with the bone, fresh or chilled (biological)	2018	USD	1085.000000	A
PP	Canada	Producer Price (USD/tonne)	Meat of pig with the bone, fresh or chilled (biological)	2019	USD	1170.900000	A
PP	Canada	Producer Price (USD/tonne)	Meat of pig with the bone, fresh or chilled (biological)	2020	USD	1109.100000	A
PP	Canada	Producer Price (USD/tonne)	Meat of pig with the bone, fresh or chilled (biological)	2021	USD	1530.900000	A
PP	Canada	Producer Price (USD/tonne)	Meat of pig with the bone, fresh or chilled (biological)	2022	USD	1557.600000	A
PP	Canada	Producer Price (USD/tonne)	Meat of pig with the bone, fresh or chilled (biological)	2023	USD	1330.200000	A
PP	Canada	Producer Price (USD/tonne)	Meat of pig with the bone, fresh or chilled (biological)	2024	USD	1411.900000	A
PP	Canada	Producer Price (USD/tonne)	Meat of sheep, fresh or chilled (biological)	2017	USD	1894.800000	A
PP	Canada	Producer Price (USD/tonne)	Meat of sheep, fresh or chilled (biological)	2018	USD	1927.900000	A
PP	Canada	Producer Price (USD/tonne)	Meat of sheep, fresh or chilled (biological)	2019	USD	1835.000000	A
PP	Canada	Producer Price (USD/tonne)	Meat of sheep, fresh or chilled (biological)	2020	USD	2407.400000	A
PP	Canada	Producer Price (USD/tonne)	Meat of sheep, fresh or chilled (biological)	2021	USD	2985.300000	A
PP	Canada	Producer Price (USD/tonne)	Meat of sheep, fresh or chilled (biological)	2022	USD	2384.100000	A
PP	Canada	Producer Price (USD/tonne)	Meat of sheep, fresh or chilled (biological)	2023	USD	2157.700000	A
PP	Canada	Producer Price (USD/tonne)	Meat of sheep, fresh or chilled (biological)	2024	USD	2758.600000	A
PP	Canada	Producer Price (USD/tonne)	Meat of turkeys, fresh or chilled (biological)	2017	USD	1726.100000	A
PP	Canada	Producer Price (USD/tonne)	Meat of turkeys, fresh or chilled (biological)	2018	USD	1798.200000	A
PP	Canada	Producer Price (USD/tonne)	Meat of turkeys, fresh or chilled (biological)	2019	USD	1748.500000	A
PP	Canada	Producer Price (USD/tonne)	Meat of turkeys, fresh or chilled (biological)	2020	USD	1729.900000	A
PP	Canada	Producer Price (USD/tonne)	Meat of turkeys, fresh or chilled (biological)	2021	USD	2105.500000	A
PP	Canada	Producer Price (USD/tonne)	Meat of turkeys, fresh or chilled (biological)	2022	USD	2266.500000	A
PP	Canada	Producer Price (USD/tonne)	Meat of turkeys, fresh or chilled (biological)	2023	USD	2266.800000	A
PP	Canada	Producer Price (USD/tonne)	Meat of turkeys, fresh or chilled (biological)	2024	USD	2147.000000	A
PP	Canada	Producer Price (USD/tonne)	Mushrooms and truffles	2017	USD	3380.600000	A
PP	Canada	Producer Price (USD/tonne)	Mushrooms and truffles	2018	USD	3400.800000	A
PP	Canada	Producer Price (USD/tonne)	Mushrooms and truffles	2019	USD	3362.700000	A
PP	Canada	Producer Price (USD/tonne)	Mushrooms and truffles	2020	USD	3484.900000	A
PP	Canada	Producer Price (USD/tonne)	Mushrooms and truffles	2021	USD	3782.100000	A
PP	Canada	Producer Price (USD/tonne)	Mushrooms and truffles	2022	USD	3836.100000	A
PP	Canada	Producer Price (USD/tonne)	Mushrooms and truffles	2023	USD	3735.900000	A
PP	Canada	Producer Price (USD/tonne)	Mushrooms and truffles	2024	USD	3777.800000	A
PP	Canada	Producer Price (USD/tonne)	Mustard seed	2018	USD	567.800000	A
PP	Canada	Producer Price (USD/tonne)	Mustard seed	2020	USD	569.400000	A
PP	Canada	Producer Price (USD/tonne)	Mustard seed	2021	USD	841.100000	A
PP	Canada	Producer Price (USD/tonne)	Mustard seed	2022	USD	1417.100000	A
PP	Canada	Producer Price (USD/tonne)	Mustard seed	2023	USD	1333.400000	A
PP	Canada	Producer Price (USD/tonne)	Mustard seed	2024	USD	1092.800000	A
PP	Canada	Producer Price (USD/tonne)	Oats	2017	USD	145.800000	A
PP	Canada	Producer Price (USD/tonne)	Oats	2018	USD	147.000000	A
PP	Canada	Producer Price (USD/tonne)	Oats	2019	USD	159.200000	A
PP	Canada	Producer Price (USD/tonne)	Oats	2020	USD	161.000000	A
PP	Canada	Producer Price (USD/tonne)	Oats	2021	USD	220.900000	A
PP	Canada	Producer Price (USD/tonne)	Oats	2022	USD	345.900000	A
PP	Canada	Producer Price (USD/tonne)	Oats	2023	USD	223.600000	A
PP	Canada	Producer Price (USD/tonne)	Oats	2024	USD	222.100000	A
PP	Canada	Producer Price (USD/tonne)	Onions and shallots, dry (excluding dehydrated)	2017	USD	306.500000	A
PP	Canada	Producer Price (USD/tonne)	Onions and shallots, dry (excluding dehydrated)	2018	USD	321.300000	A
PP	Canada	Producer Price (USD/tonne)	Onions and shallots, dry (excluding dehydrated)	2019	USD	344.700000	A
PP	Canada	Producer Price (USD/tonne)	Onions and shallots, dry (excluding dehydrated)	2020	USD	365.500000	A
PP	Canada	Producer Price (USD/tonne)	Onions and shallots, dry (excluding dehydrated)	2021	USD	405.000000	A
PP	Canada	Producer Price (USD/tonne)	Onions and shallots, dry (excluding dehydrated)	2022	USD	404.600000	A
PP	Canada	Producer Price (USD/tonne)	Onions and shallots, dry (excluding dehydrated)	2023	USD	426.900000	A
PP	Canada	Producer Price (USD/tonne)	Onions and shallots, dry (excluding dehydrated)	2024	USD	436.900000	A
PP	Canada	Producer Price (USD/tonne)	Other beans, green	2017	USD	529.800000	A
PP	Canada	Producer Price (USD/tonne)	Other beans, green	2018	USD	499.900000	A
PP	Canada	Producer Price (USD/tonne)	Other beans, green	2019	USD	508.200000	A
PP	Canada	Producer Price (USD/tonne)	Other beans, green	2020	USD	572.000000	A
PP	Canada	Producer Price (USD/tonne)	Other beans, green	2021	USD	641.600000	A
PP	Canada	Producer Price (USD/tonne)	Other beans, green	2022	USD	748.700000	A
PP	Canada	Producer Price (USD/tonne)	Other beans, green	2023	USD	707.600000	A
PP	Canada	Producer Price (USD/tonne)	Other beans, green	2024	USD	721.200000	A
PP	Canada	Producer Price (USD/tonne)	Peaches and nectarines	2017	USD	1342.300000	A
PP	Canada	Producer Price (USD/tonne)	Peaches and nectarines	2018	USD	1199.100000	A
PP	Canada	Producer Price (USD/tonne)	Peaches and nectarines	2019	USD	1429.500000	A
PP	Canada	Producer Price (USD/tonne)	Peaches and nectarines	2020	USD	1532.000000	A
PP	Canada	Producer Price (USD/tonne)	Peaches and nectarines	2021	USD	1878.600000	A
PP	Canada	Producer Price (USD/tonne)	Peaches and nectarines	2022	USD	1948.400000	A
PP	Canada	Producer Price (USD/tonne)	Peaches and nectarines	2023	USD	1596.400000	A
PP	Canada	Producer Price (USD/tonne)	Peaches and nectarines	2024	USD	1724.200000	A
PP	Canada	Producer Price (USD/tonne)	Pears	2017	USD	851.800000	A
PP	Canada	Producer Price (USD/tonne)	Pears	2018	USD	849.200000	A
PP	Canada	Producer Price (USD/tonne)	Pears	2019	USD	867.400000	A
PP	Canada	Producer Price (USD/tonne)	Pears	2020	USD	881.300000	A
PP	Canada	Producer Price (USD/tonne)	Pears	2021	USD	1115.600000	A
PP	Canada	Producer Price (USD/tonne)	Pears	2022	USD	1256.500000	A
PP	Canada	Producer Price (USD/tonne)	Pears	2023	USD	1208.700000	A
PP	Canada	Producer Price (USD/tonne)	Pears	2024	USD	1262.200000	A
PP	Canada	Producer Price (USD/tonne)	Peas, dry	2017	USD	237.200000	A
PP	Canada	Producer Price (USD/tonne)	Peas, dry	2018	USD	196.600000	A
PP	Canada	Producer Price (USD/tonne)	Peas, dry	2019	USD	190.600000	A
PP	Canada	Producer Price (USD/tonne)	Peas, dry	2020	USD	202.300000	A
PP	Canada	Producer Price (USD/tonne)	Peas, dry	2021	USD	294.600000	A
PP	Canada	Producer Price (USD/tonne)	Peas, dry	2022	USD	388.600000	A
PP	Canada	Producer Price (USD/tonne)	Peas, dry	2023	USD	319.100000	A
PP	Canada	Producer Price (USD/tonne)	Peas, dry	2024	USD	312.000000	A
PP	Canada	Producer Price (USD/tonne)	Peas, green	2017	USD	389.000000	A
PP	Canada	Producer Price (USD/tonne)	Peas, green	2018	USD	376.000000	A
PP	Canada	Producer Price (USD/tonne)	Peas, green	2019	USD	374.700000	A
PP	Canada	Producer Price (USD/tonne)	Peas, green	2020	USD	384.100000	A
PP	Canada	Producer Price (USD/tonne)	Peas, green	2021	USD	446.800000	A
PP	Canada	Producer Price (USD/tonne)	Peas, green	2022	USD	457.600000	A
PP	Canada	Producer Price (USD/tonne)	Peas, green	2023	USD	497.700000	A
PP	Canada	Producer Price (USD/tonne)	Peas, green	2024	USD	540.400000	A
PP	Canada	Producer Price (USD/tonne)	Plums and sloes	2017	USD	1567.800000	A
PP	Canada	Producer Price (USD/tonne)	Plums and sloes	2018	USD	1554.500000	A
PP	Canada	Producer Price (USD/tonne)	Plums and sloes	2019	USD	1661.000000	A
PP	Canada	Producer Price (USD/tonne)	Plums and sloes	2020	USD	1701.900000	A
PP	Canada	Producer Price (USD/tonne)	Plums and sloes	2021	USD	2255.800000	A
PP	Canada	Producer Price (USD/tonne)	Plums and sloes	2022	USD	2160.700000	A
PP	Canada	Producer Price (USD/tonne)	Plums and sloes	2023	USD	2049.000000	A
PP	Canada	Producer Price (USD/tonne)	Plums and sloes	2024	USD	2240.900000	A
PP	Canada	Producer Price (USD/tonne)	Potatoes	2017	USD	230.500000	A
PP	Canada	Producer Price (USD/tonne)	Potatoes	2018	USD	233.800000	A
PP	Canada	Producer Price (USD/tonne)	Potatoes	2019	USD	246.100000	A
PP	Canada	Producer Price (USD/tonne)	Potatoes	2020	USD	251.000000	A
PP	Canada	Producer Price (USD/tonne)	Potatoes	2021	USD	275.000000	A
PP	Canada	Producer Price (USD/tonne)	Potatoes	2022	USD	278.500000	A
PP	Canada	Producer Price (USD/tonne)	Potatoes	2023	USD	304.300000	A
PP	Canada	Producer Price (USD/tonne)	Potatoes	2024	USD	316.400000	A
PP	Canada	Producer Price (USD/tonne)	Pumpkins, squash and gourds	2017	USD	268.100000	A
PP	Canada	Producer Price (USD/tonne)	Pumpkins, squash and gourds	2018	USD	284.800000	A
PP	Canada	Producer Price (USD/tonne)	Pumpkins, squash and gourds	2019	USD	322.300000	A
PP	Canada	Producer Price (USD/tonne)	Pumpkins, squash and gourds	2020	USD	280.700000	A
PP	Canada	Producer Price (USD/tonne)	Pumpkins, squash and gourds	2021	USD	358.600000	A
PP	Canada	Producer Price (USD/tonne)	Pumpkins, squash and gourds	2022	USD	384.200000	A
PP	Canada	Producer Price (USD/tonne)	Pumpkins, squash and gourds	2023	USD	406.900000	A
PP	Canada	Producer Price (USD/tonne)	Pumpkins, squash and gourds	2024	USD	425.100000	A
PP	Canada	Producer Price (USD/tonne)	Rape or colza seed	2017	USD	384.000000	A
PP	Canada	Producer Price (USD/tonne)	Rape or colza seed	2018	USD	384.000000	A
PP	Canada	Producer Price (USD/tonne)	Rape or colza seed	2019	USD	338.000000	A
PP	Canada	Producer Price (USD/tonne)	Rape or colza seed	2020	USD	346.500000	A
PP	Canada	Producer Price (USD/tonne)	Rape or colza seed	2021	USD	531.000000	A
PP	Canada	Producer Price (USD/tonne)	Rape or colza seed	2022	USD	710.700000	A
PP	Canada	Producer Price (USD/tonne)	Rape or colza seed	2023	USD	584.100000	A
PP	Canada	Producer Price (USD/tonne)	Rape or colza seed	2024	USD	460.300000	A
PP	Canada	Producer Price (USD/tonne)	Raspberries	2017	USD	2731.100000	A
PP	Canada	Producer Price (USD/tonne)	Raspberries	2018	USD	2693.900000	A
PP	Canada	Producer Price (USD/tonne)	Raspberries	2019	USD	2694.300000	A
PP	Canada	Producer Price (USD/tonne)	Raspberries	2020	USD	2931.600000	A
PP	Canada	Producer Price (USD/tonne)	Raspberries	2021	USD	3867.000000	A
PP	Canada	Producer Price (USD/tonne)	Raspberries	2022	USD	3736.600000	A
PP	Canada	Producer Price (USD/tonne)	Raspberries	2023	USD	3687.000000	A
PP	Canada	Producer Price (USD/tonne)	Raspberries	2024	USD	3947.700000	A
PP	Canada	Producer Price (USD/tonne)	Raw milk of cattle	2017	USD	564.400000	A
PP	Canada	Producer Price (USD/tonne)	Raw milk of cattle	2018	USD	556.700000	A
PP	Canada	Producer Price (USD/tonne)	Raw milk of cattle	2019	USD	572.100000	A
PP	Canada	Producer Price (USD/tonne)	Raw milk of cattle	2020	USD	569.700000	A
PP	Canada	Producer Price (USD/tonne)	Raw milk of cattle	2021	USD	622.300000	A
PP	Canada	Producer Price (USD/tonne)	Raw milk of cattle	2022	USD	667.000000	A
PP	Canada	Producer Price (USD/tonne)	Raw milk of cattle	2023	USD	664.600000	A
PP	Canada	Producer Price (USD/tonne)	Raw milk of cattle	2024	USD	672.600000	A
PP	Canada	Producer Price (USD/tonne)	Rye	2017	USD	120.000000	A
PP	Canada	Producer Price (USD/tonne)	Rye	2018	USD	151.300000	A
PP	Canada	Producer Price (USD/tonne)	Rye	2019	USD	162.900000	A
PP	Canada	Producer Price (USD/tonne)	Rye	2020	USD	158.200000	A
PP	Canada	Producer Price (USD/tonne)	Rye	2021	USD	201.400000	A
PP	Canada	Producer Price (USD/tonne)	Rye	2022	USD	242.200000	A
PP	Canada	Producer Price (USD/tonne)	Rye	2023	USD	223.400000	A
PP	Canada	Producer Price (USD/tonne)	Rye	2024	USD	183.100000	A
PP	Canada	Producer Price (USD/tonne)	Sour cherries	2017	USD	754.600000	A
PP	Canada	Producer Price (USD/tonne)	Sour cherries	2018	USD	725.400000	A
PP	Canada	Producer Price (USD/tonne)	Sour cherries	2019	USD	880.600000	A
PP	Canada	Producer Price (USD/tonne)	Sour cherries	2020	USD	834.400000	A
PP	Canada	Producer Price (USD/tonne)	Sour cherries	2021	USD	1404.000000	A
PP	Canada	Producer Price (USD/tonne)	Sour cherries	2022	USD	1456.200000	A
PP	Canada	Producer Price (USD/tonne)	Sour cherries	2023	USD	512.100000	A
PP	Canada	Producer Price (USD/tonne)	Sour cherries	2024	USD	720.200000	A
PP	Canada	Producer Price (USD/tonne)	Soya beans	2017	USD	344.100000	A
PP	Canada	Producer Price (USD/tonne)	Soya beans	2018	USD	342.000000	A
PP	Canada	Producer Price (USD/tonne)	Soya beans	2019	USD	319.100000	A
PP	Canada	Producer Price (USD/tonne)	Soya beans	2020	USD	342.400000	A
PP	Canada	Producer Price (USD/tonne)	Soya beans	2021	USD	444.700000	A
PP	Canada	Producer Price (USD/tonne)	Soya beans	2022	USD	524.400000	A
PP	Canada	Producer Price (USD/tonne)	Soya beans	2023	USD	494.100000	A
PP	Canada	Producer Price (USD/tonne)	Soya beans	2024	USD	389.500000	A
PP	Canada	Producer Price (USD/tonne)	Spinach	2017	USD	1656.600000	A
PP	Canada	Producer Price (USD/tonne)	Spinach	2018	USD	1713.500000	A
PP	Canada	Producer Price (USD/tonne)	Spinach	2019	USD	1712.400000	A
PP	Canada	Producer Price (USD/tonne)	Spinach	2020	USD	1879.600000	A
PP	Canada	Producer Price (USD/tonne)	Spinach	2021	USD	1905.800000	A
PP	Canada	Producer Price (USD/tonne)	Spinach	2022	USD	2009.000000	A
PP	Canada	Producer Price (USD/tonne)	Spinach	2023	USD	2010.500000	A
PP	Canada	Producer Price (USD/tonne)	Spinach	2024	USD	2035.800000	A
PP	Canada	Producer Price (USD/tonne)	Strawberries	2017	USD	3367.000000	A
PP	Canada	Producer Price (USD/tonne)	Strawberries	2018	USD	3518.100000	A
PP	Canada	Producer Price (USD/tonne)	Strawberries	2019	USD	3717.200000	A
PP	Canada	Producer Price (USD/tonne)	Strawberries	2020	USD	4009.500000	A
PP	Canada	Producer Price (USD/tonne)	Strawberries	2021	USD	4367.100000	A
PP	Canada	Producer Price (USD/tonne)	Strawberries	2022	USD	4393.500000	A
PP	Canada	Producer Price (USD/tonne)	Strawberries	2023	USD	4760.500000	A
PP	Canada	Producer Price (USD/tonne)	Strawberries	2024	USD	4929.400000	A
PP	Canada	Producer Price (USD/tonne)	Sunflower seed	2017	USD	483.300000	A
PP	Canada	Producer Price (USD/tonne)	Sunflower seed	2018	USD	467.600000	A
PP	Canada	Producer Price (USD/tonne)	Sunflower seed	2019	USD	459.400000	A
PP	Canada	Producer Price (USD/tonne)	Sunflower seed	2020	USD	476.100000	A
PP	Canada	Producer Price (USD/tonne)	Sunflower seed	2021	USD	568.000000	A
PP	Canada	Producer Price (USD/tonne)	Sunflower seed	2022	USD	666.100000	A
PP	Canada	Producer Price (USD/tonne)	Sunflower seed	2023	USD	565.100000	A
PP	Canada	Producer Price (USD/tonne)	Sunflower seed	2024	USD	449.800000	A
PP	Canada	Producer Price (USD/tonne)	Tomatoes	2017	USD	176.800000	A
PP	Canada	Producer Price (USD/tonne)	Tomatoes	2018	USD	164.300000	A
PP	Canada	Producer Price (USD/tonne)	Tomatoes	2019	USD	171.900000	A
PP	Canada	Producer Price (USD/tonne)	Tomatoes	2020	USD	177.500000	A
PP	Canada	Producer Price (USD/tonne)	Tomatoes	2021	USD	181.800000	A
PP	Canada	Producer Price (USD/tonne)	Tomatoes	2022	USD	187.000000	A
PP	Canada	Producer Price (USD/tonne)	Tomatoes	2023	USD	217.000000	A
PP	Canada	Producer Price (USD/tonne)	Tomatoes	2024	USD	217.700000	A
PP	Canada	Producer Price (USD/tonne)	Unmanufactured tobacco	2017	USD	4199.600000	A
PP	Canada	Producer Price (USD/tonne)	Unmanufactured tobacco	2018	USD	4792.600000	A
PP	Canada	Producer Price (USD/tonne)	Unmanufactured tobacco	2019	USD	3783.400000	A
PP	Canada	Producer Price (USD/tonne)	Unmanufactured tobacco	2020	USD	4742.200000	A
PP	Canada	Producer Price (USD/tonne)	Unmanufactured tobacco	2021	USD	5104.200000	A
PP	Canada	Producer Price (USD/tonne)	Unmanufactured tobacco	2022	USD	5170.700000	A
PP	Canada	Producer Price (USD/tonne)	Unmanufactured tobacco	2023	USD	4163.200000	A
PP	Canada	Producer Price (USD/tonne)	Unmanufactured tobacco	2024	USD	4622.600000	A
PP	Canada	Producer Price (USD/tonne)	Watermelons	2017	USD	323.500000	A
PP	Canada	Producer Price (USD/tonne)	Watermelons	2018	USD	360.100000	A
PP	Canada	Producer Price (USD/tonne)	Watermelons	2019	USD	372.100000	A
PP	Canada	Producer Price (USD/tonne)	Watermelons	2020	USD	410.900000	A
PP	Canada	Producer Price (USD/tonne)	Watermelons	2021	USD	473.700000	A
PP	Canada	Producer Price (USD/tonne)	Watermelons	2022	USD	465.000000	A
PP	Canada	Producer Price (USD/tonne)	Watermelons	2023	USD	463.500000	A
PP	Canada	Producer Price (USD/tonne)	Watermelons	2024	USD	515.900000	A
PP	Canada	Producer Price (USD/tonne)	Wheat	2017	USD	180.700000	A
PP	Canada	Producer Price (USD/tonne)	Wheat	2018	USD	189.700000	A
PP	Canada	Producer Price (USD/tonne)	Wheat	2019	USD	180.100000	A
PP	Canada	Producer Price (USD/tonne)	Wheat	2020	USD	181.900000	A
PP	Canada	Producer Price (USD/tonne)	Wheat	2021	USD	256.900000	A
PP	Canada	Producer Price (USD/tonne)	Wheat	2022	USD	341.500000	A
PP	Canada	Producer Price (USD/tonne)	Wheat	2023	USD	292.200000	A
PP	Canada	Producer Price (USD/tonne)	Wheat	2024	USD	227.800000	A
PP	Egypt	Producer Price (USD/tonne)	Apples	2017	USD	187.600000	A
PP	Egypt	Producer Price (USD/tonne)	Apples	2018	USD	191.600000	A
PP	Egypt	Producer Price (USD/tonne)	Apples	2019	USD	506.800000	A
PP	Egypt	Producer Price (USD/tonne)	Apples	2020	USD	675.200000	A
PP	Egypt	Producer Price (USD/tonne)	Apples	2021	USD	783.000000	A
PP	Egypt	Producer Price (USD/tonne)	Apples	2022	USD	677.800000	A
PP	Egypt	Producer Price (USD/tonne)	Apples	2023	USD	544.300000	A
PP	Egypt	Producer Price (USD/tonne)	Apricots	2017	USD	270.600000	A
PP	Egypt	Producer Price (USD/tonne)	Apricots	2018	USD	274.600000	A
PP	Egypt	Producer Price (USD/tonne)	Apricots	2021	USD	1113.500000	A
PP	Egypt	Producer Price (USD/tonne)	Apricots	2022	USD	399.700000	A
PP	Egypt	Producer Price (USD/tonne)	Apricots	2023	USD	458.700000	A
PP	Egypt	Producer Price (USD/tonne)	Artichokes	2017	USD	133.000000	A
PP	Egypt	Producer Price (USD/tonne)	Artichokes	2018	USD	141.600000	A
PP	Egypt	Producer Price (USD/tonne)	Artichokes	2022	USD	643.000000	A
PP	Egypt	Producer Price (USD/tonne)	Artichokes	2023	USD	541.300000	A
PP	Egypt	Producer Price (USD/tonne)	Bananas	2017	USD	286.300000	A
PP	Egypt	Producer Price (USD/tonne)	Bananas	2018	USD	291.900000	A
PP	Egypt	Producer Price (USD/tonne)	Bananas	2019	USD	720.300000	A
PP	Egypt	Producer Price (USD/tonne)	Bananas	2020	USD	838.900000	A
PP	Egypt	Producer Price (USD/tonne)	Bananas	2021	USD	590.000000	A
PP	Egypt	Producer Price (USD/tonne)	Bananas	2022	USD	614.200000	A
PP	Egypt	Producer Price (USD/tonne)	Bananas	2023	USD	1077.500000	A
PP	Egypt	Producer Price (USD/tonne)	Barley	2017	USD	302.300000	A
PP	Egypt	Producer Price (USD/tonne)	Barley	2018	USD	254.200000	A
PP	Egypt	Producer Price (USD/tonne)	Barley	2022	USD	498.400000	A
PP	Egypt	Producer Price (USD/tonne)	Barley	2023	USD	407.300000	A
PP	Egypt	Producer Price (USD/tonne)	Beans, dry	2017	USD	615.200000	A
PP	Egypt	Producer Price (USD/tonne)	Beans, dry	2018	USD	617.300000	A
PP	Egypt	Producer Price (USD/tonne)	Beans, dry	2022	USD	874.200000	A
PP	Egypt	Producer Price (USD/tonne)	Beans, dry	2023	USD	1827.400000	A
PP	Egypt	Producer Price (USD/tonne)	Beeswax	2017	USD	2590.700000	A
PP	Egypt	Producer Price (USD/tonne)	Beeswax	2018	USD	2539.900000	A
PP	Egypt	Producer Price (USD/tonne)	Beeswax	2022	USD	5738.400000	A
PP	Egypt	Producer Price (USD/tonne)	Beeswax	2023	USD	4574.700000	A
PP	Egypt	Producer Price (USD/tonne)	Broad beans and horse beans, dry	2017	USD	469.100000	A
PP	Egypt	Producer Price (USD/tonne)	Broad beans and horse beans, dry	2018	USD	470.000000	A
PP	Egypt	Producer Price (USD/tonne)	Broad beans and horse beans, dry	2022	USD	856.900000	A
PP	Egypt	Producer Price (USD/tonne)	Broad beans and horse beans, dry	2023	USD	827.200000	A
PP	Egypt	Producer Price (USD/tonne)	Cabbages	2017	USD	74.900000	A
PP	Egypt	Producer Price (USD/tonne)	Cabbages	2018	USD	76.400000	A
PP	Egypt	Producer Price (USD/tonne)	Cabbages	2019	USD	314.800000	A
PP	Egypt	Producer Price (USD/tonne)	Cabbages	2020	USD	385.200000	A
PP	Egypt	Producer Price (USD/tonne)	Cabbages	2021	USD	418.000000	A
PP	Egypt	Producer Price (USD/tonne)	Cabbages	2022	USD	631.900000	A
PP	Egypt	Producer Price (USD/tonne)	Cabbages	2023	USD	424.100000	A
PP	Egypt	Producer Price (USD/tonne)	Cantaloupes and other melons	2017	USD	74.200000	A
PP	Egypt	Producer Price (USD/tonne)	Cantaloupes and other melons	2018	USD	80.400000	A
PP	Egypt	Producer Price (USD/tonne)	Cantaloupes and other melons	2022	USD	340.300000	A
PP	Egypt	Producer Price (USD/tonne)	Cantaloupes and other melons	2023	USD	236.000000	A
PP	Egypt	Producer Price (USD/tonne)	Carrots and turnips	2017	USD	62.400000	A
PP	Egypt	Producer Price (USD/tonne)	Carrots and turnips	2018	USD	66.600000	A
PP	Egypt	Producer Price (USD/tonne)	Carrots and turnips	2019	USD	332.700000	A
PP	Egypt	Producer Price (USD/tonne)	Carrots and turnips	2020	USD	396.600000	A
PP	Egypt	Producer Price (USD/tonne)	Carrots and turnips	2021	USD	213.500000	A
PP	Egypt	Producer Price (USD/tonne)	Carrots and turnips	2022	USD	300.800000	A
PP	Egypt	Producer Price (USD/tonne)	Carrots and turnips	2023	USD	277.100000	A
PP	Egypt	Producer Price (USD/tonne)	Cauliflowers and broccoli	2017	USD	70.300000	A
PP	Egypt	Producer Price (USD/tonne)	Cauliflowers and broccoli	2018	USD	70.900000	A
PP	Egypt	Producer Price (USD/tonne)	Cauliflowers and broccoli	2019	USD	478.200000	A
PP	Egypt	Producer Price (USD/tonne)	Cauliflowers and broccoli	2020	USD	461.300000	A
PP	Egypt	Producer Price (USD/tonne)	Cauliflowers and broccoli	2021	USD	363.700000	A
PP	Egypt	Producer Price (USD/tonne)	Cauliflowers and broccoli	2022	USD	74.100000	A
PP	Egypt	Producer Price (USD/tonne)	Cauliflowers and broccoli	2023	USD	154.000000	A
PP	Egypt	Producer Price (USD/tonne)	Chick peas, dry	2017	USD	170.600000	A
PP	Egypt	Producer Price (USD/tonne)	Chick peas, dry	2018	USD	76.400000	A
PP	Egypt	Producer Price (USD/tonne)	Chick peas, dry	2022	USD	1405.000000	A
PP	Egypt	Producer Price (USD/tonne)	Chick peas, dry	2023	USD	1291.300000	A
PP	Egypt	Producer Price (USD/tonne)	Chillies and peppers, green (Capsicum spp. and Pimenta spp.)	2017	USD	125.300000	A
PP	Egypt	Producer Price (USD/tonne)	Chillies and peppers, green (Capsicum spp. and Pimenta spp.)	2018	USD	126.700000	A
PP	Egypt	Producer Price (USD/tonne)	Chillies and peppers, green (Capsicum spp. and Pimenta spp.)	2022	USD	200.400000	A
PP	Egypt	Producer Price (USD/tonne)	Chillies and peppers, green (Capsicum spp. and Pimenta spp.)	2023	USD	329.200000	A
PP	Egypt	Producer Price (USD/tonne)	Cotton seed	2017	USD	253.300000	A
PP	Egypt	Producer Price (USD/tonne)	Cotton seed	2018	USD	256.700000	A
PP	Egypt	Producer Price (USD/tonne)	Cotton seed	2022	USD	2090.600000	A
PP	Egypt	Producer Price (USD/tonne)	Cotton seed	2023	USD	2549.900000	A
PP	Egypt	Producer Price (USD/tonne)	Cow peas, dry	2017	USD	606.100000	A
PP	Egypt	Producer Price (USD/tonne)	Cucumbers and gherkins	2017	USD	121.300000	A
PP	Egypt	Producer Price (USD/tonne)	Cucumbers and gherkins	2018	USD	127.000000	A
PP	Egypt	Producer Price (USD/tonne)	Cucumbers and gherkins	2022	USD	283.700000	A
PP	Egypt	Producer Price (USD/tonne)	Cucumbers and gherkins	2023	USD	254.200000	A
PP	Egypt	Producer Price (USD/tonne)	Dates	2017	USD	165.400000	A
PP	Egypt	Producer Price (USD/tonne)	Dates	2018	USD	196.800000	A
PP	Egypt	Producer Price (USD/tonne)	Dates	2022	USD	377.600000	A
PP	Egypt	Producer Price (USD/tonne)	Dates	2023	USD	256.300000	A
PP	Egypt	Producer Price (USD/tonne)	Eggplants (aubergines)	2017	USD	109.200000	A
PP	Egypt	Producer Price (USD/tonne)	Eggplants (aubergines)	2018	USD	115.500000	A
PP	Egypt	Producer Price (USD/tonne)	Eggplants (aubergines)	2019	USD	410.200000	A
PP	Egypt	Producer Price (USD/tonne)	Eggplants (aubergines)	2020	USD	399.100000	A
PP	Egypt	Producer Price (USD/tonne)	Eggplants (aubergines)	2021	USD	222.400000	A
PP	Egypt	Producer Price (USD/tonne)	Eggplants (aubergines)	2022	USD	326.300000	A
PP	Egypt	Producer Price (USD/tonne)	Eggplants (aubergines)	2023	USD	210.900000	A
PP	Egypt	Producer Price (USD/tonne)	Figs	2017	USD	202.800000	A
PP	Egypt	Producer Price (USD/tonne)	Figs	2018	USD	242.100000	A
PP	Egypt	Producer Price (USD/tonne)	Figs	2022	USD	435.500000	A
PP	Egypt	Producer Price (USD/tonne)	Figs	2023	USD	466.900000	A
PP	Egypt	Producer Price (USD/tonne)	Grapes	2017	USD	231.200000	A
PP	Egypt	Producer Price (USD/tonne)	Grapes	2018	USD	234.600000	A
PP	Egypt	Producer Price (USD/tonne)	Grapes	2019	USD	537.800000	A
PP	Egypt	Producer Price (USD/tonne)	Grapes	2020	USD	754.500000	A
PP	Egypt	Producer Price (USD/tonne)	Grapes	2021	USD	712.700000	A
PP	Egypt	Producer Price (USD/tonne)	Grapes	2022	USD	620.700000	A
PP	Egypt	Producer Price (USD/tonne)	Grapes	2023	USD	2130.300000	A
PP	Egypt	Producer Price (USD/tonne)	Green garlic	2017	USD	167.000000	A
PP	Egypt	Producer Price (USD/tonne)	Green garlic	2018	USD	171.400000	A
PP	Egypt	Producer Price (USD/tonne)	Green garlic	2022	USD	288.800000	A
PP	Egypt	Producer Price (USD/tonne)	Green garlic	2023	USD	681.000000	A
PP	Egypt	Producer Price (USD/tonne)	Groundnuts, excluding shelled	2017	USD	3905.500000	A
PP	Egypt	Producer Price (USD/tonne)	Groundnuts, excluding shelled	2018	USD	4104.300000	A
PP	Egypt	Producer Price (USD/tonne)	Groundnuts, excluding shelled	2022	USD	102.300000	A
PP	Egypt	Producer Price (USD/tonne)	Groundnuts, excluding shelled	2023	USD	1480.200000	A
PP	Egypt	Producer Price (USD/tonne)	Hen eggs in shell, fresh	2017	USD	1545.000000	A
PP	Egypt	Producer Price (USD/tonne)	Hen eggs in shell, fresh	2018	USD	1293.200000	A
PP	Egypt	Producer Price (USD/tonne)	Hen eggs in shell, fresh	2019	USD	1505.200000	A
PP	Egypt	Producer Price (USD/tonne)	Hen eggs in shell, fresh	2020	USD	1776.200000	A
PP	Egypt	Producer Price (USD/tonne)	Hen eggs in shell, fresh	2022	USD	1215.600000	A
PP	Egypt	Producer Price (USD/tonne)	Hen eggs in shell, fresh	2023	USD	2150.000000	A
PP	Egypt	Producer Price (USD/tonne)	Lemons and limes	2017	USD	209.300000	A
PP	Egypt	Producer Price (USD/tonne)	Lemons and limes	2018	USD	317.800000	A
PP	Egypt	Producer Price (USD/tonne)	Lemons and limes	2022	USD	443.600000	A
PP	Egypt	Producer Price (USD/tonne)	Lemons and limes	2023	USD	384.300000	A
PP	Egypt	Producer Price (USD/tonne)	Lentils, dry	2017	USD	649.200000	A
PP	Egypt	Producer Price (USD/tonne)	Lentils, dry	2018	USD	1294.100000	A
PP	Egypt	Producer Price (USD/tonne)	Lentils, dry	2022	USD	1251.600000	A
PP	Egypt	Producer Price (USD/tonne)	Lentils, dry	2023	USD	972.000000	A
PP	Egypt	Producer Price (USD/tonne)	Lettuce and chicory	2017	USD	30.900000	A
PP	Egypt	Producer Price (USD/tonne)	Lettuce and chicory	2018	USD	47.400000	A
PP	Egypt	Producer Price (USD/tonne)	Lettuce and chicory	2022	USD	219.200000	A
PP	Egypt	Producer Price (USD/tonne)	Lettuce and chicory	2023	USD	159.200000	A
PP	Egypt	Producer Price (USD/tonne)	Linseed	2017	USD	352.900000	A
PP	Egypt	Producer Price (USD/tonne)	Linseed	2022	USD	1060.000000	A
PP	Egypt	Producer Price (USD/tonne)	Linseed	2023	USD	807.500000	A
PP	Egypt	Producer Price (USD/tonne)	Lupins	2017	USD	501.200000	A
PP	Egypt	Producer Price (USD/tonne)	Lupins	2018	USD	1204.400000	A
PP	Egypt	Producer Price (USD/tonne)	Lupins	2022	USD	1307.900000	A
PP	Egypt	Producer Price (USD/tonne)	Lupins	2023	USD	855.700000	A
PP	Egypt	Producer Price (USD/tonne)	Maize (corn)	2017	USD	160.700000	A
PP	Egypt	Producer Price (USD/tonne)	Maize (corn)	2018	USD	165.100000	A
PP	Egypt	Producer Price (USD/tonne)	Maize (corn)	2019	USD	325.200000	A
PP	Egypt	Producer Price (USD/tonne)	Maize (corn)	2020	USD	353.500000	A
PP	Egypt	Producer Price (USD/tonne)	Maize (corn)	2021	USD	291.800000	A
PP	Egypt	Producer Price (USD/tonne)	Maize (corn)	2022	USD	492.500000	A
PP	Egypt	Producer Price (USD/tonne)	Maize (corn)	2023	USD	470.200000	A
PP	Egypt	Producer Price (USD/tonne)	Mangoes, guavas and mangosteens	2017	USD	248.800000	A
PP	Egypt	Producer Price (USD/tonne)	Mangoes, guavas and mangosteens	2018	USD	255.400000	A
PP	Egypt	Producer Price (USD/tonne)	Mangoes, guavas and mangosteens	2019	USD	986.800000	A
PP	Egypt	Producer Price (USD/tonne)	Mangoes, guavas and mangosteens	2020	USD	1078.700000	A
PP	Egypt	Producer Price (USD/tonne)	Mangoes, guavas and mangosteens	2021	USD	1294.400000	A
PP	Egypt	Producer Price (USD/tonne)	Mangoes, guavas and mangosteens	2022	USD	912.000000	A
PP	Egypt	Producer Price (USD/tonne)	Mangoes, guavas and mangosteens	2023	USD	725.800000	A
PP	Egypt	Producer Price (USD/tonne)	Meat of asses, fresh or chilled (biological)	2019	USD	2621.900000	A
PP	Egypt	Producer Price (USD/tonne)	Meat of asses, fresh or chilled (biological)	2020	USD	2863.100000	A
PP	Egypt	Producer Price (USD/tonne)	Meat of asses, fresh or chilled (biological)	2021	USD	2639.300000	A
PP	Egypt	Producer Price (USD/tonne)	Meat of asses, fresh or chilled (biological)	2022	USD	2772.500000	A
PP	Egypt	Producer Price (USD/tonne)	Meat of asses, fresh or chilled (biological)	2023	USD	3191.000000	A
PP	Egypt	Producer Price (USD/tonne)	Meat of buffalo, fresh or chilled	2017	USD	4149.300000	A
PP	Egypt	Producer Price (USD/tonne)	Meat of buffalo, fresh or chilled	2018	USD	4570.000000	A
PP	Egypt	Producer Price (USD/tonne)	Meat of buffalo, fresh or chilled	2022	USD	5475.900000	A
PP	Egypt	Producer Price (USD/tonne)	Meat of buffalo, fresh or chilled	2023	USD	5814.600000	A
PP	Egypt	Producer Price (USD/tonne)	Meat of buffalo, fresh or chilled (biological)	2017	USD	2144.600000	A
PP	Egypt	Producer Price (USD/tonne)	Meat of buffalo, fresh or chilled (biological)	2018	USD	2641.800000	A
PP	Egypt	Producer Price (USD/tonne)	Meat of buffalo, fresh or chilled (biological)	2019	USD	7352.800000	A
PP	Egypt	Producer Price (USD/tonne)	Meat of buffalo, fresh or chilled (biological)	2020	USD	7103.200000	A
PP	Egypt	Producer Price (USD/tonne)	Meat of buffalo, fresh or chilled (biological)	2021	USD	6610.600000	A
PP	Egypt	Producer Price (USD/tonne)	Meat of buffalo, fresh or chilled (biological)	2022	USD	7119.700000	A
PP	Egypt	Producer Price (USD/tonne)	Meat of buffalo, fresh or chilled (biological)	2023	USD	7528.100000	A
PP	Egypt	Producer Price (USD/tonne)	Meat of camels, fresh or chilled	2017	USD	3569.300000	A
PP	Egypt	Producer Price (USD/tonne)	Meat of camels, fresh or chilled	2018	USD	5520.900000	A
PP	Egypt	Producer Price (USD/tonne)	Meat of camels, fresh or chilled	2022	USD	5396.100000	A
PP	Egypt	Producer Price (USD/tonne)	Meat of camels, fresh or chilled	2023	USD	5550.300000	A
PP	Egypt	Producer Price (USD/tonne)	Meat of camels, fresh or chilled (biological)	2017	USD	2343.400000	A
PP	Egypt	Producer Price (USD/tonne)	Meat of camels, fresh or chilled (biological)	2018	USD	2886.600000	A
PP	Egypt	Producer Price (USD/tonne)	Meat of cattle with the bone, fresh or chilled	2017	USD	4125.000000	A
PP	Egypt	Producer Price (USD/tonne)	Meat of cattle with the bone, fresh or chilled	2018	USD	4649.700000	A
PP	Egypt	Producer Price (USD/tonne)	Meat of cattle with the bone, fresh or chilled	2022	USD	5763.900000	A
PP	Egypt	Producer Price (USD/tonne)	Meat of cattle with the bone, fresh or chilled	2023	USD	6227.600000	A
PP	Egypt	Producer Price (USD/tonne)	Meat of cattle with the bone, fresh or chilled (biological)	2017	USD	2889.400000	A
PP	Egypt	Producer Price (USD/tonne)	Meat of cattle with the bone, fresh or chilled (biological)	2018	USD	3559.200000	A
PP	Egypt	Producer Price (USD/tonne)	Meat of chickens, fresh or chilled	2017	USD	1510.500000	A
PP	Egypt	Producer Price (USD/tonne)	Meat of chickens, fresh or chilled	2018	USD	1455.300000	A
PP	Egypt	Producer Price (USD/tonne)	Meat of chickens, fresh or chilled	2022	USD	2850.700000	A
PP	Egypt	Producer Price (USD/tonne)	Meat of chickens, fresh or chilled	2023	USD	3594.100000	A
PP	Egypt	Producer Price (USD/tonne)	Meat of chickens, fresh or chilled (biological)	2019	USD	2301.100000	A
PP	Egypt	Producer Price (USD/tonne)	Meat of chickens, fresh or chilled (biological)	2020	USD	2391.000000	A
PP	Egypt	Producer Price (USD/tonne)	Meat of chickens, fresh or chilled (biological)	2021	USD	2400.800000	A
PP	Egypt	Producer Price (USD/tonne)	Meat of chickens, fresh or chilled (biological)	2022	USD	2508.200000	A
PP	Egypt	Producer Price (USD/tonne)	Meat of chickens, fresh or chilled (biological)	2023	USD	1278.000000	A
PP	Egypt	Producer Price (USD/tonne)	Meat of ducks, fresh or chilled	2017	USD	2428.700000	A
PP	Egypt	Producer Price (USD/tonne)	Meat of ducks, fresh or chilled	2018	USD	2158.100000	A
PP	Egypt	Producer Price (USD/tonne)	Meat of ducks, fresh or chilled	2022	USD	4196.100000	A
PP	Egypt	Producer Price (USD/tonne)	Meat of ducks, fresh or chilled	2023	USD	4039.400000	A
PP	Egypt	Producer Price (USD/tonne)	Meat of ducks, fresh or chilled (biological)	2017	USD	2607.800000	A
PP	Egypt	Producer Price (USD/tonne)	Meat of ducks, fresh or chilled (biological)	2018	USD	3212.400000	A
PP	Egypt	Producer Price (USD/tonne)	Meat of ducks, fresh or chilled (biological)	2019	USD	2819.200000	A
PP	Egypt	Producer Price (USD/tonne)	Meat of ducks, fresh or chilled (biological)	2020	USD	2965.300000	A
PP	Egypt	Producer Price (USD/tonne)	Meat of ducks, fresh or chilled (biological)	2021	USD	2574.100000	A
PP	Egypt	Producer Price (USD/tonne)	Meat of ducks, fresh or chilled (biological)	2022	USD	2856.400000	A
PP	Egypt	Producer Price (USD/tonne)	Meat of ducks, fresh or chilled (biological)	2023	USD	2960.200000	A
PP	Egypt	Producer Price (USD/tonne)	Meat of geese, fresh or chilled	2017	USD	1915.400000	A
PP	Egypt	Producer Price (USD/tonne)	Meat of geese, fresh or chilled	2018	USD	2138.800000	A
PP	Egypt	Producer Price (USD/tonne)	Meat of geese, fresh or chilled	2022	USD	3402.400000	A
PP	Egypt	Producer Price (USD/tonne)	Meat of geese, fresh or chilled	2023	USD	4094.600000	A
PP	Egypt	Producer Price (USD/tonne)	Meat of goat, fresh or chilled	2017	USD	4785.000000	A
PP	Egypt	Producer Price (USD/tonne)	Meat of goat, fresh or chilled	2018	USD	7297.000000	A
PP	Egypt	Producer Price (USD/tonne)	Meat of goat, fresh or chilled	2022	USD	6473.100000	A
PP	Egypt	Producer Price (USD/tonne)	Meat of goat, fresh or chilled	2023	USD	7182.600000	A
PP	Egypt	Producer Price (USD/tonne)	Meat of goat, fresh or chilled (biological)	2017	USD	6426.200000	A
PP	Egypt	Producer Price (USD/tonne)	Meat of goat, fresh or chilled (biological)	2018	USD	7916.000000	A
PP	Egypt	Producer Price (USD/tonne)	Meat of pig with the bone, fresh or chilled	2022	USD	3914.300000	A
PP	Egypt	Producer Price (USD/tonne)	Meat of pig with the bone, fresh or chilled	2023	USD	2448.900000	A
PP	Egypt	Producer Price (USD/tonne)	Meat of pigeons and other birds n.e.c., fresh, chilled or frozen	2017	USD	3709.900000	A
PP	Egypt	Producer Price (USD/tonne)	Meat of pigeons and other birds n.e.c., fresh, chilled or frozen	2018	USD	3793.600000	A
PP	Egypt	Producer Price (USD/tonne)	Meat of pigeons and other birds n.e.c., fresh, chilled or frozen (biological)	2017	USD	3362.700000	A
PP	Egypt	Producer Price (USD/tonne)	Meat of pigeons and other birds n.e.c., fresh, chilled or frozen (biological)	2018	USD	4142.300000	A
PP	Egypt	Producer Price (USD/tonne)	Meat of rabbits and hares, fresh or chilled	2017	USD	2487.600000	A
PP	Egypt	Producer Price (USD/tonne)	Meat of rabbits and hares, fresh or chilled	2018	USD	2146.100000	A
PP	Egypt	Producer Price (USD/tonne)	Meat of rabbits and hares, fresh or chilled	2022	USD	4993.700000	A
PP	Egypt	Producer Price (USD/tonne)	Meat of rabbits and hares, fresh or chilled	2023	USD	4591.700000	A
PP	Egypt	Producer Price (USD/tonne)	Meat of rabbits and hares, fresh or chilled (biological)	2019	USD	2710.100000	A
PP	Egypt	Producer Price (USD/tonne)	Meat of rabbits and hares, fresh or chilled (biological)	2020	USD	2976.000000	A
PP	Egypt	Producer Price (USD/tonne)	Meat of rabbits and hares, fresh or chilled (biological)	2021	USD	2588.100000	A
PP	Egypt	Producer Price (USD/tonne)	Meat of rabbits and hares, fresh or chilled (biological)	2022	USD	2703.300000	A
PP	Egypt	Producer Price (USD/tonne)	Meat of rabbits and hares, fresh or chilled (biological)	2023	USD	2530.500000	A
PP	Egypt	Producer Price (USD/tonne)	Meat of sheep, fresh or chilled	2017	USD	4748.400000	A
PP	Egypt	Producer Price (USD/tonne)	Meat of sheep, fresh or chilled	2018	USD	5230.900000	A
PP	Egypt	Producer Price (USD/tonne)	Meat of sheep, fresh or chilled	2022	USD	5186.800000	A
PP	Egypt	Producer Price (USD/tonne)	Meat of sheep, fresh or chilled	2023	USD	5428.200000	A
PP	Egypt	Producer Price (USD/tonne)	Meat of sheep, fresh or chilled (biological)	2017	USD	5293.200000	A
PP	Egypt	Producer Price (USD/tonne)	Meat of sheep, fresh or chilled (biological)	2018	USD	6520.300000	A
PP	Egypt	Producer Price (USD/tonne)	Meat of turkeys, fresh or chilled	2017	USD	2189.700000	A
PP	Egypt	Producer Price (USD/tonne)	Meat of turkeys, fresh or chilled	2018	USD	1651.900000	A
PP	Egypt	Producer Price (USD/tonne)	Meat of turkeys, fresh or chilled	2022	USD	3696.100000	A
PP	Egypt	Producer Price (USD/tonne)	Meat of turkeys, fresh or chilled	2023	USD	4306.100000	A
PP	Egypt	Producer Price (USD/tonne)	Natural honey	2017	USD	2273.600000	A
PP	Egypt	Producer Price (USD/tonne)	Natural honey	2018	USD	2226.600000	A
PP	Egypt	Producer Price (USD/tonne)	Natural honey	2022	USD	3407.000000	A
PP	Egypt	Producer Price (USD/tonne)	Natural honey	2023	USD	3051.300000	A
PP	Egypt	Producer Price (USD/tonne)	Okra	2017	USD	314.500000	A
PP	Egypt	Producer Price (USD/tonne)	Okra	2018	USD	318.300000	A
PP	Egypt	Producer Price (USD/tonne)	Okra	2019	USD	1111.500000	A
PP	Egypt	Producer Price (USD/tonne)	Okra	2020	USD	1121.300000	A
PP	Egypt	Producer Price (USD/tonne)	Okra	2021	USD	663.500000	A
PP	Egypt	Producer Price (USD/tonne)	Okra	2022	USD	780.800000	A
PP	Egypt	Producer Price (USD/tonne)	Okra	2023	USD	506.000000	A
PP	Egypt	Producer Price (USD/tonne)	Olives	2017	USD	301.100000	A
PP	Egypt	Producer Price (USD/tonne)	Olives	2018	USD	304.600000	A
PP	Egypt	Producer Price (USD/tonne)	Olives	2022	USD	625.700000	A
PP	Egypt	Producer Price (USD/tonne)	Olives	2023	USD	998.600000	A
PP	Egypt	Producer Price (USD/tonne)	Onions and shallots, dry (excluding dehydrated)	2017	USD	108.900000	A
PP	Egypt	Producer Price (USD/tonne)	Onions and shallots, dry (excluding dehydrated)	2018	USD	110.900000	A
PP	Egypt	Producer Price (USD/tonne)	Onions and shallots, dry (excluding dehydrated)	2019	USD	403.100000	A
PP	Egypt	Producer Price (USD/tonne)	Onions and shallots, dry (excluding dehydrated)	2020	USD	387.100000	A
PP	Egypt	Producer Price (USD/tonne)	Onions and shallots, dry (excluding dehydrated)	2021	USD	217.300000	A
PP	Egypt	Producer Price (USD/tonne)	Onions and shallots, dry (excluding dehydrated)	2022	USD	184.900000	A
PP	Egypt	Producer Price (USD/tonne)	Onions and shallots, dry (excluding dehydrated)	2023	USD	504.600000	A
PP	Egypt	Producer Price (USD/tonne)	Oranges	2017	USD	100.900000	A
PP	Egypt	Producer Price (USD/tonne)	Oranges	2018	USD	106.000000	A
PP	Egypt	Producer Price (USD/tonne)	Oranges	2019	USD	293.400000	A
PP	Egypt	Producer Price (USD/tonne)	Oranges	2020	USD	443.600000	A
PP	Egypt	Producer Price (USD/tonne)	Oranges	2021	USD	315.800000	A
PP	Egypt	Producer Price (USD/tonne)	Oranges	2022	USD	204.300000	A
PP	Egypt	Producer Price (USD/tonne)	Oranges	2023	USD	2286.900000	A
PP	Egypt	Producer Price (USD/tonne)	Other beans, green	2017	USD	254.500000	A
PP	Egypt	Producer Price (USD/tonne)	Other beans, green	2018	USD	265.800000	A
PP	Egypt	Producer Price (USD/tonne)	Other beans, green	2022	USD	549.000000	A
PP	Egypt	Producer Price (USD/tonne)	Other beans, green	2023	USD	448.900000	A
PP	Egypt	Producer Price (USD/tonne)	Other citrus fruit, n.e.c.	2022	USD	207.300000	A
PP	Egypt	Producer Price (USD/tonne)	Other citrus fruit, n.e.c.	2023	USD	163.100000	A
PP	Egypt	Producer Price (USD/tonne)	Peaches and nectarines	2017	USD	143.200000	A
PP	Egypt	Producer Price (USD/tonne)	Peaches and nectarines	2018	USD	147.800000	A
PP	Egypt	Producer Price (USD/tonne)	Peaches and nectarines	2022	USD	421.700000	A
PP	Egypt	Producer Price (USD/tonne)	Peaches and nectarines	2023	USD	275.600000	A
PP	Egypt	Producer Price (USD/tonne)	Pears	2017	USD	233.000000	A
PP	Egypt	Producer Price (USD/tonne)	Pears	2018	USD	234.700000	A
PP	Egypt	Producer Price (USD/tonne)	Pears	2019	USD	722.700000	A
PP	Egypt	Producer Price (USD/tonne)	Pears	2020	USD	819.800000	A
PP	Egypt	Producer Price (USD/tonne)	Pears	2021	USD	845.700000	A
PP	Egypt	Producer Price (USD/tonne)	Pears	2022	USD	722.300000	A
PP	Egypt	Producer Price (USD/tonne)	Pears	2023	USD	603.700000	A
PP	Egypt	Producer Price (USD/tonne)	Peas, dry	2017	USD	305.000000	A
PP	Egypt	Producer Price (USD/tonne)	Peas, dry	2018	USD	1465.100000	A
PP	Egypt	Producer Price (USD/tonne)	Peas, dry	2022	USD	882.300000	A
PP	Egypt	Producer Price (USD/tonne)	Peas, dry	2023	USD	1959.100000	A
PP	Egypt	Producer Price (USD/tonne)	Peas, green	2017	USD	222.200000	A
PP	Egypt	Producer Price (USD/tonne)	Peas, green	2018	USD	223.400000	A
PP	Egypt	Producer Price (USD/tonne)	Peas, green	2019	USD	749.500000	A
PP	Egypt	Producer Price (USD/tonne)	Peas, green	2020	USD	623.800000	A
PP	Egypt	Producer Price (USD/tonne)	Peas, green	2021	USD	356.700000	A
PP	Egypt	Producer Price (USD/tonne)	Peas, green	2022	USD	568.400000	A
PP	Egypt	Producer Price (USD/tonne)	Peas, green	2023	USD	458.000000	A
PP	Egypt	Producer Price (USD/tonne)	Plums and sloes	2017	USD	404.200000	A
PP	Egypt	Producer Price (USD/tonne)	Plums and sloes	2018	USD	406.600000	A
PP	Egypt	Producer Price (USD/tonne)	Plums and sloes	2022	USD	902.600000	A
PP	Egypt	Producer Price (USD/tonne)	Plums and sloes	2023	USD	471.100000	A
PP	Egypt	Producer Price (USD/tonne)	Potatoes	2017	USD	114.400000	A
PP	Egypt	Producer Price (USD/tonne)	Potatoes	2018	USD	126.200000	A
PP	Egypt	Producer Price (USD/tonne)	Potatoes	2019	USD	396.500000	A
PP	Egypt	Producer Price (USD/tonne)	Potatoes	2020	USD	463.200000	A
PP	Egypt	Producer Price (USD/tonne)	Potatoes	2021	USD	361.100000	A
PP	Egypt	Producer Price (USD/tonne)	Potatoes	2022	USD	347.500000	A
PP	Egypt	Producer Price (USD/tonne)	Potatoes	2023	USD	266.400000	A
PP	Egypt	Producer Price (USD/tonne)	Pumpkins, squash and gourds	2017	USD	118.300000	A
PP	Egypt	Producer Price (USD/tonne)	Pumpkins, squash and gourds	2018	USD	115.400000	A
PP	Egypt	Producer Price (USD/tonne)	Pumpkins, squash and gourds	2022	USD	231.300000	A
PP	Egypt	Producer Price (USD/tonne)	Pumpkins, squash and gourds	2023	USD	282.500000	A
PP	Egypt	Producer Price (USD/tonne)	Raw milk of buffalo	2017	USD	423.300000	A
PP	Egypt	Producer Price (USD/tonne)	Raw milk of buffalo	2018	USD	470.500000	A
PP	Egypt	Producer Price (USD/tonne)	Raw milk of buffalo	2022	USD	700.400000	A
PP	Egypt	Producer Price (USD/tonne)	Raw milk of buffalo	2023	USD	646.000000	A
PP	Egypt	Producer Price (USD/tonne)	Raw milk of cattle	2017	USD	316.500000	A
PP	Egypt	Producer Price (USD/tonne)	Raw milk of cattle	2018	USD	391.700000	A
PP	Egypt	Producer Price (USD/tonne)	Raw milk of cattle	2019	USD	807.400000	A
PP	Egypt	Producer Price (USD/tonne)	Raw milk of cattle	2020	USD	863.600000	A
PP	Egypt	Producer Price (USD/tonne)	Raw milk of cattle	2021	USD	663.500000	A
PP	Egypt	Producer Price (USD/tonne)	Raw milk of cattle	2022	USD	572.500000	A
PP	Egypt	Producer Price (USD/tonne)	Raw milk of cattle	2023	USD	520.000000	A
PP	Egypt	Producer Price (USD/tonne)	Raw milk of goats	2017	USD	283.900000	A
PP	Egypt	Producer Price (USD/tonne)	Raw milk of goats	2018	USD	281.400000	A
PP	Egypt	Producer Price (USD/tonne)	Raw milk of goats	2022	USD	636.500000	A
PP	Egypt	Producer Price (USD/tonne)	Raw milk of goats	2023	USD	583.000000	A
PP	Egypt	Producer Price (USD/tonne)	Raw milk of sheep	2022	USD	3131.500000	A
PP	Egypt	Producer Price (USD/tonne)	Raw milk of sheep	2023	USD	2285.600000	A
PP	Egypt	Producer Price (USD/tonne)	Rice	2017	USD	197.000000	A
PP	Egypt	Producer Price (USD/tonne)	Rice	2018	USD	199.900000	A
PP	Egypt	Producer Price (USD/tonne)	Rice	2022	USD	780.500000	A
PP	Egypt	Producer Price (USD/tonne)	Rice	2023	USD	612.600000	A
PP	Egypt	Producer Price (USD/tonne)	Seed cotton, unginned	2017	USD	253.300000	A
PP	Egypt	Producer Price (USD/tonne)	Seed cotton, unginned	2018	USD	256.700000	A
PP	Egypt	Producer Price (USD/tonne)	Seed cotton, unginned	2022	USD	1304.800000	A
PP	Egypt	Producer Price (USD/tonne)	Seed cotton, unginned	2023	USD	816.300000	A
PP	Egypt	Producer Price (USD/tonne)	Sesame seed	2017	USD	914.800000	A
PP	Egypt	Producer Price (USD/tonne)	Sesame seed	2018	USD	1028.600000	A
PP	Egypt	Producer Price (USD/tonne)	Sesame seed	2022	USD	241.600000	A
PP	Egypt	Producer Price (USD/tonne)	Sesame seed	2023	USD	248.800000	A
PP	Egypt	Producer Price (USD/tonne)	Sorghum	2017	USD	160.700000	A
PP	Egypt	Producer Price (USD/tonne)	Sorghum	2018	USD	166.000000	A
PP	Egypt	Producer Price (USD/tonne)	Sorghum	2022	USD	143.500000	A
PP	Egypt	Producer Price (USD/tonne)	Sorghum	2023	USD	94.800000	A
PP	Egypt	Producer Price (USD/tonne)	Soya beans	2017	USD	301.300000	A
PP	Egypt	Producer Price (USD/tonne)	Soya beans	2018	USD	316.300000	A
PP	Egypt	Producer Price (USD/tonne)	Soya beans	2022	USD	1146.200000	A
PP	Egypt	Producer Price (USD/tonne)	Soya beans	2023	USD	870.400000	A
PP	Egypt	Producer Price (USD/tonne)	Spinach	2017	USD	111.500000	A
PP	Egypt	Producer Price (USD/tonne)	Spinach	2018	USD	112.400000	A
PP	Egypt	Producer Price (USD/tonne)	Spinach	2019	USD	447.200000	A
PP	Egypt	Producer Price (USD/tonne)	Spinach	2020	USD	450.500000	A
PP	Egypt	Producer Price (USD/tonne)	Spinach	2021	USD	291.500000	A
PP	Egypt	Producer Price (USD/tonne)	Spinach	2022	USD	446.400000	A
PP	Egypt	Producer Price (USD/tonne)	Spinach	2023	USD	272.000000	A
PP	Egypt	Producer Price (USD/tonne)	Strawberries	2017	USD	197.200000	A
PP	Egypt	Producer Price (USD/tonne)	Strawberries	2018	USD	190.100000	A
PP	Egypt	Producer Price (USD/tonne)	Strawberries	2019	USD	403.100000	A
PP	Egypt	Producer Price (USD/tonne)	Strawberries	2020	USD	480.400000	A
PP	Egypt	Producer Price (USD/tonne)	Strawberries	2021	USD	383.500000	A
PP	Egypt	Producer Price (USD/tonne)	Strawberries	2022	USD	542.900000	A
PP	Egypt	Producer Price (USD/tonne)	Strawberries	2023	USD	374.800000	A
PP	Egypt	Producer Price (USD/tonne)	Sugar beet	2017	USD	30.000000	A
PP	Egypt	Producer Price (USD/tonne)	Sugar beet	2018	USD	30.400000	A
PP	Egypt	Producer Price (USD/tonne)	Sugar beet	2022	USD	41.500000	A
PP	Egypt	Producer Price (USD/tonne)	Sugar beet	2023	USD	26.000000	A
PP	Egypt	Producer Price (USD/tonne)	Sugar cane	2017	USD	40.500000	A
PP	Egypt	Producer Price (USD/tonne)	Sugar cane	2018	USD	40.500000	A
PP	Egypt	Producer Price (USD/tonne)	Sugar cane	2022	USD	42.300000	A
PP	Egypt	Producer Price (USD/tonne)	Sugar cane	2023	USD	35.900000	A
PP	Egypt	Producer Price (USD/tonne)	Sunflower seed	2017	USD	330.400000	A
PP	Egypt	Producer Price (USD/tonne)	Sunflower seed	2018	USD	358.200000	A
PP	Egypt	Producer Price (USD/tonne)	Sunflower seed	2022	USD	130.600000	A
PP	Egypt	Producer Price (USD/tonne)	Sunflower seed	2023	USD	1240.500000	A
PP	Egypt	Producer Price (USD/tonne)	Sweet potatoes	2017	USD	68.700000	A
PP	Egypt	Producer Price (USD/tonne)	Sweet potatoes	2018	USD	70.400000	A
PP	Egypt	Producer Price (USD/tonne)	Sweet potatoes	2019	USD	231.400000	A
PP	Egypt	Producer Price (USD/tonne)	Sweet potatoes	2020	USD	235.400000	A
PP	Egypt	Producer Price (USD/tonne)	Sweet potatoes	2021	USD	163.600000	A
PP	Egypt	Producer Price (USD/tonne)	Sweet potatoes	2022	USD	217.600000	A
PP	Egypt	Producer Price (USD/tonne)	Sweet potatoes	2023	USD	195.300000	A
PP	Egypt	Producer Price (USD/tonne)	Tangerines, mandarins, clementines	2022	USD	474.200000	A
PP	Egypt	Producer Price (USD/tonne)	Tangerines, mandarins, clementines	2023	USD	309.800000	A
PP	Egypt	Producer Price (USD/tonne)	Taro	2017	USD	130.900000	A
PP	Egypt	Producer Price (USD/tonne)	Taro	2018	USD	132.300000	A
PP	Egypt	Producer Price (USD/tonne)	Tomatoes	2017	USD	99.200000	A
PP	Egypt	Producer Price (USD/tonne)	Tomatoes	2018	USD	98.100000	A
PP	Egypt	Producer Price (USD/tonne)	Tomatoes	2019	USD	288.600000	A
PP	Egypt	Producer Price (USD/tonne)	Tomatoes	2020	USD	399.100000	A
PP	Egypt	Producer Price (USD/tonne)	Tomatoes	2021	USD	220.500000	A
PP	Egypt	Producer Price (USD/tonne)	Tomatoes	2022	USD	344.200000	A
PP	Egypt	Producer Price (USD/tonne)	Tomatoes	2023	USD	214.700000	A
PP	Egypt	Producer Price (USD/tonne)	Watermelons	2017	USD	96.700000	A
PP	Egypt	Producer Price (USD/tonne)	Watermelons	2018	USD	97.500000	A
PP	Egypt	Producer Price (USD/tonne)	Watermelons	2019	USD	421.000000	A
PP	Egypt	Producer Price (USD/tonne)	Watermelons	2020	USD	784.900000	A
PP	Egypt	Producer Price (USD/tonne)	Watermelons	2021	USD	575.300000	A
PP	Egypt	Producer Price (USD/tonne)	Watermelons	2022	USD	1224.700000	A
PP	Egypt	Producer Price (USD/tonne)	Watermelons	2023	USD	854.800000	A
PP	Egypt	Producer Price (USD/tonne)	Wheat	2017	USD	212.000000	A
PP	Egypt	Producer Price (USD/tonne)	Wheat	2018	USD	212.200000	A
PP	Egypt	Producer Price (USD/tonne)	Wheat	2019	USD	416.500000	A
PP	Egypt	Producer Price (USD/tonne)	Wheat	2020	USD	381.200000	A
PP	Egypt	Producer Price (USD/tonne)	Wheat	2021	USD	334.500000	A
PP	Egypt	Producer Price (USD/tonne)	Wheat	2022	USD	307.900000	A
PP	Egypt	Producer Price (USD/tonne)	Wheat	2023	USD	326.500000	A
PP	Ethiopia	Producer Price (USD/tonne)	Avocados	2017	USD	214.900000	A
PP	Ethiopia	Producer Price (USD/tonne)	Avocados	2018	USD	190.300000	A
PP	Ethiopia	Producer Price (USD/tonne)	Bananas	2017	USD	203.200000	A
PP	Ethiopia	Producer Price (USD/tonne)	Bananas	2018	USD	180.100000	A
PP	Ethiopia	Producer Price (USD/tonne)	Barley	2017	USD	328.100000	A
PP	Ethiopia	Producer Price (USD/tonne)	Barley	2018	USD	303.300000	A
PP	Ethiopia	Producer Price (USD/tonne)	Beans, dry	2017	USD	568.200000	A
PP	Ethiopia	Producer Price (USD/tonne)	Beans, dry	2018	USD	507.800000	A
PP	Ethiopia	Producer Price (USD/tonne)	Cabbages	2017	USD	181.800000	A
PP	Ethiopia	Producer Price (USD/tonne)	Cabbages	2018	USD	164.400000	A
PP	Ethiopia	Producer Price (USD/tonne)	Carrots and turnips	2017	USD	205.300000	A
PP	Ethiopia	Producer Price (USD/tonne)	Carrots and turnips	2018	USD	184.800000	A
PP	Ethiopia	Producer Price (USD/tonne)	Castor oil seeds	2017	USD	516.200000	A
PP	Ethiopia	Producer Price (USD/tonne)	Castor oil seeds	2018	USD	444.800000	A
PP	Ethiopia	Producer Price (USD/tonne)	Chick peas, dry	2017	USD	770.100000	A
PP	Ethiopia	Producer Price (USD/tonne)	Chick peas, dry	2018	USD	671.200000	A
PP	Ethiopia	Producer Price (USD/tonne)	Chillies and peppers, green (Capsicum spp. and Pimenta spp.)	2017	USD	526.300000	A
PP	Ethiopia	Producer Price (USD/tonne)	Chillies and peppers, green (Capsicum spp. and Pimenta spp.)	2018	USD	482.000000	A
PP	Ethiopia	Producer Price (USD/tonne)	Ginger, raw	2017	USD	1225.200000	A
PP	Ethiopia	Producer Price (USD/tonne)	Ginger, raw	2018	USD	121.400000	A
PP	Ethiopia	Producer Price (USD/tonne)	Green garlic	2017	USD	1308.600000	A
PP	Ethiopia	Producer Price (USD/tonne)	Green garlic	2018	USD	983.600000	A
PP	Ethiopia	Producer Price (USD/tonne)	Groundnuts, excluding shelled	2017	USD	819.600000	A
PP	Ethiopia	Producer Price (USD/tonne)	Groundnuts, excluding shelled	2018	USD	752.800000	A
PP	Ethiopia	Producer Price (USD/tonne)	Hen eggs in shell, fresh	2017	USD	2284.300000	A
PP	Ethiopia	Producer Price (USD/tonne)	Hop cones	2017	USD	1186.600000	A
PP	Ethiopia	Producer Price (USD/tonne)	Hop cones	2018	USD	1031.700000	A
PP	Ethiopia	Producer Price (USD/tonne)	Lemons and limes	2017	USD	306.300000	A
PP	Ethiopia	Producer Price (USD/tonne)	Lemons and limes	2018	USD	306.200000	A
PP	Ethiopia	Producer Price (USD/tonne)	Lentils, dry	2017	USD	1133.800000	A
PP	Ethiopia	Producer Price (USD/tonne)	Lentils, dry	2018	USD	912.500000	A
PP	Ethiopia	Producer Price (USD/tonne)	Lettuce and chicory	2017	USD	379.200000	A
PP	Ethiopia	Producer Price (USD/tonne)	Lettuce and chicory	2018	USD	308.100000	A
PP	Ethiopia	Producer Price (USD/tonne)	Linseed	2017	USD	773.900000	A
PP	Ethiopia	Producer Price (USD/tonne)	Linseed	2018	USD	781.300000	A
PP	Ethiopia	Producer Price (USD/tonne)	Maize (corn)	2017	USD	201.500000	A
PP	Ethiopia	Producer Price (USD/tonne)	Maize (corn)	2018	USD	205.600000	A
PP	Ethiopia	Producer Price (USD/tonne)	Mangoes, guavas and mangosteens	2017	USD	248.100000	A
PP	Ethiopia	Producer Price (USD/tonne)	Mangoes, guavas and mangosteens	2018	USD	245.400000	A
PP	Ethiopia	Producer Price (USD/tonne)	Meat of asses, fresh or chilled (biological)	2017	USD	391.100000	A
PP	Ethiopia	Producer Price (USD/tonne)	Meat of camels, fresh or chilled (biological)	2017	USD	1400.400000	A
PP	Ethiopia	Producer Price (USD/tonne)	Meat of cattle with the bone, fresh or chilled (biological)	2017	USD	1638.700000	A
PP	Ethiopia	Producer Price (USD/tonne)	Meat of chickens, fresh or chilled (biological)	2017	USD	3872.100000	A
PP	Ethiopia	Producer Price (USD/tonne)	Meat of goat, fresh or chilled (biological)	2017	USD	3146.300000	A
PP	Ethiopia	Producer Price (USD/tonne)	Meat of mules, fresh or chilled (biological)	2017	USD	1278.800000	A
PP	Ethiopia	Producer Price (USD/tonne)	Meat of sheep, fresh or chilled (biological)	2017	USD	3215.200000	A
PP	Ethiopia	Producer Price (USD/tonne)	Millet	2017	USD	284.100000	A
PP	Ethiopia	Producer Price (USD/tonne)	Millet	2018	USD	277.400000	A
PP	Ethiopia	Producer Price (USD/tonne)	Natural honey	2017	USD	2689.600000	A
PP	Ethiopia	Producer Price (USD/tonne)	Natural honey	2018	USD	2462.300000	A
PP	Ethiopia	Producer Price (USD/tonne)	Nutmeg, mace, cardamoms, raw	2017	USD	591.200000	A
PP	Ethiopia	Producer Price (USD/tonne)	Nutmeg, mace, cardamoms, raw	2018	USD	567.600000	A
PP	Ethiopia	Producer Price (USD/tonne)	Oats	2017	USD	496.900000	A
PP	Ethiopia	Producer Price (USD/tonne)	Oats	2018	USD	424.000000	A
PP	Ethiopia	Producer Price (USD/tonne)	Onions and shallots, dry (excluding dehydrated)	2017	USD	360.800000	A
PP	Ethiopia	Producer Price (USD/tonne)	Onions and shallots, dry (excluding dehydrated)	2018	USD	303.300000	A
PP	Ethiopia	Producer Price (USD/tonne)	Oranges	2017	USD	320.500000	A
PP	Ethiopia	Producer Price (USD/tonne)	Oranges	2018	USD	300.000000	A
PP	Ethiopia	Producer Price (USD/tonne)	Papayas	2017	USD	240.900000	A
PP	Ethiopia	Producer Price (USD/tonne)	Papayas	2018	USD	201.600000	A
PP	Ethiopia	Producer Price (USD/tonne)	Peas, dry	2017	USD	656.200000	A
PP	Ethiopia	Producer Price (USD/tonne)	Peas, dry	2018	USD	581.100000	A
PP	Ethiopia	Producer Price (USD/tonne)	Peas, green	2017	USD	456.700000	A
PP	Ethiopia	Producer Price (USD/tonne)	Peas, green	2018	USD	305.900000	A
PP	Ethiopia	Producer Price (USD/tonne)	Pineapples	2017	USD	362.400000	A
PP	Ethiopia	Producer Price (USD/tonne)	Pineapples	2018	USD	352.500000	A
PP	Ethiopia	Producer Price (USD/tonne)	Potatoes	2017	USD	194.000000	A
PP	Ethiopia	Producer Price (USD/tonne)	Potatoes	2018	USD	160.800000	A
PP	Ethiopia	Producer Price (USD/tonne)	Pumpkins, squash and gourds	2017	USD	129.900000	A
PP	Ethiopia	Producer Price (USD/tonne)	Pumpkins, squash and gourds	2018	USD	113.400000	A
PP	Ethiopia	Producer Price (USD/tonne)	Rape or colza seed	2017	USD	540.500000	A
PP	Ethiopia	Producer Price (USD/tonne)	Rape or colza seed	2018	USD	449.500000	A
PP	Ethiopia	Producer Price (USD/tonne)	Raw milk of cattle	2017	USD	646.100000	A
PP	Ethiopia	Producer Price (USD/tonne)	Raw milk of cattle	2018	USD	573.100000	A
PP	Ethiopia	Producer Price (USD/tonne)	Rice	2017	USD	418.600000	A
PP	Ethiopia	Producer Price (USD/tonne)	Rice	2018	USD	355.800000	A
PP	Ethiopia	Producer Price (USD/tonne)	Sesame seed	2017	USD	744.600000	A
PP	Ethiopia	Producer Price (USD/tonne)	Sesame seed	2018	USD	739.400000	A
PP	Ethiopia	Producer Price (USD/tonne)	Sorghum	2017	USD	260.600000	A
PP	Ethiopia	Producer Price (USD/tonne)	Sorghum	2018	USD	278.500000	A
PP	Ethiopia	Producer Price (USD/tonne)	Soya beans	2017	USD	421.900000	A
PP	Ethiopia	Producer Price (USD/tonne)	Soya beans	2018	USD	375.100000	A
PP	Ethiopia	Producer Price (USD/tonne)	Spinach	2017	USD	338.100000	A
PP	Ethiopia	Producer Price (USD/tonne)	Spinach	2018	USD	274.500000	A
PP	Ethiopia	Producer Price (USD/tonne)	Sugar cane	2017	USD	110.200000	A
PP	Ethiopia	Producer Price (USD/tonne)	Sugar cane	2018	USD	99.900000	A
PP	Ethiopia	Producer Price (USD/tonne)	Sunflower seed	2017	USD	429.500000	A
PP	Ethiopia	Producer Price (USD/tonne)	Sunflower seed	2018	USD	388.600000	A
PP	Ethiopia	Producer Price (USD/tonne)	Sweet potatoes	2017	USD	137.400000	A
PP	Ethiopia	Producer Price (USD/tonne)	Sweet potatoes	2018	USD	124.300000	A
PP	Ethiopia	Producer Price (USD/tonne)	Tomatoes	2017	USD	313.400000	A
PP	Ethiopia	Producer Price (USD/tonne)	Tomatoes	2018	USD	275.600000	A
PP	Ethiopia	Producer Price (USD/tonne)	Vetches	2017	USD	513.700000	A
PP	Ethiopia	Producer Price (USD/tonne)	Vetches	2018	USD	431.300000	A
PP	Ethiopia	Producer Price (USD/tonne)	Wheat	2017	USD	322.800000	A
PP	Ethiopia	Producer Price (USD/tonne)	Wheat	2018	USD	305.900000	A
PP	France	Producer Price (USD/tonne)	Apples	2017	USD	663.200000	A
PP	France	Producer Price (USD/tonne)	Apples	2018	USD	763.600000	A
PP	France	Producer Price (USD/tonne)	Apples	2019	USD	666.800000	A
PP	France	Producer Price (USD/tonne)	Apples	2020	USD	726.500000	A
PP	France	Producer Price (USD/tonne)	Apples	2021	USD	838.600000	A
PP	France	Producer Price (USD/tonne)	Apples	2022	USD	700.200000	A
PP	France	Producer Price (USD/tonne)	Apples	2023	USD	822.100000	A
PP	France	Producer Price (USD/tonne)	Apples	2024	USD	839.100000	A
PP	France	Producer Price (USD/tonne)	Apricots	2017	USD	1526.700000	A
PP	France	Producer Price (USD/tonne)	Apricots	2018	USD	1723.100000	A
PP	France	Producer Price (USD/tonne)	Apricots	2019	USD	1448.300000	A
PP	France	Producer Price (USD/tonne)	Apricots	2020	USD	2175.700000	A
PP	France	Producer Price (USD/tonne)	Apricots	2021	USD	2475.000000	A
PP	France	Producer Price (USD/tonne)	Apricots	2022	USD	1795.800000	A
PP	France	Producer Price (USD/tonne)	Apricots	2023	USD	1755.000000	A
PP	France	Producer Price (USD/tonne)	Apricots	2024	USD	1850.700000	A
PP	France	Producer Price (USD/tonne)	Artichokes	2017	USD	971.600000	A
PP	France	Producer Price (USD/tonne)	Artichokes	2018	USD	1176.300000	A
PP	France	Producer Price (USD/tonne)	Artichokes	2019	USD	604.500000	A
PP	France	Producer Price (USD/tonne)	Artichokes	2020	USD	929.500000	A
PP	France	Producer Price (USD/tonne)	Artichokes	2021	USD	901.200000	A
PP	France	Producer Price (USD/tonne)	Artichokes	2022	USD	835.500000	A
PP	France	Producer Price (USD/tonne)	Artichokes	2023	USD	980.400000	A
PP	France	Producer Price (USD/tonne)	Artichokes	2024	USD	807.800000	A
PP	France	Producer Price (USD/tonne)	Barley	2017	USD	149.700000	A
PP	France	Producer Price (USD/tonne)	Barley	2018	USD	195.200000	A
PP	France	Producer Price (USD/tonne)	Barley	2019	USD	161.400000	A
PP	France	Producer Price (USD/tonne)	Barley	2020	USD	169.600000	A
PP	France	Producer Price (USD/tonne)	Barley	2021	USD	241.200000	A
PP	France	Producer Price (USD/tonne)	Barley	2022	USD	355.200000	A
PP	France	Producer Price (USD/tonne)	Barley	2023	USD	271.000000	A
PP	France	Producer Price (USD/tonne)	Barley	2024	USD	239.300000	A
PP	France	Producer Price (USD/tonne)	Cabbages	2017	USD	795.000000	A
PP	France	Producer Price (USD/tonne)	Cabbages	2018	USD	772.000000	A
PP	France	Producer Price (USD/tonne)	Cabbages	2019	USD	806.500000	A
PP	France	Producer Price (USD/tonne)	Cabbages	2020	USD	804.200000	A
PP	France	Producer Price (USD/tonne)	Cabbages	2021	USD	753.100000	A
PP	France	Producer Price (USD/tonne)	Cabbages	2022	USD	834.100000	A
PP	France	Producer Price (USD/tonne)	Cabbages	2023	USD	1043.700000	A
PP	France	Producer Price (USD/tonne)	Cabbages	2024	USD	1034.700000	A
PP	France	Producer Price (USD/tonne)	Carrots and turnips	2017	USD	223.100000	A
PP	France	Producer Price (USD/tonne)	Carrots and turnips	2018	USD	311.900000	A
PP	France	Producer Price (USD/tonne)	Carrots and turnips	2019	USD	276.300000	A
PP	France	Producer Price (USD/tonne)	Carrots and turnips	2020	USD	296.300000	A
PP	France	Producer Price (USD/tonne)	Carrots and turnips	2021	USD	272.600000	A
PP	France	Producer Price (USD/tonne)	Carrots and turnips	2022	USD	268.500000	A
PP	France	Producer Price (USD/tonne)	Carrots and turnips	2023	USD	385.400000	A
PP	France	Producer Price (USD/tonne)	Carrots and turnips	2024	USD	382.300000	A
PP	France	Producer Price (USD/tonne)	Cauliflowers and broccoli	2017	USD	238.600000	A
PP	France	Producer Price (USD/tonne)	Cauliflowers and broccoli	2018	USD	339.800000	A
PP	France	Producer Price (USD/tonne)	Cauliflowers and broccoli	2019	USD	330.800000	A
PP	France	Producer Price (USD/tonne)	Cauliflowers and broccoli	2020	USD	431.100000	A
PP	France	Producer Price (USD/tonne)	Cauliflowers and broccoli	2021	USD	450.900000	A
PP	France	Producer Price (USD/tonne)	Cauliflowers and broccoli	2022	USD	318.900000	A
PP	France	Producer Price (USD/tonne)	Cauliflowers and broccoli	2023	USD	661.400000	A
PP	France	Producer Price (USD/tonne)	Cauliflowers and broccoli	2024	USD	481.400000	A
PP	France	Producer Price (USD/tonne)	Cherries	2017	USD	3280.100000	A
PP	France	Producer Price (USD/tonne)	Cherries	2018	USD	4060.700000	A
PP	France	Producer Price (USD/tonne)	Cherries	2019	USD	4550.100000	A
PP	France	Producer Price (USD/tonne)	Cherries	2020	USD	4493.700000	A
PP	France	Producer Price (USD/tonne)	Cherries	2021	USD	6573.800000	A
PP	France	Producer Price (USD/tonne)	Cherries	2022	USD	4769.600000	A
PP	France	Producer Price (USD/tonne)	Cherries	2023	USD	6937.500000	A
PP	France	Producer Price (USD/tonne)	Cherries	2024	USD	6675.700000	A
PP	France	Producer Price (USD/tonne)	Chillies and peppers, green (Capsicum spp. and Pimenta spp.)	2017	USD	858.200000	A
PP	France	Producer Price (USD/tonne)	Chillies and peppers, green (Capsicum spp. and Pimenta spp.)	2018	USD	1036.200000	A
PP	France	Producer Price (USD/tonne)	Chillies and peppers, green (Capsicum spp. and Pimenta spp.)	2019	USD	1007.300000	A
PP	France	Producer Price (USD/tonne)	Chillies and peppers, green (Capsicum spp. and Pimenta spp.)	2020	USD	1168.100000	A
PP	France	Producer Price (USD/tonne)	Chillies and peppers, green (Capsicum spp. and Pimenta spp.)	2021	USD	1285.200000	A
PP	France	Producer Price (USD/tonne)	Chillies and peppers, green (Capsicum spp. and Pimenta spp.)	2022	USD	1362.200000	A
PP	France	Producer Price (USD/tonne)	Chillies and peppers, green (Capsicum spp. and Pimenta spp.)	2023	USD	1485.100000	A
PP	France	Producer Price (USD/tonne)	Chillies and peppers, green (Capsicum spp. and Pimenta spp.)	2024	USD	1469.200000	A
PP	France	Producer Price (USD/tonne)	Cucumbers and gherkins	2017	USD	795.900000	A
PP	France	Producer Price (USD/tonne)	Cucumbers and gherkins	2018	USD	952.200000	A
PP	France	Producer Price (USD/tonne)	Cucumbers and gherkins	2019	USD	893.500000	A
PP	France	Producer Price (USD/tonne)	Cucumbers and gherkins	2020	USD	989.100000	A
PP	France	Producer Price (USD/tonne)	Cucumbers and gherkins	2021	USD	919.100000	A
PP	France	Producer Price (USD/tonne)	Cucumbers and gherkins	2022	USD	1074.200000	A
PP	France	Producer Price (USD/tonne)	Cucumbers and gherkins	2023	USD	922.000000	A
PP	France	Producer Price (USD/tonne)	Cucumbers and gherkins	2024	USD	1106.500000	A
PP	France	Producer Price (USD/tonne)	Grapes	2017	USD	2451.300000	A
PP	France	Producer Price (USD/tonne)	Grapes	2018	USD	2725.100000	A
PP	France	Producer Price (USD/tonne)	Grapes	2019	USD	2483.400000	A
PP	France	Producer Price (USD/tonne)	Grapes	2020	USD	2859.800000	A
PP	France	Producer Price (USD/tonne)	Grapes	2021	USD	3797.200000	A
PP	France	Producer Price (USD/tonne)	Grapes	2022	USD	2637.900000	A
PP	France	Producer Price (USD/tonne)	Grapes	2023	USD	2921.300000	A
PP	France	Producer Price (USD/tonne)	Grapes	2024	USD	3093.600000	A
PP	France	Producer Price (USD/tonne)	Hazelnuts, in shell	2017	USD	2122.900000	A
PP	France	Producer Price (USD/tonne)	Hazelnuts, in shell	2018	USD	1997.100000	A
PP	France	Producer Price (USD/tonne)	Hen eggs in shell, fresh	2017	USD	1694.700000	A
PP	France	Producer Price (USD/tonne)	Hen eggs in shell, fresh	2018	USD	1662.400000	A
PP	France	Producer Price (USD/tonne)	Hen eggs in shell, fresh	2019	USD	1475.600000	A
PP	France	Producer Price (USD/tonne)	Hen eggs in shell, fresh	2020	USD	1380.000000	A
PP	France	Producer Price (USD/tonne)	Hen eggs in shell, fresh	2021	USD	1518.800000	A
PP	France	Producer Price (USD/tonne)	Hen eggs in shell, fresh	2022	USD	1791.200000	A
PP	France	Producer Price (USD/tonne)	Hen eggs in shell, fresh	2023	USD	1991.600000	A
PP	France	Producer Price (USD/tonne)	Hen eggs in shell, fresh	2024	USD	1826.700000	A
PP	France	Producer Price (USD/tonne)	Horse meat, fresh or chilled	2017	USD	3229.300000	A
PP	France	Producer Price (USD/tonne)	Horse meat, fresh or chilled	2018	USD	3587.600000	A
PP	France	Producer Price (USD/tonne)	Horse meat, fresh or chilled	2019	USD	3541.000000	A
PP	France	Producer Price (USD/tonne)	Horse meat, fresh or chilled	2020	USD	3562.500000	A
PP	France	Producer Price (USD/tonne)	Horse meat, fresh or chilled	2021	USD	3848.100000	A
PP	France	Producer Price (USD/tonne)	Lettuce and chicory	2017	USD	532.500000	A
PP	France	Producer Price (USD/tonne)	Lettuce and chicory	2018	USD	648.500000	A
PP	France	Producer Price (USD/tonne)	Lettuce and chicory	2019	USD	638.500000	A
PP	France	Producer Price (USD/tonne)	Lettuce and chicory	2020	USD	573.000000	A
PP	France	Producer Price (USD/tonne)	Lettuce and chicory	2021	USD	556.600000	A
PP	France	Producer Price (USD/tonne)	Lettuce and chicory	2022	USD	561.000000	A
PP	France	Producer Price (USD/tonne)	Lettuce and chicory	2023	USD	665.300000	A
PP	France	Producer Price (USD/tonne)	Lettuce and chicory	2024	USD	619.100000	A
PP	France	Producer Price (USD/tonne)	Maize (corn)	2017	USD	161.300000	A
PP	France	Producer Price (USD/tonne)	Maize (corn)	2018	USD	186.700000	A
PP	France	Producer Price (USD/tonne)	Maize (corn)	2019	USD	178.500000	A
PP	France	Producer Price (USD/tonne)	Maize (corn)	2020	USD	187.600000	A
PP	France	Producer Price (USD/tonne)	Maize (corn)	2021	USD	262.200000	A
PP	France	Producer Price (USD/tonne)	Maize (corn)	2022	USD	329.200000	A
PP	France	Producer Price (USD/tonne)	Maize (corn)	2023	USD	248.700000	A
PP	France	Producer Price (USD/tonne)	Maize (corn)	2024	USD	209.200000	A
PP	France	Producer Price (USD/tonne)	Meat of cattle with the bone, fresh or chilled	2017	USD	4445.900000	A
PP	France	Producer Price (USD/tonne)	Meat of cattle with the bone, fresh or chilled	2018	USD	4551.800000	A
PP	France	Producer Price (USD/tonne)	Meat of cattle with the bone, fresh or chilled	2019	USD	4301.600000	A
PP	France	Producer Price (USD/tonne)	Meat of cattle with the bone, fresh or chilled	2020	USD	4344.000000	A
PP	France	Producer Price (USD/tonne)	Meat of cattle with the bone, fresh or chilled	2021	USD	4795.600000	A
PP	France	Producer Price (USD/tonne)	Meat of cattle with the bone, fresh or chilled	2022	USD	5203.100000	A
PP	France	Producer Price (USD/tonne)	Meat of cattle with the bone, fresh or chilled	2023	USD	5555.300000	A
PP	France	Producer Price (USD/tonne)	Meat of cattle with the bone, fresh or chilled	2024	USD	5549.700000	A
PP	France	Producer Price (USD/tonne)	Meat of chickens, fresh or chilled	2017	USD	1705.700000	A
PP	France	Producer Price (USD/tonne)	Meat of chickens, fresh or chilled	2018	USD	1778.000000	A
PP	France	Producer Price (USD/tonne)	Meat of chickens, fresh or chilled	2019	USD	1730.200000	A
PP	France	Producer Price (USD/tonne)	Meat of chickens, fresh or chilled	2020	USD	1753.000000	A
PP	France	Producer Price (USD/tonne)	Meat of chickens, fresh or chilled	2021	USD	1913.400000	A
PP	France	Producer Price (USD/tonne)	Meat of chickens, fresh or chilled	2022	USD	1396.900000	A
PP	France	Producer Price (USD/tonne)	Meat of chickens, fresh or chilled	2023	USD	1496.000000	A
PP	France	Producer Price (USD/tonne)	Meat of chickens, fresh or chilled	2024	USD	1336.200000	A
PP	France	Producer Price (USD/tonne)	Meat of ducks, fresh or chilled	2017	USD	3213.300000	A
PP	France	Producer Price (USD/tonne)	Meat of ducks, fresh or chilled	2018	USD	3380.700000	A
PP	France	Producer Price (USD/tonne)	Meat of ducks, fresh or chilled	2019	USD	3330.800000	A
PP	France	Producer Price (USD/tonne)	Meat of ducks, fresh or chilled	2020	USD	3369.400000	A
PP	France	Producer Price (USD/tonne)	Meat of ducks, fresh or chilled	2021	USD	3841.900000	A
PP	France	Producer Price (USD/tonne)	Meat of ducks, fresh or chilled	2022	USD	1975.100000	A
PP	France	Producer Price (USD/tonne)	Meat of ducks, fresh or chilled	2023	USD	2146.400000	A
PP	France	Producer Price (USD/tonne)	Meat of ducks, fresh or chilled	2024	USD	1980.300000	A
PP	France	Producer Price (USD/tonne)	Meat of geese, fresh or chilled	2017	USD	5475.700000	A
PP	France	Producer Price (USD/tonne)	Meat of geese, fresh or chilled	2018	USD	5925.400000	A
PP	France	Producer Price (USD/tonne)	Meat of geese, fresh or chilled	2019	USD	5645.600000	A
PP	France	Producer Price (USD/tonne)	Meat of geese, fresh or chilled	2020	USD	5760.100000	A
PP	France	Producer Price (USD/tonne)	Meat of geese, fresh or chilled	2021	USD	6266.600000	A
PP	France	Producer Price (USD/tonne)	Meat of pig with the bone, fresh or chilled	2017	USD	1596.400000	A
PP	France	Producer Price (USD/tonne)	Meat of pig with the bone, fresh or chilled	2018	USD	1469.700000	A
PP	France	Producer Price (USD/tonne)	Meat of pig with the bone, fresh or chilled	2019	USD	1698.600000	A
PP	France	Producer Price (USD/tonne)	Meat of pig with the bone, fresh or chilled	2020	USD	1639.000000	A
PP	France	Producer Price (USD/tonne)	Meat of pig with the bone, fresh or chilled	2021	USD	1624.200000	A
PP	France	Producer Price (USD/tonne)	Meat of pig with the bone, fresh or chilled	2022	USD	1987.600000	A
PP	France	Producer Price (USD/tonne)	Meat of pig with the bone, fresh or chilled	2023	USD	2447.500000	A
PP	France	Producer Price (USD/tonne)	Meat of pig with the bone, fresh or chilled	2024	USD	2269.000000	A
PP	France	Producer Price (USD/tonne)	Meat of rabbits and hares, fresh or chilled	2017	USD	3697.300000	A
PP	France	Producer Price (USD/tonne)	Meat of rabbits and hares, fresh or chilled	2018	USD	4074.200000	A
PP	France	Producer Price (USD/tonne)	Meat of rabbits and hares, fresh or chilled	2019	USD	4017.200000	A
PP	France	Producer Price (USD/tonne)	Meat of rabbits and hares, fresh or chilled	2020	USD	4110.100000	A
PP	France	Producer Price (USD/tonne)	Meat of rabbits and hares, fresh or chilled	2021	USD	4431.500000	A
PP	France	Producer Price (USD/tonne)	Meat of rabbits and hares, fresh or chilled	2022	USD	2280.900000	A
PP	France	Producer Price (USD/tonne)	Meat of rabbits and hares, fresh or chilled	2023	USD	2456.300000	A
PP	France	Producer Price (USD/tonne)	Meat of rabbits and hares, fresh or chilled	2024	USD	2432.400000	A
PP	France	Producer Price (USD/tonne)	Meat of sheep, fresh or chilled	2017	USD	6748.200000	A
PP	France	Producer Price (USD/tonne)	Meat of sheep, fresh or chilled	2018	USD	7170.200000	A
PP	France	Producer Price (USD/tonne)	Meat of sheep, fresh or chilled	2019	USD	6688.100000	A
PP	France	Producer Price (USD/tonne)	Meat of sheep, fresh or chilled	2020	USD	7372.200000	A
PP	France	Producer Price (USD/tonne)	Meat of sheep, fresh or chilled	2021	USD	8352.800000	A
PP	France	Producer Price (USD/tonne)	Meat of sheep, fresh or chilled	2022	USD	8508.200000	A
PP	France	Producer Price (USD/tonne)	Meat of sheep, fresh or chilled	2023	USD	9046.100000	A
PP	France	Producer Price (USD/tonne)	Meat of sheep, fresh or chilled	2024	USD	10300.700000	A
PP	France	Producer Price (USD/tonne)	Meat of turkeys, fresh or chilled	2017	USD	1759.300000	A
PP	France	Producer Price (USD/tonne)	Meat of turkeys, fresh or chilled	2018	USD	1819.800000	A
PP	France	Producer Price (USD/tonne)	Meat of turkeys, fresh or chilled	2019	USD	1771.400000	A
PP	France	Producer Price (USD/tonne)	Meat of turkeys, fresh or chilled	2020	USD	1803.700000	A
PP	France	Producer Price (USD/tonne)	Meat of turkeys, fresh or chilled	2021	USD	1990.300000	A
PP	France	Producer Price (USD/tonne)	Meat of turkeys, fresh or chilled	2022	USD	1551.100000	A
PP	France	Producer Price (USD/tonne)	Meat of turkeys, fresh or chilled	2023	USD	1730.900000	A
PP	France	Producer Price (USD/tonne)	Meat of turkeys, fresh or chilled	2024	USD	1595.500000	A
PP	France	Producer Price (USD/tonne)	Mushrooms and truffles	2017	USD	1071.700000	A
PP	France	Producer Price (USD/tonne)	Mushrooms and truffles	2018	USD	1193.700000	A
PP	France	Producer Price (USD/tonne)	Mushrooms and truffles	2019	USD	1260.500000	A
PP	France	Producer Price (USD/tonne)	Mushrooms and truffles	2020	USD	1376.000000	A
PP	France	Producer Price (USD/tonne)	Mushrooms and truffles	2021	USD	1466.800000	A
PP	France	Producer Price (USD/tonne)	Mushrooms and truffles	2022	USD	1440.000000	A
PP	France	Producer Price (USD/tonne)	Mushrooms and truffles	2023	USD	1610.100000	A
PP	France	Producer Price (USD/tonne)	Mushrooms and truffles	2024	USD	1718.200000	A
PP	France	Producer Price (USD/tonne)	Oats	2017	USD	151.200000	A
PP	France	Producer Price (USD/tonne)	Oats	2018	USD	145.700000	A
PP	France	Producer Price (USD/tonne)	Oats	2019	USD	143.300000	A
PP	France	Producer Price (USD/tonne)	Oats	2020	USD	177.400000	A
PP	France	Producer Price (USD/tonne)	Oats	2021	USD	216.300000	A
PP	France	Producer Price (USD/tonne)	Oats	2022	USD	277.500000	A
PP	France	Producer Price (USD/tonne)	Oats	2023	USD	262.000000	A
PP	France	Producer Price (USD/tonne)	Oats	2024	USD	288.700000	A
PP	France	Producer Price (USD/tonne)	Olives	2017	USD	3003.600000	A
PP	France	Producer Price (USD/tonne)	Olives	2018	USD	3600.900000	A
PP	France	Producer Price (USD/tonne)	Onions and shallots, green	2017	USD	227.400000	A
PP	France	Producer Price (USD/tonne)	Onions and shallots, green	2018	USD	354.800000	A
PP	France	Producer Price (USD/tonne)	Onions and shallots, green	2019	USD	422.500000	A
PP	France	Producer Price (USD/tonne)	Onions and shallots, green	2020	USD	315.300000	A
PP	France	Producer Price (USD/tonne)	Onions and shallots, green	2021	USD	352.800000	A
PP	France	Producer Price (USD/tonne)	Onions and shallots, green	2022	USD	365.400000	A
PP	France	Producer Price (USD/tonne)	Onions and shallots, green	2023	USD	744.300000	A
PP	France	Producer Price (USD/tonne)	Onions and shallots, green	2024	USD	543.200000	A
PP	France	Producer Price (USD/tonne)	Other beans, green	2017	USD	255.100000	A
PP	France	Producer Price (USD/tonne)	Other beans, green	2018	USD	263.000000	A
PP	France	Producer Price (USD/tonne)	Other beans, green	2019	USD	262.600000	A
PP	France	Producer Price (USD/tonne)	Other beans, green	2020	USD	268.000000	A
PP	France	Producer Price (USD/tonne)	Peaches and nectarines	2017	USD	1134.800000	A
PP	France	Producer Price (USD/tonne)	Peaches and nectarines	2018	USD	1633.000000	A
PP	France	Producer Price (USD/tonne)	Peaches and nectarines	2019	USD	1469.400000	A
PP	France	Producer Price (USD/tonne)	Peaches and nectarines	2020	USD	1702.200000	A
PP	France	Producer Price (USD/tonne)	Peaches and nectarines	2021	USD	2216.300000	A
PP	France	Producer Price (USD/tonne)	Peaches and nectarines	2022	USD	1608.000000	A
PP	France	Producer Price (USD/tonne)	Peaches and nectarines	2023	USD	1576.600000	A
PP	France	Producer Price (USD/tonne)	Peaches and nectarines	2024	USD	1456.100000	A
PP	France	Producer Price (USD/tonne)	Pears	2017	USD	1140.100000	A
PP	France	Producer Price (USD/tonne)	Pears	2018	USD	988.900000	A
PP	France	Producer Price (USD/tonne)	Pears	2019	USD	950.800000	A
PP	France	Producer Price (USD/tonne)	Pears	2020	USD	984.500000	A
PP	France	Producer Price (USD/tonne)	Pears	2021	USD	1418.300000	A
PP	France	Producer Price (USD/tonne)	Pears	2022	USD	1029.000000	A
PP	France	Producer Price (USD/tonne)	Pears	2023	USD	1336.000000	A
PP	France	Producer Price (USD/tonne)	Pears	2024	USD	1257.300000	A
PP	France	Producer Price (USD/tonne)	Peas, green	2017	USD	362.200000	A
PP	France	Producer Price (USD/tonne)	Peas, green	2018	USD	356.900000	A
PP	France	Producer Price (USD/tonne)	Peas, green	2019	USD	372.600000	A
PP	France	Producer Price (USD/tonne)	Peas, green	2020	USD	380.200000	A
PP	France	Producer Price (USD/tonne)	Potatoes	2017	USD	273.300000	A
PP	France	Producer Price (USD/tonne)	Potatoes	2018	USD	277.200000	A
PP	France	Producer Price (USD/tonne)	Potatoes	2019	USD	301.700000	A
PP	France	Producer Price (USD/tonne)	Potatoes	2020	USD	348.800000	A
PP	France	Producer Price (USD/tonne)	Potatoes	2021	USD	304.200000	A
PP	France	Producer Price (USD/tonne)	Potatoes	2022	USD	668.700000	A
PP	France	Producer Price (USD/tonne)	Potatoes	2023	USD	854.900000	A
PP	France	Producer Price (USD/tonne)	Potatoes	2024	USD	936.000000	A
PP	France	Producer Price (USD/tonne)	Rape or colza seed	2017	USD	384.100000	A
PP	France	Producer Price (USD/tonne)	Rape or colza seed	2018	USD	388.500000	A
PP	France	Producer Price (USD/tonne)	Rape or colza seed	2019	USD	389.700000	A
PP	France	Producer Price (USD/tonne)	Rape or colza seed	2020	USD	412.000000	A
PP	France	Producer Price (USD/tonne)	Rape or colza seed	2021	USD	622.600000	A
PP	France	Producer Price (USD/tonne)	Rape or colza seed	2022	USD	713.500000	A
PP	France	Producer Price (USD/tonne)	Rape or colza seed	2023	USD	467.500000	A
PP	France	Producer Price (USD/tonne)	Raw milk of cattle	2017	USD	399.100000	A
PP	France	Producer Price (USD/tonne)	Raw milk of cattle	2018	USD	422.800000	A
PP	France	Producer Price (USD/tonne)	Raw milk of cattle	2019	USD	416.500000	A
PP	France	Producer Price (USD/tonne)	Raw milk of cattle	2020	USD	420.800000	A
PP	France	Producer Price (USD/tonne)	Raw milk of cattle	2021	USD	454.300000	A
PP	France	Producer Price (USD/tonne)	Raw milk of cattle	2022	USD	460.000000	A
PP	France	Producer Price (USD/tonne)	Raw milk of cattle	2023	USD	498.400000	A
PP	France	Producer Price (USD/tonne)	Raw milk of cattle	2024	USD	499.900000	A
PP	France	Producer Price (USD/tonne)	Raw milk of goats	2017	USD	796.700000	A
PP	France	Producer Price (USD/tonne)	Raw milk of goats	2018	USD	833.300000	A
PP	France	Producer Price (USD/tonne)	Raw milk of goats	2019	USD	796.800000	A
PP	France	Producer Price (USD/tonne)	Raw milk of goats	2020	USD	839.700000	A
PP	France	Producer Price (USD/tonne)	Raw milk of goats	2021	USD	886.700000	A
PP	France	Producer Price (USD/tonne)	Raw milk of goats	2022	USD	810.700000	A
PP	France	Producer Price (USD/tonne)	Raw milk of goats	2023	USD	903.900000	A
PP	France	Producer Price (USD/tonne)	Raw milk of goats	2024	USD	924.600000	A
PP	France	Producer Price (USD/tonne)	Rice	2017	USD	334.600000	A
PP	France	Producer Price (USD/tonne)	Rice	2018	USD	372.100000	A
PP	France	Producer Price (USD/tonne)	Rice	2019	USD	370.000000	A
PP	France	Producer Price (USD/tonne)	Rice	2020	USD	414.400000	A
PP	France	Producer Price (USD/tonne)	Rye	2017	USD	200.900000	A
PP	France	Producer Price (USD/tonne)	Rye	2018	USD	246.000000	A
PP	France	Producer Price (USD/tonne)	Rye	2019	USD	212.700000	A
PP	France	Producer Price (USD/tonne)	Sorghum	2017	USD	179.800000	A
PP	France	Producer Price (USD/tonne)	Sorghum	2018	USD	187.200000	A
PP	France	Producer Price (USD/tonne)	Sorghum	2019	USD	182.000000	A
PP	France	Producer Price (USD/tonne)	Sorghum	2020	USD	190.300000	A
PP	France	Producer Price (USD/tonne)	Sorghum	2021	USD	260.100000	A
PP	France	Producer Price (USD/tonne)	Sorghum	2022	USD	335.500000	A
PP	France	Producer Price (USD/tonne)	Sorghum	2023	USD	262.400000	A
PP	France	Producer Price (USD/tonne)	Sorghum	2024	USD	215.100000	A
PP	France	Producer Price (USD/tonne)	Soya beans	2017	USD	391.900000	A
PP	France	Producer Price (USD/tonne)	Soya beans	2018	USD	383.900000	A
PP	France	Producer Price (USD/tonne)	Soya beans	2019	USD	361.600000	A
PP	France	Producer Price (USD/tonne)	Soya beans	2020	USD	397.300000	A
PP	France	Producer Price (USD/tonne)	Soya beans	2021	USD	574.600000	A
PP	France	Producer Price (USD/tonne)	Soya beans	2022	USD	660.300000	A
PP	France	Producer Price (USD/tonne)	Soya beans	2023	USD	562.400000	A
PP	France	Producer Price (USD/tonne)	Strawberries	2017	USD	4602.500000	A
PP	France	Producer Price (USD/tonne)	Strawberries	2018	USD	5403.900000	A
PP	France	Producer Price (USD/tonne)	Strawberries	2019	USD	4883.400000	A
PP	France	Producer Price (USD/tonne)	Strawberries	2020	USD	5875.600000	A
PP	France	Producer Price (USD/tonne)	Strawberries	2021	USD	6286.300000	A
PP	France	Producer Price (USD/tonne)	Strawberries	2022	USD	4561.000000	A
PP	France	Producer Price (USD/tonne)	Strawberries	2023	USD	5028.100000	A
PP	France	Producer Price (USD/tonne)	Strawberries	2024	USD	5576.100000	A
PP	France	Producer Price (USD/tonne)	Sugar beet	2017	USD	29.100000	A
PP	France	Producer Price (USD/tonne)	Sugar beet	2018	USD	30.900000	A
PP	France	Producer Price (USD/tonne)	Sugar beet	2019	USD	25.200000	A
PP	France	Producer Price (USD/tonne)	Sugar beet	2020	USD	26.900000	A
PP	France	Producer Price (USD/tonne)	Sugar beet	2021	USD	30.900000	A
PP	France	Producer Price (USD/tonne)	Sugar beet	2022	USD	34.400000	A
PP	France	Producer Price (USD/tonne)	Sugar beet	2023	USD	48.700000	A
PP	France	Producer Price (USD/tonne)	Sugar beet	2024	USD	53.100000	A
PP	France	Producer Price (USD/tonne)	Sunflower seed	2017	USD	400.200000	A
PP	France	Producer Price (USD/tonne)	Sunflower seed	2018	USD	420.600000	A
PP	France	Producer Price (USD/tonne)	Sunflower seed	2019	USD	411.800000	A
PP	France	Producer Price (USD/tonne)	Sunflower seed	2020	USD	479.300000	A
PP	France	Producer Price (USD/tonne)	Sunflower seed	2021	USD	719.500000	A
PP	France	Producer Price (USD/tonne)	Sunflower seed	2022	USD	807.100000	A
PP	France	Producer Price (USD/tonne)	Sunflower seed	2023	USD	561.700000	A
PP	France	Producer Price (USD/tonne)	Tomatoes	2017	USD	917.600000	A
PP	France	Producer Price (USD/tonne)	Tomatoes	2018	USD	779.400000	A
PP	France	Producer Price (USD/tonne)	Tomatoes	2019	USD	826.800000	A
PP	France	Producer Price (USD/tonne)	Tomatoes	2020	USD	887.600000	A
PP	France	Producer Price (USD/tonne)	Tomatoes	2021	USD	956.300000	A
PP	France	Producer Price (USD/tonne)	Tomatoes	2022	USD	938.400000	A
PP	France	Producer Price (USD/tonne)	Tomatoes	2023	USD	954.300000	A
PP	France	Producer Price (USD/tonne)	Tomatoes	2024	USD	931.600000	A
PP	France	Producer Price (USD/tonne)	Triticale	2017	USD	149.000000	A
PP	France	Producer Price (USD/tonne)	Triticale	2018	USD	171.000000	A
PP	France	Producer Price (USD/tonne)	Triticale	2019	USD	162.700000	A
PP	France	Producer Price (USD/tonne)	Triticale	2020	USD	171.900000	A
PP	France	Producer Price (USD/tonne)	Triticale	2021	USD	235.900000	A
PP	France	Producer Price (USD/tonne)	Triticale	2022	USD	319.800000	A
PP	France	Producer Price (USD/tonne)	Triticale	2023	USD	238.700000	A
PP	France	Producer Price (USD/tonne)	Triticale	2024	USD	198.000000	A
PP	France	Producer Price (USD/tonne)	Unmanufactured tobacco	2017	USD	3400.800000	A
PP	France	Producer Price (USD/tonne)	Unmanufactured tobacco	2018	USD	3423.700000	A
PP	France	Producer Price (USD/tonne)	Walnuts, in shell	2017	USD	3420.800000	A
PP	France	Producer Price (USD/tonne)	Walnuts, in shell	2018	USD	3309.800000	A
PP	France	Producer Price (USD/tonne)	Walnuts, in shell	2019	USD	2798.400000	A
PP	France	Producer Price (USD/tonne)	Walnuts, in shell	2020	USD	2735.300000	A
PP	France	Producer Price (USD/tonne)	Walnuts, in shell	2021	USD	3090.900000	A
PP	France	Producer Price (USD/tonne)	Walnuts, in shell	2022	USD	2754.600000	A
PP	France	Producer Price (USD/tonne)	Walnuts, in shell	2023	USD	2398.300000	A
PP	France	Producer Price (USD/tonne)	Walnuts, in shell	2024	USD	2876.500000	A
PP	France	Producer Price (USD/tonne)	Wheat	2017	USD	158.000000	A
PP	France	Producer Price (USD/tonne)	Wheat	2018	USD	195.100000	A
PP	France	Producer Price (USD/tonne)	Wheat	2019	USD	183.300000	A
PP	France	Producer Price (USD/tonne)	Wheat	2020	USD	200.400000	A
PP	France	Producer Price (USD/tonne)	Wheat	2021	USD	259.500000	A
PP	France	Producer Price (USD/tonne)	Wheat	2022	USD	356.600000	A
PP	France	Producer Price (USD/tonne)	Wheat	2023	USD	259.900000	A
PP	France	Producer Price (USD/tonne)	Wheat	2024	USD	231.300000	A
PP	Iran (Islamic Republic of)	Producer Price (USD/tonne)	Almonds, in shell	2017	USD	4358.800000	A
PP	Iran (Islamic Republic of)	Producer Price (USD/tonne)	Almonds, in shell	2018	USD	4517.200000	A
PP	Iran (Islamic Republic of)	Producer Price (USD/tonne)	Almonds, in shell	2019	USD	8677.200000	A
PP	Iran (Islamic Republic of)	Producer Price (USD/tonne)	Almonds, in shell	2020	USD	6245.100000	A
PP	Iran (Islamic Republic of)	Producer Price (USD/tonne)	Almonds, in shell	2021	USD	6691.400000	A
PP	Iran (Islamic Republic of)	Producer Price (USD/tonne)	Almonds, in shell	2022	USD	4246.500000	A
PP	Iran (Islamic Republic of)	Producer Price (USD/tonne)	Almonds, in shell	2023	USD	4085.500000	A
PP	Iran (Islamic Republic of)	Producer Price (USD/tonne)	Apples	2017	USD	422.500000	A
PP	Iran (Islamic Republic of)	Producer Price (USD/tonne)	Apples	2018	USD	459.900000	A
PP	Iran (Islamic Republic of)	Producer Price (USD/tonne)	Apples	2019	USD	312.500000	A
PP	Iran (Islamic Republic of)	Producer Price (USD/tonne)	Apples	2020	USD	390.600000	A
PP	Iran (Islamic Republic of)	Producer Price (USD/tonne)	Apples	2021	USD	389.300000	A
PP	Iran (Islamic Republic of)	Producer Price (USD/tonne)	Apples	2022	USD	500.700000	A
PP	Iran (Islamic Republic of)	Producer Price (USD/tonne)	Apples	2023	USD	508.900000	A
PP	Iran (Islamic Republic of)	Producer Price (USD/tonne)	Apricots	2017	USD	864.900000	A
PP	Iran (Islamic Republic of)	Producer Price (USD/tonne)	Apricots	2018	USD	648.100000	A
PP	Iran (Islamic Republic of)	Producer Price (USD/tonne)	Apricots	2019	USD	753.800000	A
PP	Iran (Islamic Republic of)	Producer Price (USD/tonne)	Apricots	2020	USD	731.500000	A
PP	Iran (Islamic Republic of)	Producer Price (USD/tonne)	Apricots	2021	USD	1198.700000	A
PP	Iran (Islamic Republic of)	Producer Price (USD/tonne)	Apricots	2022	USD	1146.300000	A
PP	Iran (Islamic Republic of)	Producer Price (USD/tonne)	Apricots	2023	USD	789.600000	A
PP	Iran (Islamic Republic of)	Producer Price (USD/tonne)	Bananas	2017	USD	605.400000	A
PP	Iran (Islamic Republic of)	Producer Price (USD/tonne)	Bananas	2018	USD	443.400000	A
PP	Iran (Islamic Republic of)	Producer Price (USD/tonne)	Bananas	2019	USD	581.500000	A
PP	Iran (Islamic Republic of)	Producer Price (USD/tonne)	Bananas	2020	USD	536.400000	A
PP	Iran (Islamic Republic of)	Producer Price (USD/tonne)	Bananas	2021	USD	1173.100000	A
PP	Iran (Islamic Republic of)	Producer Price (USD/tonne)	Bananas	2022	USD	897.700000	A
PP	Iran (Islamic Republic of)	Producer Price (USD/tonne)	Bananas	2023	USD	1111.500000	A
PP	Iran (Islamic Republic of)	Producer Price (USD/tonne)	Barley	2017	USD	295.400000	A
PP	Iran (Islamic Republic of)	Producer Price (USD/tonne)	Barley	2018	USD	172.800000	A
PP	Iran (Islamic Republic of)	Producer Price (USD/tonne)	Barley	2019	USD	214.400000	A
PP	Iran (Islamic Republic of)	Producer Price (USD/tonne)	Barley	2020	USD	167.400000	A
PP	Iran (Islamic Republic of)	Producer Price (USD/tonne)	Barley	2021	USD	303.200000	A
PP	Iran (Islamic Republic of)	Producer Price (USD/tonne)	Barley	2022	USD	393.300000	A
PP	Iran (Islamic Republic of)	Producer Price (USD/tonne)	Barley	2023	USD	293.300000	A
PP	Iran (Islamic Republic of)	Producer Price (USD/tonne)	Beans, dry	2017	USD	1560.500000	A
PP	Iran (Islamic Republic of)	Producer Price (USD/tonne)	Beans, dry	2018	USD	1007.200000	A
PP	Iran (Islamic Republic of)	Producer Price (USD/tonne)	Beans, dry	2019	USD	971.300000	A
PP	Iran (Islamic Republic of)	Producer Price (USD/tonne)	Beans, dry	2020	USD	1507.000000	A
PP	Iran (Islamic Republic of)	Producer Price (USD/tonne)	Beans, dry	2021	USD	1306.400000	A
PP	Iran (Islamic Republic of)	Producer Price (USD/tonne)	Beans, dry	2022	USD	1379.000000	A
PP	Iran (Islamic Republic of)	Producer Price (USD/tonne)	Beans, dry	2023	USD	1485.200000	A
PP	Iran (Islamic Republic of)	Producer Price (USD/tonne)	Broad beans and horse beans, green	2017	USD	246.900000	A
PP	Iran (Islamic Republic of)	Producer Price (USD/tonne)	Broad beans and horse beans, green	2018	USD	164.000000	A
PP	Iran (Islamic Republic of)	Producer Price (USD/tonne)	Broad beans and horse beans, green	2019	USD	195.500000	A
PP	Iran (Islamic Republic of)	Producer Price (USD/tonne)	Broad beans and horse beans, green	2020	USD	151.800000	A
PP	Iran (Islamic Republic of)	Producer Price (USD/tonne)	Broad beans and horse beans, green	2021	USD	247.000000	A
PP	Iran (Islamic Republic of)	Producer Price (USD/tonne)	Broad beans and horse beans, green	2022	USD	206.700000	A
PP	Iran (Islamic Republic of)	Producer Price (USD/tonne)	Broad beans and horse beans, green	2023	USD	278.200000	A
PP	Iran (Islamic Republic of)	Producer Price (USD/tonne)	Cantaloupes and other melons	2017	USD	171.200000	A
PP	Iran (Islamic Republic of)	Producer Price (USD/tonne)	Cantaloupes and other melons	2018	USD	219.200000	A
PP	Iran (Islamic Republic of)	Producer Price (USD/tonne)	Cantaloupes and other melons	2019	USD	180.800000	A
PP	Iran (Islamic Republic of)	Producer Price (USD/tonne)	Cantaloupes and other melons	2020	USD	195.600000	A
PP	Iran (Islamic Republic of)	Producer Price (USD/tonne)	Cantaloupes and other melons	2021	USD	251.700000	A
PP	Iran (Islamic Republic of)	Producer Price (USD/tonne)	Cantaloupes and other melons	2022	USD	151.200000	A
PP	Iran (Islamic Republic of)	Producer Price (USD/tonne)	Cantaloupes and other melons	2023	USD	338.000000	A
PP	Iran (Islamic Republic of)	Producer Price (USD/tonne)	Carrots and turnips	2017	USD	125.800000	A
PP	Iran (Islamic Republic of)	Producer Price (USD/tonne)	Carrots and turnips	2018	USD	214.500000	A
PP	Iran (Islamic Republic of)	Producer Price (USD/tonne)	Carrots and turnips	2019	USD	123.000000	A
PP	Iran (Islamic Republic of)	Producer Price (USD/tonne)	Carrots and turnips	2020	USD	160.500000	A
PP	Iran (Islamic Republic of)	Producer Price (USD/tonne)	Carrots and turnips	2021	USD	348.800000	A
PP	Iran (Islamic Republic of)	Producer Price (USD/tonne)	Carrots and turnips	2022	USD	95.900000	A
PP	Iran (Islamic Republic of)	Producer Price (USD/tonne)	Carrots and turnips	2023	USD	83.800000	A
PP	Iran (Islamic Republic of)	Producer Price (USD/tonne)	Cherries	2017	USD	1429.200000	A
PP	Iran (Islamic Republic of)	Producer Price (USD/tonne)	Cherries	2018	USD	1277.800000	A
PP	Iran (Islamic Republic of)	Producer Price (USD/tonne)	Cherries	2019	USD	1056.600000	A
PP	Iran (Islamic Republic of)	Producer Price (USD/tonne)	Cherries	2020	USD	1114.500000	A
PP	Iran (Islamic Republic of)	Producer Price (USD/tonne)	Cherries	2021	USD	1408.400000	A
PP	Iran (Islamic Republic of)	Producer Price (USD/tonne)	Cherries	2022	USD	2125.800000	A
PP	Iran (Islamic Republic of)	Producer Price (USD/tonne)	Cherries	2023	USD	1556.600000	A
PP	Iran (Islamic Republic of)	Producer Price (USD/tonne)	Chick peas, dry	2017	USD	1582.300000	A
PP	Iran (Islamic Republic of)	Producer Price (USD/tonne)	Chick peas, dry	2018	USD	786.600000	A
PP	Iran (Islamic Republic of)	Producer Price (USD/tonne)	Chick peas, dry	2019	USD	677.800000	A
PP	Iran (Islamic Republic of)	Producer Price (USD/tonne)	Chick peas, dry	2020	USD	772.600000	A
PP	Iran (Islamic Republic of)	Producer Price (USD/tonne)	Chick peas, dry	2021	USD	931.600000	A
PP	Iran (Islamic Republic of)	Producer Price (USD/tonne)	Chick peas, dry	2022	USD	1332.800000	A
PP	Iran (Islamic Republic of)	Producer Price (USD/tonne)	Chick peas, dry	2023	USD	1087.200000	A
PP	Iran (Islamic Republic of)	Producer Price (USD/tonne)	Cotton lint, ginned	2017	USD	902.100000	A
PP	Iran (Islamic Republic of)	Producer Price (USD/tonne)	Cotton lint, ginned	2018	USD	833.400000	A
PP	Iran (Islamic Republic of)	Producer Price (USD/tonne)	Cucumbers and gherkins	2017	USD	316.400000	A
PP	Iran (Islamic Republic of)	Producer Price (USD/tonne)	Cucumbers and gherkins	2018	USD	303.400000	A
PP	Iran (Islamic Republic of)	Producer Price (USD/tonne)	Cucumbers and gherkins	2019	USD	230.900000	A
PP	Iran (Islamic Republic of)	Producer Price (USD/tonne)	Cucumbers and gherkins	2020	USD	399.200000	A
PP	Iran (Islamic Republic of)	Producer Price (USD/tonne)	Cucumbers and gherkins	2021	USD	290.300000	A
PP	Iran (Islamic Republic of)	Producer Price (USD/tonne)	Cucumbers and gherkins	2022	USD	382.700000	A
PP	Iran (Islamic Republic of)	Producer Price (USD/tonne)	Cucumbers and gherkins	2023	USD	383.100000	A
PP	Iran (Islamic Republic of)	Producer Price (USD/tonne)	Dates	2017	USD	813.600000	A
PP	Iran (Islamic Republic of)	Producer Price (USD/tonne)	Dates	2018	USD	538.500000	A
PP	Iran (Islamic Republic of)	Producer Price (USD/tonne)	Dates	2019	USD	1064.100000	A
PP	Iran (Islamic Republic of)	Producer Price (USD/tonne)	Dates	2020	USD	838.300000	A
PP	Iran (Islamic Republic of)	Producer Price (USD/tonne)	Dates	2021	USD	910.000000	A
PP	Iran (Islamic Republic of)	Producer Price (USD/tonne)	Dates	2022	USD	810.000000	A
PP	Iran (Islamic Republic of)	Producer Price (USD/tonne)	Dates	2023	USD	800.800000	A
PP	Iran (Islamic Republic of)	Producer Price (USD/tonne)	Eggplants (aubergines)	2017	USD	198.400000	A
PP	Iran (Islamic Republic of)	Producer Price (USD/tonne)	Eggplants (aubergines)	2018	USD	198.900000	A
PP	Iran (Islamic Republic of)	Producer Price (USD/tonne)	Eggplants (aubergines)	2019	USD	204.800000	A
PP	Iran (Islamic Republic of)	Producer Price (USD/tonne)	Eggplants (aubergines)	2020	USD	182.900000	A
PP	Iran (Islamic Republic of)	Producer Price (USD/tonne)	Eggplants (aubergines)	2021	USD	169.100000	A
PP	Iran (Islamic Republic of)	Producer Price (USD/tonne)	Eggplants (aubergines)	2022	USD	239.500000	A
PP	Iran (Islamic Republic of)	Producer Price (USD/tonne)	Eggplants (aubergines)	2023	USD	268.100000	A
PP	Iran (Islamic Republic of)	Producer Price (USD/tonne)	Figs	2017	USD	662.100000	A
PP	Iran (Islamic Republic of)	Producer Price (USD/tonne)	Figs	2018	USD	781.600000	A
PP	Iran (Islamic Republic of)	Producer Price (USD/tonne)	Figs	2019	USD	484.600000	A
PP	Iran (Islamic Republic of)	Producer Price (USD/tonne)	Figs	2020	USD	601.000000	A
PP	Iran (Islamic Republic of)	Producer Price (USD/tonne)	Figs	2021	USD	668.400000	A
PP	Iran (Islamic Republic of)	Producer Price (USD/tonne)	Figs	2022	USD	470.200000	A
PP	Iran (Islamic Republic of)	Producer Price (USD/tonne)	Figs	2023	USD	373.700000	A
PP	Iran (Islamic Republic of)	Producer Price (USD/tonne)	Grapes	2017	USD	419.800000	A
PP	Iran (Islamic Republic of)	Producer Price (USD/tonne)	Grapes	2018	USD	416.900000	A
PP	Iran (Islamic Republic of)	Producer Price (USD/tonne)	Grapes	2019	USD	383.000000	A
PP	Iran (Islamic Republic of)	Producer Price (USD/tonne)	Grapes	2020	USD	372.100000	A
PP	Iran (Islamic Republic of)	Producer Price (USD/tonne)	Grapes	2021	USD	443.500000	A
PP	Iran (Islamic Republic of)	Producer Price (USD/tonne)	Grapes	2022	USD	483.200000	A
PP	Iran (Islamic Republic of)	Producer Price (USD/tonne)	Grapes	2023	USD	495.200000	A
PP	Iran (Islamic Republic of)	Producer Price (USD/tonne)	Green garlic	2017	USD	1573.300000	A
PP	Iran (Islamic Republic of)	Producer Price (USD/tonne)	Green garlic	2018	USD	281.800000	A
PP	Iran (Islamic Republic of)	Producer Price (USD/tonne)	Green garlic	2019	USD	272.900000	A
PP	Iran (Islamic Republic of)	Producer Price (USD/tonne)	Green garlic	2020	USD	528.100000	A
PP	Iran (Islamic Republic of)	Producer Price (USD/tonne)	Green garlic	2021	USD	562.500000	A
PP	Iran (Islamic Republic of)	Producer Price (USD/tonne)	Green garlic	2022	USD	534.200000	A
PP	Iran (Islamic Republic of)	Producer Price (USD/tonne)	Green garlic	2023	USD	434.200000	A
PP	Iran (Islamic Republic of)	Producer Price (USD/tonne)	Hazelnuts, in shell	2017	USD	4818.300000	A
PP	Iran (Islamic Republic of)	Producer Price (USD/tonne)	Hazelnuts, in shell	2018	USD	6068.600000	A
PP	Iran (Islamic Republic of)	Producer Price (USD/tonne)	Hazelnuts, in shell	2019	USD	2571.100000	A
PP	Iran (Islamic Republic of)	Producer Price (USD/tonne)	Hazelnuts, in shell	2020	USD	5867.700000	A
PP	Iran (Islamic Republic of)	Producer Price (USD/tonne)	Hazelnuts, in shell	2021	USD	6565.300000	A
PP	Iran (Islamic Republic of)	Producer Price (USD/tonne)	Hazelnuts, in shell	2022	USD	2809.900000	A
PP	Iran (Islamic Republic of)	Producer Price (USD/tonne)	Hazelnuts, in shell	2023	USD	4383.400000	A
PP	Iran (Islamic Republic of)	Producer Price (USD/tonne)	Kiwi fruit	2017	USD	452.700000	A
PP	Iran (Islamic Republic of)	Producer Price (USD/tonne)	Kiwi fruit	2018	USD	529.400000	A
PP	Iran (Islamic Republic of)	Producer Price (USD/tonne)	Kiwi fruit	2019	USD	450.400000	A
PP	Iran (Islamic Republic of)	Producer Price (USD/tonne)	Kiwi fruit	2020	USD	675.600000	A
PP	Iran (Islamic Republic of)	Producer Price (USD/tonne)	Kiwi fruit	2021	USD	598.300000	A
PP	Iran (Islamic Republic of)	Producer Price (USD/tonne)	Kiwi fruit	2022	USD	330.600000	A
PP	Iran (Islamic Republic of)	Producer Price (USD/tonne)	Kiwi fruit	2023	USD	692.100000	A
PP	Iran (Islamic Republic of)	Producer Price (USD/tonne)	Leeks and other alliaceous vegetables	2017	USD	289.700000	A
PP	Iran (Islamic Republic of)	Producer Price (USD/tonne)	Leeks and other alliaceous vegetables	2018	USD	221.300000	A
PP	Iran (Islamic Republic of)	Producer Price (USD/tonne)	Leeks and other alliaceous vegetables	2019	USD	208.500000	A
PP	Iran (Islamic Republic of)	Producer Price (USD/tonne)	Lemons and limes	2017	USD	2495.800000	A
PP	Iran (Islamic Republic of)	Producer Price (USD/tonne)	Lemons and limes	2018	USD	1255.900000	A
PP	Iran (Islamic Republic of)	Producer Price (USD/tonne)	Lemons and limes	2019	USD	302.400000	A
PP	Iran (Islamic Republic of)	Producer Price (USD/tonne)	Lemons and limes	2020	USD	1259.900000	A
PP	Iran (Islamic Republic of)	Producer Price (USD/tonne)	Lemons and limes	2021	USD	709.900000	A
PP	Iran (Islamic Republic of)	Producer Price (USD/tonne)	Lemons and limes	2022	USD	483.300000	A
PP	Iran (Islamic Republic of)	Producer Price (USD/tonne)	Lemons and limes	2023	USD	265.900000	A
PP	Iran (Islamic Republic of)	Producer Price (USD/tonne)	Lentils, dry	2017	USD	1498.400000	A
PP	Iran (Islamic Republic of)	Producer Price (USD/tonne)	Lentils, dry	2018	USD	723.000000	A
PP	Iran (Islamic Republic of)	Producer Price (USD/tonne)	Lentils, dry	2019	USD	657.900000	A
PP	Iran (Islamic Republic of)	Producer Price (USD/tonne)	Lentils, dry	2020	USD	1126.500000	A
PP	Iran (Islamic Republic of)	Producer Price (USD/tonne)	Lentils, dry	2021	USD	1331.300000	A
PP	Iran (Islamic Republic of)	Producer Price (USD/tonne)	Lentils, dry	2022	USD	1746.400000	A
PP	Iran (Islamic Republic of)	Producer Price (USD/tonne)	Lentils, dry	2023	USD	1284.100000	A
PP	Iran (Islamic Republic of)	Producer Price (USD/tonne)	Lettuce and chicory	2017	USD	148.600000	A
PP	Iran (Islamic Republic of)	Producer Price (USD/tonne)	Lettuce and chicory	2018	USD	211.600000	A
PP	Iran (Islamic Republic of)	Producer Price (USD/tonne)	Lettuce and chicory	2019	USD	170.000000	A
PP	Iran (Islamic Republic of)	Producer Price (USD/tonne)	Lettuce and chicory	2020	USD	174.400000	A
PP	Iran (Islamic Republic of)	Producer Price (USD/tonne)	Lettuce and chicory	2021	USD	146.200000	A
PP	Iran (Islamic Republic of)	Producer Price (USD/tonne)	Lettuce and chicory	2022	USD	212.700000	A
PP	Iran (Islamic Republic of)	Producer Price (USD/tonne)	Lettuce and chicory	2023	USD	178.200000	A
PP	Iran (Islamic Republic of)	Producer Price (USD/tonne)	Maize (corn)	2017	USD	365.500000	A
PP	Iran (Islamic Republic of)	Producer Price (USD/tonne)	Maize (corn)	2018	USD	210.600000	A
PP	Iran (Islamic Republic of)	Producer Price (USD/tonne)	Maize (corn)	2019	USD	203.500000	A
PP	Iran (Islamic Republic of)	Producer Price (USD/tonne)	Maize (corn)	2020	USD	288.700000	A
PP	Iran (Islamic Republic of)	Producer Price (USD/tonne)	Maize (corn)	2021	USD	261.700000	A
PP	Iran (Islamic Republic of)	Producer Price (USD/tonne)	Maize (corn)	2022	USD	384.700000	A
PP	Iran (Islamic Republic of)	Producer Price (USD/tonne)	Maize (corn)	2023	USD	315.300000	A
PP	Iran (Islamic Republic of)	Producer Price (USD/tonne)	Mangoes, guavas and mangosteens	2017	USD	1670.400000	A
PP	Iran (Islamic Republic of)	Producer Price (USD/tonne)	Mangoes, guavas and mangosteens	2018	USD	620.300000	A
PP	Iran (Islamic Republic of)	Producer Price (USD/tonne)	Mangoes, guavas and mangosteens	2019	USD	1405.000000	A
PP	Iran (Islamic Republic of)	Producer Price (USD/tonne)	Mangoes, guavas and mangosteens	2020	USD	1519.600000	A
PP	Iran (Islamic Republic of)	Producer Price (USD/tonne)	Mangoes, guavas and mangosteens	2021	USD	893.800000	A
PP	Iran (Islamic Republic of)	Producer Price (USD/tonne)	Mangoes, guavas and mangosteens	2022	USD	1144.600000	A
PP	Iran (Islamic Republic of)	Producer Price (USD/tonne)	Mangoes, guavas and mangosteens	2023	USD	929.400000	A
PP	Iran (Islamic Republic of)	Producer Price (USD/tonne)	Meat of cattle with the bone, fresh or chilled (biological)	2017	USD	4078.100000	A
PP	Iran (Islamic Republic of)	Producer Price (USD/tonne)	Meat of cattle with the bone, fresh or chilled (biological)	2018	USD	3477.000000	A
PP	Iran (Islamic Republic of)	Producer Price (USD/tonne)	Meat of cattle with the bone, fresh or chilled (biological)	2019	USD	3716.800000	A
PP	Iran (Islamic Republic of)	Producer Price (USD/tonne)	Meat of cattle with the bone, fresh or chilled (biological)	2021	USD	2816.500000	A
PP	Iran (Islamic Republic of)	Producer Price (USD/tonne)	Meat of cattle with the bone, fresh or chilled (biological)	2022	USD	3312.300000	A
PP	Iran (Islamic Republic of)	Producer Price (USD/tonne)	Meat of cattle with the bone, fresh or chilled (biological)	2023	USD	4972.200000	A
PP	Iran (Islamic Republic of)	Producer Price (USD/tonne)	Meat of goat, fresh or chilled (biological)	2017	USD	4471.800000	A
PP	Iran (Islamic Republic of)	Producer Price (USD/tonne)	Meat of goat, fresh or chilled (biological)	2018	USD	4034.900000	A
PP	Iran (Islamic Republic of)	Producer Price (USD/tonne)	Meat of goat, fresh or chilled (biological)	2019	USD	4520.700000	A
PP	Iran (Islamic Republic of)	Producer Price (USD/tonne)	Meat of goat, fresh or chilled (biological)	2020	USD	3510.100000	A
PP	Iran (Islamic Republic of)	Producer Price (USD/tonne)	Meat of goat, fresh or chilled (biological)	2021	USD	2876.100000	A
PP	Iran (Islamic Republic of)	Producer Price (USD/tonne)	Meat of goat, fresh or chilled (biological)	2022	USD	3176.100000	A
PP	Iran (Islamic Republic of)	Producer Price (USD/tonne)	Meat of goat, fresh or chilled (biological)	2023	USD	5003.500000	A
PP	Iran (Islamic Republic of)	Producer Price (USD/tonne)	Meat of sheep, fresh or chilled (biological)	2017	USD	4775.200000	A
PP	Iran (Islamic Republic of)	Producer Price (USD/tonne)	Meat of sheep, fresh or chilled (biological)	2018	USD	3441.900000	A
PP	Iran (Islamic Republic of)	Producer Price (USD/tonne)	Meat of sheep, fresh or chilled (biological)	2019	USD	4619.800000	A
PP	Iran (Islamic Republic of)	Producer Price (USD/tonne)	Meat of sheep, fresh or chilled (biological)	2020	USD	3510.100000	A
PP	Iran (Islamic Republic of)	Producer Price (USD/tonne)	Meat of sheep, fresh or chilled (biological)	2021	USD	2949.400000	A
PP	Iran (Islamic Republic of)	Producer Price (USD/tonne)	Meat of sheep, fresh or chilled (biological)	2022	USD	3209.700000	A
PP	Iran (Islamic Republic of)	Producer Price (USD/tonne)	Meat of sheep, fresh or chilled (biological)	2023	USD	5629.100000	A
PP	Iran (Islamic Republic of)	Producer Price (USD/tonne)	Millet	2017	USD	396.200000	A
PP	Iran (Islamic Republic of)	Producer Price (USD/tonne)	Millet	2018	USD	472.500000	A
PP	Iran (Islamic Republic of)	Producer Price (USD/tonne)	Millet	2019	USD	456.200000	A
PP	Iran (Islamic Republic of)	Producer Price (USD/tonne)	Millet	2020	USD	363.800000	A
PP	Iran (Islamic Republic of)	Producer Price (USD/tonne)	Millet	2021	USD	480.600000	A
PP	Iran (Islamic Republic of)	Producer Price (USD/tonne)	Millet	2022	USD	520.500000	A
PP	Iran (Islamic Republic of)	Producer Price (USD/tonne)	Millet	2023	USD	597.500000	A
PP	Iran (Islamic Republic of)	Producer Price (USD/tonne)	Natural honey	2017	USD	4511.100000	A
PP	Iran (Islamic Republic of)	Producer Price (USD/tonne)	Natural honey	2018	USD	4025.600000	A
PP	Iran (Islamic Republic of)	Producer Price (USD/tonne)	Natural honey	2019	USD	3547.900000	A
PP	Iran (Islamic Republic of)	Producer Price (USD/tonne)	Natural honey	2020	USD	3758.900000	A
PP	Iran (Islamic Republic of)	Producer Price (USD/tonne)	Natural honey	2021	USD	4423.400000	A
PP	Iran (Islamic Republic of)	Producer Price (USD/tonne)	Natural honey	2022	USD	5255.500000	A
PP	Iran (Islamic Republic of)	Producer Price (USD/tonne)	Natural honey	2023	USD	5243.800000	A
PP	Iran (Islamic Republic of)	Producer Price (USD/tonne)	Olives	2017	USD	1560.300000	A
PP	Iran (Islamic Republic of)	Producer Price (USD/tonne)	Olives	2018	USD	921.800000	A
PP	Iran (Islamic Republic of)	Producer Price (USD/tonne)	Olives	2019	USD	744.500000	A
PP	Iran (Islamic Republic of)	Producer Price (USD/tonne)	Olives	2020	USD	931.000000	A
PP	Iran (Islamic Republic of)	Producer Price (USD/tonne)	Olives	2021	USD	1650.100000	A
PP	Iran (Islamic Republic of)	Producer Price (USD/tonne)	Olives	2022	USD	1052.500000	A
PP	Iran (Islamic Republic of)	Producer Price (USD/tonne)	Olives	2023	USD	1730.000000	A
PP	Iran (Islamic Republic of)	Producer Price (USD/tonne)	Onions and shallots, dry (excluding dehydrated)	2017	USD	296.600000	A
PP	Iran (Islamic Republic of)	Producer Price (USD/tonne)	Onions and shallots, dry (excluding dehydrated)	2018	USD	166.400000	A
PP	Iran (Islamic Republic of)	Producer Price (USD/tonne)	Onions and shallots, dry (excluding dehydrated)	2019	USD	264.900000	A
PP	Iran (Islamic Republic of)	Producer Price (USD/tonne)	Onions and shallots, dry (excluding dehydrated)	2020	USD	212.500000	A
PP	Iran (Islamic Republic of)	Producer Price (USD/tonne)	Onions and shallots, dry (excluding dehydrated)	2021	USD	152.300000	A
PP	Iran (Islamic Republic of)	Producer Price (USD/tonne)	Onions and shallots, dry (excluding dehydrated)	2022	USD	274.700000	A
PP	Iran (Islamic Republic of)	Producer Price (USD/tonne)	Onions and shallots, dry (excluding dehydrated)	2023	USD	205.100000	A
PP	Iran (Islamic Republic of)	Producer Price (USD/tonne)	Oranges	2017	USD	269.800000	A
PP	Iran (Islamic Republic of)	Producer Price (USD/tonne)	Oranges	2018	USD	211.700000	A
PP	Iran (Islamic Republic of)	Producer Price (USD/tonne)	Oranges	2019	USD	184.100000	A
PP	Iran (Islamic Republic of)	Producer Price (USD/tonne)	Oranges	2020	USD	457.900000	A
PP	Iran (Islamic Republic of)	Producer Price (USD/tonne)	Oranges	2021	USD	358.800000	A
PP	Iran (Islamic Republic of)	Producer Price (USD/tonne)	Oranges	2022	USD	222.400000	A
PP	Iran (Islamic Republic of)	Producer Price (USD/tonne)	Oranges	2023	USD	193.800000	A
PP	Iran (Islamic Republic of)	Producer Price (USD/tonne)	Other citrus fruit, n.e.c.	2017	USD	763.000000	A
PP	Iran (Islamic Republic of)	Producer Price (USD/tonne)	Other citrus fruit, n.e.c.	2018	USD	468.000000	A
PP	Iran (Islamic Republic of)	Producer Price (USD/tonne)	Other citrus fruit, n.e.c.	2019	USD	374.100000	A
PP	Iran (Islamic Republic of)	Producer Price (USD/tonne)	Other citrus fruit, n.e.c.	2020	USD	568.400000	A
PP	Iran (Islamic Republic of)	Producer Price (USD/tonne)	Other citrus fruit, n.e.c.	2021	USD	523.500000	A
PP	Iran (Islamic Republic of)	Producer Price (USD/tonne)	Other citrus fruit, n.e.c.	2022	USD	671.500000	A
PP	Iran (Islamic Republic of)	Producer Price (USD/tonne)	Other citrus fruit, n.e.c.	2023	USD	573.300000	A
PP	Iran (Islamic Republic of)	Producer Price (USD/tonne)	Other pulses n.e.c.	2017	USD	2364.900000	A
PP	Iran (Islamic Republic of)	Producer Price (USD/tonne)	Other pulses n.e.c.	2018	USD	1325.200000	A
PP	Iran (Islamic Republic of)	Producer Price (USD/tonne)	Other pulses n.e.c.	2019	USD	1192.600000	A
PP	Iran (Islamic Republic of)	Producer Price (USD/tonne)	Other pulses n.e.c.	2020	USD	1816.400000	A
PP	Iran (Islamic Republic of)	Producer Price (USD/tonne)	Other pulses n.e.c.	2021	USD	1812.400000	A
PP	Iran (Islamic Republic of)	Producer Price (USD/tonne)	Other pulses n.e.c.	2022	USD	1775.300000	A
PP	Iran (Islamic Republic of)	Producer Price (USD/tonne)	Other pulses n.e.c.	2023	USD	1623.600000	A
PP	Iran (Islamic Republic of)	Producer Price (USD/tonne)	Peaches and nectarines	2017	USD	606.500000	A
PP	Iran (Islamic Republic of)	Producer Price (USD/tonne)	Peaches and nectarines	2018	USD	464.900000	A
PP	Iran (Islamic Republic of)	Producer Price (USD/tonne)	Peaches and nectarines	2019	USD	417.500000	A
PP	Iran (Islamic Republic of)	Producer Price (USD/tonne)	Peaches and nectarines	2020	USD	410.600000	A
PP	Iran (Islamic Republic of)	Producer Price (USD/tonne)	Peaches and nectarines	2021	USD	726.000000	A
PP	Iran (Islamic Republic of)	Producer Price (USD/tonne)	Peaches and nectarines	2022	USD	568.000000	A
PP	Iran (Islamic Republic of)	Producer Price (USD/tonne)	Peaches and nectarines	2023	USD	516.100000	A
PP	Iran (Islamic Republic of)	Producer Price (USD/tonne)	Pears	2017	USD	1109.400000	A
PP	Iran (Islamic Republic of)	Producer Price (USD/tonne)	Pears	2018	USD	826.000000	A
PP	Iran (Islamic Republic of)	Producer Price (USD/tonne)	Pears	2019	USD	696.500000	A
PP	Iran (Islamic Republic of)	Producer Price (USD/tonne)	Pears	2020	USD	911.100000	A
PP	Iran (Islamic Republic of)	Producer Price (USD/tonne)	Pears	2021	USD	964.900000	A
PP	Iran (Islamic Republic of)	Producer Price (USD/tonne)	Pears	2022	USD	1057.000000	A
PP	Iran (Islamic Republic of)	Producer Price (USD/tonne)	Pears	2023	USD	1035.700000	A
PP	Iran (Islamic Republic of)	Producer Price (USD/tonne)	Persimmons	2017	USD	595.200000	A
PP	Iran (Islamic Republic of)	Producer Price (USD/tonne)	Persimmons	2018	USD	434.400000	A
PP	Iran (Islamic Republic of)	Producer Price (USD/tonne)	Persimmons	2019	USD	352.700000	A
PP	Iran (Islamic Republic of)	Producer Price (USD/tonne)	Persimmons	2020	USD	324.600000	A
PP	Iran (Islamic Republic of)	Producer Price (USD/tonne)	Persimmons	2021	USD	301.600000	A
PP	Iran (Islamic Republic of)	Producer Price (USD/tonne)	Persimmons	2022	USD	348.200000	A
PP	Iran (Islamic Republic of)	Producer Price (USD/tonne)	Persimmons	2023	USD	236.400000	A
PP	Iran (Islamic Republic of)	Producer Price (USD/tonne)	Pistachios, in shell	2017	USD	7444.500000	A
PP	Iran (Islamic Republic of)	Producer Price (USD/tonne)	Pistachios, in shell	2018	USD	11675.000000	A
PP	Iran (Islamic Republic of)	Producer Price (USD/tonne)	Pistachios, in shell	2019	USD	10412.400000	A
PP	Iran (Islamic Republic of)	Producer Price (USD/tonne)	Pistachios, in shell	2020	USD	10493.100000	A
PP	Iran (Islamic Republic of)	Producer Price (USD/tonne)	Pistachios, in shell	2021	USD	10151.500000	A
PP	Iran (Islamic Republic of)	Producer Price (USD/tonne)	Pistachios, in shell	2022	USD	8191.700000	A
PP	Iran (Islamic Republic of)	Producer Price (USD/tonne)	Pistachios, in shell	2023	USD	6029.300000	A
PP	Iran (Islamic Republic of)	Producer Price (USD/tonne)	Plums and sloes	2017	USD	466.100000	A
PP	Iran (Islamic Republic of)	Producer Price (USD/tonne)	Plums and sloes	2018	USD	485.900000	A
PP	Iran (Islamic Republic of)	Producer Price (USD/tonne)	Plums and sloes	2019	USD	330.500000	A
PP	Iran (Islamic Republic of)	Producer Price (USD/tonne)	Plums and sloes	2020	USD	375.900000	A
PP	Iran (Islamic Republic of)	Producer Price (USD/tonne)	Plums and sloes	2021	USD	494.200000	A
PP	Iran (Islamic Republic of)	Producer Price (USD/tonne)	Plums and sloes	2022	USD	492.400000	A
PP	Iran (Islamic Republic of)	Producer Price (USD/tonne)	Plums and sloes	2023	USD	478.900000	A
PP	Iran (Islamic Republic of)	Producer Price (USD/tonne)	Pomelos and grapefruits	2017	USD	410.800000	A
PP	Iran (Islamic Republic of)	Producer Price (USD/tonne)	Pomelos and grapefruits	2018	USD	256.300000	A
PP	Iran (Islamic Republic of)	Producer Price (USD/tonne)	Pomelos and grapefruits	2019	USD	237.400000	A
PP	Iran (Islamic Republic of)	Producer Price (USD/tonne)	Pomelos and grapefruits	2020	USD	256.400000	A
PP	Iran (Islamic Republic of)	Producer Price (USD/tonne)	Pomelos and grapefruits	2021	USD	224.300000	A
PP	Iran (Islamic Republic of)	Producer Price (USD/tonne)	Pomelos and grapefruits	2022	USD	189.100000	A
PP	Iran (Islamic Republic of)	Producer Price (USD/tonne)	Pomelos and grapefruits	2023	USD	198.200000	A
PP	Iran (Islamic Republic of)	Producer Price (USD/tonne)	Potatoes	2017	USD	203.600000	A
PP	Iran (Islamic Republic of)	Producer Price (USD/tonne)	Potatoes	2018	USD	182.500000	A
PP	Iran (Islamic Republic of)	Producer Price (USD/tonne)	Potatoes	2019	USD	270.500000	A
PP	Iran (Islamic Republic of)	Producer Price (USD/tonne)	Potatoes	2020	USD	156.200000	A
PP	Iran (Islamic Republic of)	Producer Price (USD/tonne)	Potatoes	2021	USD	199.700000	A
PP	Iran (Islamic Republic of)	Producer Price (USD/tonne)	Potatoes	2022	USD	378.300000	A
PP	Iran (Islamic Republic of)	Producer Price (USD/tonne)	Quinces	2017	USD	774.400000	A
PP	Iran (Islamic Republic of)	Producer Price (USD/tonne)	Quinces	2018	USD	473.600000	A
PP	Iran (Islamic Republic of)	Producer Price (USD/tonne)	Quinces	2019	USD	580.600000	A
PP	Iran (Islamic Republic of)	Producer Price (USD/tonne)	Quinces	2020	USD	516.300000	A
PP	Iran (Islamic Republic of)	Producer Price (USD/tonne)	Quinces	2021	USD	665.900000	A
PP	Iran (Islamic Republic of)	Producer Price (USD/tonne)	Quinces	2022	USD	777.200000	A
PP	Iran (Islamic Republic of)	Producer Price (USD/tonne)	Quinces	2023	USD	700.300000	A
PP	Iran (Islamic Republic of)	Producer Price (USD/tonne)	Raw milk of buffalo	2017	USD	873.700000	A
PP	Iran (Islamic Republic of)	Producer Price (USD/tonne)	Raw milk of buffalo	2018	USD	496.900000	A
PP	Iran (Islamic Republic of)	Producer Price (USD/tonne)	Raw milk of buffalo	2019	USD	483.200000	A
PP	Iran (Islamic Republic of)	Producer Price (USD/tonne)	Raw milk of buffalo	2020	USD	435.100000	A
PP	Iran (Islamic Republic of)	Producer Price (USD/tonne)	Raw milk of buffalo	2021	USD	412.700000	A
PP	Iran (Islamic Republic of)	Producer Price (USD/tonne)	Raw milk of buffalo	2022	USD	570.300000	A
PP	Iran (Islamic Republic of)	Producer Price (USD/tonne)	Raw milk of buffalo	2023	USD	695.700000	A
PP	Iran (Islamic Republic of)	Producer Price (USD/tonne)	Raw milk of cattle	2017	USD	355.200000	A
PP	Iran (Islamic Republic of)	Producer Price (USD/tonne)	Raw milk of cattle	2018	USD	232.000000	A
PP	Iran (Islamic Republic of)	Producer Price (USD/tonne)	Raw milk of cattle	2019	USD	254.500000	A
PP	Iran (Islamic Republic of)	Producer Price (USD/tonne)	Raw milk of cattle	2020	USD	261.900000	A
PP	Iran (Islamic Republic of)	Producer Price (USD/tonne)	Raw milk of cattle	2021	USD	310.000000	A
PP	Iran (Islamic Republic of)	Producer Price (USD/tonne)	Raw milk of cattle	2022	USD	455.000000	A
PP	Iran (Islamic Republic of)	Producer Price (USD/tonne)	Raw milk of cattle	2023	USD	415.500000	A
PP	Iran (Islamic Republic of)	Producer Price (USD/tonne)	Raw milk of goats	2017	USD	1060.100000	A
PP	Iran (Islamic Republic of)	Producer Price (USD/tonne)	Raw milk of goats	2018	USD	550.300000	A
PP	Iran (Islamic Republic of)	Producer Price (USD/tonne)	Raw milk of goats	2019	USD	524.000000	A
PP	Iran (Islamic Republic of)	Producer Price (USD/tonne)	Raw milk of goats	2020	USD	576.900000	A
PP	Iran (Islamic Republic of)	Producer Price (USD/tonne)	Raw milk of goats	2021	USD	648.400000	A
PP	Iran (Islamic Republic of)	Producer Price (USD/tonne)	Raw milk of goats	2022	USD	922.400000	A
PP	Iran (Islamic Republic of)	Producer Price (USD/tonne)	Raw milk of goats	2023	USD	982.700000	A
PP	Iran (Islamic Republic of)	Producer Price (USD/tonne)	Raw milk of sheep	2017	USD	1280.900000	A
PP	Iran (Islamic Republic of)	Producer Price (USD/tonne)	Raw milk of sheep	2018	USD	664.900000	A
PP	Iran (Islamic Republic of)	Producer Price (USD/tonne)	Raw milk of sheep	2019	USD	674.800000	A
PP	Iran (Islamic Republic of)	Producer Price (USD/tonne)	Raw milk of sheep	2020	USD	757.900000	A
PP	Iran (Islamic Republic of)	Producer Price (USD/tonne)	Raw milk of sheep	2021	USD	754.200000	A
PP	Iran (Islamic Republic of)	Producer Price (USD/tonne)	Raw milk of sheep	2022	USD	940.300000	A
PP	Iran (Islamic Republic of)	Producer Price (USD/tonne)	Raw milk of sheep	2023	USD	1140.600000	A
PP	Iran (Islamic Republic of)	Producer Price (USD/tonne)	Rice	2017	USD	1195.800000	A
PP	Iran (Islamic Republic of)	Producer Price (USD/tonne)	Rice	2018	USD	710.700000	A
PP	Iran (Islamic Republic of)	Producer Price (USD/tonne)	Rice	2019	USD	729.700000	A
PP	Iran (Islamic Republic of)	Producer Price (USD/tonne)	Rice	2020	USD	788.700000	A
PP	Iran (Islamic Republic of)	Producer Price (USD/tonne)	Rice	2021	USD	900.200000	A
PP	Iran (Islamic Republic of)	Producer Price (USD/tonne)	Rice	2022	USD	1164.100000	A
PP	Iran (Islamic Republic of)	Producer Price (USD/tonne)	Rice	2023	USD	742.300000	A
PP	Iran (Islamic Republic of)	Producer Price (USD/tonne)	Seed cotton, unginned	2017	USD	902.100000	A
PP	Iran (Islamic Republic of)	Producer Price (USD/tonne)	Sesame seed	2017	USD	1797.800000	A
PP	Iran (Islamic Republic of)	Producer Price (USD/tonne)	Sesame seed	2018	USD	2195.400000	A
PP	Iran (Islamic Republic of)	Producer Price (USD/tonne)	Sesame seed	2019	USD	2003.500000	A
PP	Iran (Islamic Republic of)	Producer Price (USD/tonne)	Sesame seed	2020	USD	2159.700000	A
PP	Iran (Islamic Republic of)	Producer Price (USD/tonne)	Sesame seed	2021	USD	1653.200000	A
PP	Iran (Islamic Republic of)	Producer Price (USD/tonne)	Sesame seed	2022	USD	1832.000000	A
PP	Iran (Islamic Republic of)	Producer Price (USD/tonne)	Sesame seed	2023	USD	2116.800000	A
PP	Iran (Islamic Republic of)	Producer Price (USD/tonne)	Shorn wool, greasy, including fleece-washed shorn wool	2017	USD	624.700000	A
PP	Iran (Islamic Republic of)	Producer Price (USD/tonne)	Shorn wool, greasy, including fleece-washed shorn wool	2018	USD	321.800000	A
PP	Iran (Islamic Republic of)	Producer Price (USD/tonne)	Shorn wool, greasy, including fleece-washed shorn wool	2019	USD	424.600000	A
PP	Iran (Islamic Republic of)	Producer Price (USD/tonne)	Shorn wool, greasy, including fleece-washed shorn wool	2020	USD	372.400000	A
PP	Iran (Islamic Republic of)	Producer Price (USD/tonne)	Shorn wool, greasy, including fleece-washed shorn wool	2021	USD	345.600000	A
PP	Iran (Islamic Republic of)	Producer Price (USD/tonne)	Shorn wool, greasy, including fleece-washed shorn wool	2022	USD	441.300000	A
PP	Iran (Islamic Republic of)	Producer Price (USD/tonne)	Shorn wool, greasy, including fleece-washed shorn wool	2023	USD	476.400000	A
PP	Iran (Islamic Republic of)	Producer Price (USD/tonne)	Silk-worm cocoons suitable for reeling	2017	USD	7044.800000	A
PP	Iran (Islamic Republic of)	Producer Price (USD/tonne)	Silk-worm cocoons suitable for reeling	2019	USD	9356.000000	A
PP	Iran (Islamic Republic of)	Producer Price (USD/tonne)	Silk-worm cocoons suitable for reeling	2020	USD	6307.500000	A
PP	Iran (Islamic Republic of)	Producer Price (USD/tonne)	Silk-worm cocoons suitable for reeling	2021	USD	7220.700000	A
PP	Iran (Islamic Republic of)	Producer Price (USD/tonne)	Silk-worm cocoons suitable for reeling	2022	USD	8191.700000	A
PP	Iran (Islamic Republic of)	Producer Price (USD/tonne)	Silk-worm cocoons suitable for reeling	2023	USD	6029.300000	A
PP	Iran (Islamic Republic of)	Producer Price (USD/tonne)	Sour cherries	2017	USD	945.800000	A
PP	Iran (Islamic Republic of)	Producer Price (USD/tonne)	Sour cherries	2018	USD	591.400000	A
PP	Iran (Islamic Republic of)	Producer Price (USD/tonne)	Sour cherries	2019	USD	580.900000	A
PP	Iran (Islamic Republic of)	Producer Price (USD/tonne)	Sour cherries	2020	USD	725.100000	A
PP	Iran (Islamic Republic of)	Producer Price (USD/tonne)	Sour cherries	2021	USD	748.400000	A
PP	Iran (Islamic Republic of)	Producer Price (USD/tonne)	Sour cherries	2022	USD	753.200000	A
PP	Iran (Islamic Republic of)	Producer Price (USD/tonne)	Sour cherries	2023	USD	794.900000	A
PP	Iran (Islamic Republic of)	Producer Price (USD/tonne)	Soya beans	2017	USD	694.300000	A
PP	Iran (Islamic Republic of)	Producer Price (USD/tonne)	Soya beans	2018	USD	358.800000	A
PP	Iran (Islamic Republic of)	Producer Price (USD/tonne)	Soya beans	2019	USD	327.000000	A
PP	Iran (Islamic Republic of)	Producer Price (USD/tonne)	Soya beans	2020	USD	920.500000	A
PP	Iran (Islamic Republic of)	Producer Price (USD/tonne)	Soya beans	2021	USD	642.800000	A
PP	Iran (Islamic Republic of)	Producer Price (USD/tonne)	Soya beans	2022	USD	676.100000	A
PP	Iran (Islamic Republic of)	Producer Price (USD/tonne)	Soya beans	2023	USD	844.900000	A
PP	Iran (Islamic Republic of)	Producer Price (USD/tonne)	Spinach	2017	USD	205.500000	A
PP	Iran (Islamic Republic of)	Producer Price (USD/tonne)	Spinach	2018	USD	190.500000	A
PP	Iran (Islamic Republic of)	Producer Price (USD/tonne)	Spinach	2019	USD	192.600000	A
PP	Iran (Islamic Republic of)	Producer Price (USD/tonne)	Spinach	2020	USD	210.000000	A
PP	Iran (Islamic Republic of)	Producer Price (USD/tonne)	Spinach	2021	USD	241.200000	A
PP	Iran (Islamic Republic of)	Producer Price (USD/tonne)	Spinach	2022	USD	267.700000	A
PP	Iran (Islamic Republic of)	Producer Price (USD/tonne)	Spinach	2023	USD	227.500000	A
PP	Iran (Islamic Republic of)	Producer Price (USD/tonne)	Strawberries	2017	USD	1924.600000	A
PP	Iran (Islamic Republic of)	Producer Price (USD/tonne)	Strawberries	2018	USD	1009.600000	A
PP	Iran (Islamic Republic of)	Producer Price (USD/tonne)	Strawberries	2019	USD	910.600000	A
PP	Iran (Islamic Republic of)	Producer Price (USD/tonne)	Strawberries	2020	USD	949.500000	A
PP	Iran (Islamic Republic of)	Producer Price (USD/tonne)	Strawberries	2021	USD	1160.200000	A
PP	Iran (Islamic Republic of)	Producer Price (USD/tonne)	Strawberries	2022	USD	1039.300000	A
PP	Iran (Islamic Republic of)	Producer Price (USD/tonne)	Strawberries	2023	USD	1430.800000	A
PP	Iran (Islamic Republic of)	Producer Price (USD/tonne)	String beans	2017	USD	521.800000	A
PP	Iran (Islamic Republic of)	Producer Price (USD/tonne)	String beans	2018	USD	365.900000	A
PP	Iran (Islamic Republic of)	Producer Price (USD/tonne)	String beans	2019	USD	419.600000	A
PP	Iran (Islamic Republic of)	Producer Price (USD/tonne)	String beans	2020	USD	489.300000	A
PP	Iran (Islamic Republic of)	Producer Price (USD/tonne)	String beans	2021	USD	470.400000	A
PP	Iran (Islamic Republic of)	Producer Price (USD/tonne)	String beans	2022	USD	404.500000	A
PP	Iran (Islamic Republic of)	Producer Price (USD/tonne)	String beans	2023	USD	561.400000	A
PP	Iran (Islamic Republic of)	Producer Price (USD/tonne)	Sugar beet	2017	USD	102.700000	A
PP	Iran (Islamic Republic of)	Producer Price (USD/tonne)	Sugar beet	2018	USD	47.500000	A
PP	Iran (Islamic Republic of)	Producer Price (USD/tonne)	Sugar beet	2019	USD	47.600000	A
PP	Iran (Islamic Republic of)	Producer Price (USD/tonne)	Sugar beet	2020	USD	57.300000	A
PP	Iran (Islamic Republic of)	Producer Price (USD/tonne)	Sugar beet	2021	USD	67.500000	A
PP	Iran (Islamic Republic of)	Producer Price (USD/tonne)	Sugar beet	2022	USD	72.300000	A
PP	Iran (Islamic Republic of)	Producer Price (USD/tonne)	Sugar beet	2023	USD	78.700000	A
PP	Iran (Islamic Republic of)	Producer Price (USD/tonne)	Sugar cane	2017	USD	42.200000	A
PP	Iran (Islamic Republic of)	Producer Price (USD/tonne)	Sugar cane	2018	USD	31.800000	A
PP	Iran (Islamic Republic of)	Producer Price (USD/tonne)	Sugar cane	2019	USD	28.200000	A
PP	Iran (Islamic Republic of)	Producer Price (USD/tonne)	Sugar cane	2020	USD	31.000000	A
PP	Iran (Islamic Republic of)	Producer Price (USD/tonne)	Sugar cane	2021	USD	26.000000	A
PP	Iran (Islamic Republic of)	Producer Price (USD/tonne)	Sugar cane	2022	USD	20.600000	A
PP	Iran (Islamic Republic of)	Producer Price (USD/tonne)	Sunflower seed	2017	USD	1247.800000	A
PP	Iran (Islamic Republic of)	Producer Price (USD/tonne)	Sunflower seed	2018	USD	1523.200000	A
PP	Iran (Islamic Republic of)	Producer Price (USD/tonne)	Sunflower seed	2019	USD	1067.500000	A
PP	Iran (Islamic Republic of)	Producer Price (USD/tonne)	Sunflower seed	2020	USD	1488.700000	A
PP	Iran (Islamic Republic of)	Producer Price (USD/tonne)	Sunflower seed	2021	USD	961.500000	A
PP	Iran (Islamic Republic of)	Producer Price (USD/tonne)	Sunflower seed	2022	USD	1194.100000	A
PP	Iran (Islamic Republic of)	Producer Price (USD/tonne)	Sunflower seed	2023	USD	1034.000000	A
PP	Iran (Islamic Republic of)	Producer Price (USD/tonne)	Tangerines, mandarins, clementines	2017	USD	317.400000	A
PP	Iran (Islamic Republic of)	Producer Price (USD/tonne)	Tangerines, mandarins, clementines	2018	USD	300.200000	A
PP	Iran (Islamic Republic of)	Producer Price (USD/tonne)	Tangerines, mandarins, clementines	2019	USD	216.100000	A
PP	Iran (Islamic Republic of)	Producer Price (USD/tonne)	Tangerines, mandarins, clementines	2020	USD	370.900000	A
PP	Iran (Islamic Republic of)	Producer Price (USD/tonne)	Tangerines, mandarins, clementines	2021	USD	326.200000	A
PP	Iran (Islamic Republic of)	Producer Price (USD/tonne)	Tangerines, mandarins, clementines	2022	USD	219.700000	A
PP	Iran (Islamic Republic of)	Producer Price (USD/tonne)	Tangerines, mandarins, clementines	2023	USD	250.500000	A
PP	Iran (Islamic Republic of)	Producer Price (USD/tonne)	Tea leaves	2017	USD	551.800000	A
PP	Iran (Islamic Republic of)	Producer Price (USD/tonne)	Tea leaves	2018	USD	291.500000	A
PP	Iran (Islamic Republic of)	Producer Price (USD/tonne)	Tea leaves	2019	USD	322.200000	A
PP	Iran (Islamic Republic of)	Producer Price (USD/tonne)	Tea leaves	2020	USD	316.100000	A
PP	Iran (Islamic Republic of)	Producer Price (USD/tonne)	Tea leaves	2021	USD	329.200000	A
PP	Iran (Islamic Republic of)	Producer Price (USD/tonne)	Tea leaves	2022	USD	329.800000	A
PP	Iran (Islamic Republic of)	Producer Price (USD/tonne)	Tea leaves	2023	USD	354.100000	A
PP	Iran (Islamic Republic of)	Producer Price (USD/tonne)	Tomatoes	2017	USD	178.700000	A
PP	Iran (Islamic Republic of)	Producer Price (USD/tonne)	Tomatoes	2018	USD	244.600000	A
PP	Iran (Islamic Republic of)	Producer Price (USD/tonne)	Tomatoes	2019	USD	175.200000	A
PP	Iran (Islamic Republic of)	Producer Price (USD/tonne)	Tomatoes	2020	USD	150.200000	A
PP	Iran (Islamic Republic of)	Producer Price (USD/tonne)	Tomatoes	2021	USD	230.400000	A
PP	Iran (Islamic Republic of)	Producer Price (USD/tonne)	Tomatoes	2022	USD	213.100000	A
PP	Iran (Islamic Republic of)	Producer Price (USD/tonne)	Tomatoes	2023	USD	160.400000	A
PP	Iran (Islamic Republic of)	Producer Price (USD/tonne)	Unmanufactured tobacco	2017	USD	3011.400000	A
PP	Iran (Islamic Republic of)	Producer Price (USD/tonne)	Unmanufactured tobacco	2018	USD	2005.600000	A
PP	Iran (Islamic Republic of)	Producer Price (USD/tonne)	Unmanufactured tobacco	2019	USD	1705.400000	A
PP	Iran (Islamic Republic of)	Producer Price (USD/tonne)	Unmanufactured tobacco	2020	USD	1424.600000	A
PP	Iran (Islamic Republic of)	Producer Price (USD/tonne)	Unmanufactured tobacco	2021	USD	2552.700000	A
PP	Iran (Islamic Republic of)	Producer Price (USD/tonne)	Unmanufactured tobacco	2022	USD	4066.800000	A
PP	Iran (Islamic Republic of)	Producer Price (USD/tonne)	Unmanufactured tobacco	2023	USD	3175.400000	A
PP	Iran (Islamic Republic of)	Producer Price (USD/tonne)	Walnuts, in shell	2017	USD	6001.600000	A
PP	Iran (Islamic Republic of)	Producer Price (USD/tonne)	Walnuts, in shell	2018	USD	4724.600000	A
PP	Iran (Islamic Republic of)	Producer Price (USD/tonne)	Walnuts, in shell	2019	USD	5340.200000	A
PP	Iran (Islamic Republic of)	Producer Price (USD/tonne)	Walnuts, in shell	2020	USD	6470.900000	A
PP	Iran (Islamic Republic of)	Producer Price (USD/tonne)	Walnuts, in shell	2021	USD	5164.200000	A
PP	Iran (Islamic Republic of)	Producer Price (USD/tonne)	Walnuts, in shell	2022	USD	4552.700000	A
PP	Iran (Islamic Republic of)	Producer Price (USD/tonne)	Walnuts, in shell	2023	USD	4286.500000	A
PP	Iran (Islamic Republic of)	Producer Price (USD/tonne)	Watermelons	2017	USD	93.700000	A
PP	Iran (Islamic Republic of)	Producer Price (USD/tonne)	Watermelons	2018	USD	129.900000	A
PP	Iran (Islamic Republic of)	Producer Price (USD/tonne)	Watermelons	2019	USD	81.200000	A
PP	Iran (Islamic Republic of)	Producer Price (USD/tonne)	Watermelons	2020	USD	128.600000	A
PP	Iran (Islamic Republic of)	Producer Price (USD/tonne)	Watermelons	2021	USD	130.900000	A
PP	Iran (Islamic Republic of)	Producer Price (USD/tonne)	Watermelons	2022	USD	106.600000	A
PP	Iran (Islamic Republic of)	Producer Price (USD/tonne)	Watermelons	2023	USD	124.200000	A
PP	Iran (Islamic Republic of)	Producer Price (USD/tonne)	Wheat	2017	USD	388.200000	A
PP	Iran (Islamic Republic of)	Producer Price (USD/tonne)	Wheat	2018	USD	191.300000	A
PP	Iran (Islamic Republic of)	Producer Price (USD/tonne)	Wheat	2019	USD	196.700000	A
PP	Iran (Islamic Republic of)	Producer Price (USD/tonne)	Wheat	2020	USD	199.200000	A
PP	Iran (Islamic Republic of)	Producer Price (USD/tonne)	Wheat	2021	USD	272.300000	A
PP	Iran (Islamic Republic of)	Producer Price (USD/tonne)	Wheat	2022	USD	436.600000	A
PP	Iran (Islamic Republic of)	Producer Price (USD/tonne)	Wheat	2023	USD	405.400000	A
PP	Iraq	Producer Price (USD/tonne)	Apples	2017	USD	691.700000	A
PP	Iraq	Producer Price (USD/tonne)	Apples	2018	USD	706.800000	A
PP	Iraq	Producer Price (USD/tonne)	Apples	2019	USD	690.400000	A
PP	Iraq	Producer Price (USD/tonne)	Apples	2020	USD	666.900000	A
PP	Iraq	Producer Price (USD/tonne)	Apples	2021	USD	558.600000	A
PP	Iraq	Producer Price (USD/tonne)	Apples	2022	USD	569.000000	A
PP	Iraq	Producer Price (USD/tonne)	Apples	2023	USD	641.500000	A
PP	Iraq	Producer Price (USD/tonne)	Apples	2024	USD	636.200000	A
PP	Iraq	Producer Price (USD/tonne)	Apricots	2017	USD	1050.700000	A
PP	Iraq	Producer Price (USD/tonne)	Apricots	2018	USD	1068.700000	A
PP	Iraq	Producer Price (USD/tonne)	Apricots	2019	USD	1038.900000	A
PP	Iraq	Producer Price (USD/tonne)	Apricots	2020	USD	1067.100000	A
PP	Iraq	Producer Price (USD/tonne)	Apricots	2021	USD	878.600000	A
PP	Iraq	Producer Price (USD/tonne)	Apricots	2022	USD	882.100000	A
PP	Iraq	Producer Price (USD/tonne)	Apricots	2023	USD	979.800000	A
PP	Iraq	Producer Price (USD/tonne)	Apricots	2024	USD	990.800000	A
PP	Iraq	Producer Price (USD/tonne)	Barley	2017	USD	301.500000	A
PP	Iraq	Producer Price (USD/tonne)	Barley	2018	USD	312.000000	A
PP	Iraq	Producer Price (USD/tonne)	Barley	2019	USD	303.700000	A
PP	Iraq	Producer Price (USD/tonne)	Barley	2020	USD	307.000000	A
PP	Iraq	Producer Price (USD/tonne)	Barley	2021	USD	262.800000	A
PP	Iraq	Producer Price (USD/tonne)	Barley	2022	USD	273.800000	A
PP	Iraq	Producer Price (USD/tonne)	Barley	2023	USD	308.600000	A
PP	Iraq	Producer Price (USD/tonne)	Barley	2024	USD	311.500000	A
PP	Iraq	Producer Price (USD/tonne)	Broad beans and horse beans, dry	2017	USD	999.200000	A
PP	Iraq	Producer Price (USD/tonne)	Broad beans and horse beans, dry	2018	USD	992.600000	A
PP	Iraq	Producer Price (USD/tonne)	Broad beans and horse beans, dry	2019	USD	960.200000	A
PP	Iraq	Producer Price (USD/tonne)	Broad beans and horse beans, dry	2020	USD	954.700000	A
PP	Iraq	Producer Price (USD/tonne)	Broad beans and horse beans, dry	2021	USD	808.300000	A
PP	Iraq	Producer Price (USD/tonne)	Broad beans and horse beans, dry	2022	USD	833.100000	A
PP	Iraq	Producer Price (USD/tonne)	Broad beans and horse beans, dry	2023	USD	950.100000	A
PP	Iraq	Producer Price (USD/tonne)	Broad beans and horse beans, dry	2024	USD	960.800000	A
PP	Iraq	Producer Price (USD/tonne)	Broad beans and horse beans, green	2017	USD	545.600000	A
PP	Iraq	Producer Price (USD/tonne)	Broad beans and horse beans, green	2018	USD	520.000000	A
PP	Iraq	Producer Price (USD/tonne)	Broad beans and horse beans, green	2019	USD	517.800000	A
PP	Iraq	Producer Price (USD/tonne)	Broad beans and horse beans, green	2020	USD	534.400000	A
PP	Iraq	Producer Price (USD/tonne)	Broad beans and horse beans, green	2021	USD	451.700000	A
PP	Iraq	Producer Price (USD/tonne)	Broad beans and horse beans, green	2022	USD	464.800000	A
PP	Iraq	Producer Price (USD/tonne)	Broad beans and horse beans, green	2023	USD	528.800000	A
PP	Iraq	Producer Price (USD/tonne)	Broad beans and horse beans, green	2024	USD	544.600000	A
PP	Iraq	Producer Price (USD/tonne)	Cabbages	2017	USD	356.400000	A
PP	Iraq	Producer Price (USD/tonne)	Cabbages	2018	USD	323.800000	A
PP	Iraq	Producer Price (USD/tonne)	Cabbages	2019	USD	328.300000	A
PP	Iraq	Producer Price (USD/tonne)	Cabbages	2020	USD	330.500000	A
PP	Iraq	Producer Price (USD/tonne)	Cabbages	2021	USD	274.500000	A
PP	Iraq	Producer Price (USD/tonne)	Cabbages	2022	USD	277.900000	A
PP	Iraq	Producer Price (USD/tonne)	Cabbages	2023	USD	311.600000	A
PP	Iraq	Producer Price (USD/tonne)	Cabbages	2024	USD	315.400000	A
PP	Iraq	Producer Price (USD/tonne)	Cantaloupes and other melons	2017	USD	397.000000	A
PP	Iraq	Producer Price (USD/tonne)	Cantaloupes and other melons	2018	USD	399.100000	A
PP	Iraq	Producer Price (USD/tonne)	Cantaloupes and other melons	2019	USD	391.700000	A
PP	Iraq	Producer Price (USD/tonne)	Cantaloupes and other melons	2020	USD	379.200000	A
PP	Iraq	Producer Price (USD/tonne)	Cantaloupes and other melons	2021	USD	318.600000	A
PP	Iraq	Producer Price (USD/tonne)	Cantaloupes and other melons	2022	USD	327.600000	A
PP	Iraq	Producer Price (USD/tonne)	Cantaloupes and other melons	2023	USD	372.600000	A
PP	Iraq	Producer Price (USD/tonne)	Cantaloupes and other melons	2024	USD	725.400000	A
PP	Iraq	Producer Price (USD/tonne)	Carrots and turnips	2017	USD	380.900000	A
PP	Iraq	Producer Price (USD/tonne)	Carrots and turnips	2018	USD	703.400000	A
PP	Iraq	Producer Price (USD/tonne)	Carrots and turnips	2019	USD	371.400000	A
PP	Iraq	Producer Price (USD/tonne)	Carrots and turnips	2020	USD	373.300000	A
PP	Iraq	Producer Price (USD/tonne)	Carrots and turnips	2021	USD	311.000000	A
PP	Iraq	Producer Price (USD/tonne)	Carrots and turnips	2022	USD	315.900000	A
PP	Iraq	Producer Price (USD/tonne)	Carrots and turnips	2023	USD	355.000000	A
PP	Iraq	Producer Price (USD/tonne)	Carrots and turnips	2024	USD	356.900000	A
PP	Iraq	Producer Price (USD/tonne)	Cauliflowers and broccoli	2017	USD	415.500000	A
PP	Iraq	Producer Price (USD/tonne)	Cauliflowers and broccoli	2018	USD	391.500000	A
PP	Iraq	Producer Price (USD/tonne)	Cauliflowers and broccoli	2019	USD	385.800000	A
PP	Iraq	Producer Price (USD/tonne)	Cauliflowers and broccoli	2020	USD	382.600000	A
PP	Iraq	Producer Price (USD/tonne)	Cauliflowers and broccoli	2021	USD	326.900000	A
PP	Iraq	Producer Price (USD/tonne)	Cauliflowers and broccoli	2022	USD	333.800000	A
PP	Iraq	Producer Price (USD/tonne)	Cauliflowers and broccoli	2023	USD	376.400000	A
PP	Iraq	Producer Price (USD/tonne)	Cauliflowers and broccoli	2024	USD	770.000000	A
PP	Iraq	Producer Price (USD/tonne)	Chick peas, dry	2017	USD	1424.000000	A
PP	Iraq	Producer Price (USD/tonne)	Chick peas, dry	2019	USD	1214.000000	A
PP	Iraq	Producer Price (USD/tonne)	Chick peas, dry	2020	USD	1239.100000	A
PP	Iraq	Producer Price (USD/tonne)	Chick peas, dry	2021	USD	1048.300000	A
PP	Iraq	Producer Price (USD/tonne)	Chick peas, dry	2022	USD	1079.300000	A
PP	Iraq	Producer Price (USD/tonne)	Chick peas, dry	2023	USD	1229.700000	A
PP	Iraq	Producer Price (USD/tonne)	Chick peas, dry	2024	USD	1254.600000	A
PP	Iraq	Producer Price (USD/tonne)	Chillies and peppers, green (Capsicum spp. and Pimenta spp.)	2017	USD	1427.400000	A
PP	Iraq	Producer Price (USD/tonne)	Chillies and peppers, green (Capsicum spp. and Pimenta spp.)	2018	USD	999.400000	A
PP	Iraq	Producer Price (USD/tonne)	Chillies and peppers, green (Capsicum spp. and Pimenta spp.)	2019	USD	1013.500000	A
PP	Iraq	Producer Price (USD/tonne)	Chillies and peppers, green (Capsicum spp. and Pimenta spp.)	2020	USD	1004.200000	A
PP	Iraq	Producer Price (USD/tonne)	Chillies and peppers, green (Capsicum spp. and Pimenta spp.)	2021	USD	604.100000	A
PP	Iraq	Producer Price (USD/tonne)	Chillies and peppers, green (Capsicum spp. and Pimenta spp.)	2022	USD	615.900000	A
PP	Iraq	Producer Price (USD/tonne)	Chillies and peppers, green (Capsicum spp. and Pimenta spp.)	2023	USD	693.300000	A
PP	Iraq	Producer Price (USD/tonne)	Chillies and peppers, green (Capsicum spp. and Pimenta spp.)	2024	USD	692.300000	A
PP	Iraq	Producer Price (USD/tonne)	Cotton lint, ginned	2021	USD	1890.300000	A
PP	Iraq	Producer Price (USD/tonne)	Cotton lint, ginned	2022	USD	1951.700000	A
PP	Iraq	Producer Price (USD/tonne)	Cotton lint, ginned	2023	USD	2226.300000	A
PP	Iraq	Producer Price (USD/tonne)	Cucumbers and gherkins	2017	USD	897.000000	A
PP	Iraq	Producer Price (USD/tonne)	Cucumbers and gherkins	2018	USD	438.000000	A
PP	Iraq	Producer Price (USD/tonne)	Cucumbers and gherkins	2019	USD	432.300000	A
PP	Iraq	Producer Price (USD/tonne)	Cucumbers and gherkins	2020	USD	423.700000	A
PP	Iraq	Producer Price (USD/tonne)	Cucumbers and gherkins	2021	USD	376.600000	A
PP	Iraq	Producer Price (USD/tonne)	Cucumbers and gherkins	2022	USD	369.700000	A
PP	Iraq	Producer Price (USD/tonne)	Cucumbers and gherkins	2023	USD	442.700000	A
PP	Iraq	Producer Price (USD/tonne)	Cucumbers and gherkins	2024	USD	896.200000	A
PP	Iraq	Producer Price (USD/tonne)	Dates	2017	USD	363.200000	A
PP	Iraq	Producer Price (USD/tonne)	Dates	2018	USD	722.900000	A
PP	Iraq	Producer Price (USD/tonne)	Dates	2019	USD	762.300000	A
PP	Iraq	Producer Price (USD/tonne)	Dates	2020	USD	760.900000	A
PP	Iraq	Producer Price (USD/tonne)	Dates	2021	USD	649.700000	A
PP	Iraq	Producer Price (USD/tonne)	Dates	2022	USD	862.800000	A
PP	Iraq	Producer Price (USD/tonne)	Dates	2023	USD	973.000000	A
PP	Iraq	Producer Price (USD/tonne)	Dates	2024	USD	1473.800000	A
PP	Iraq	Producer Price (USD/tonne)	Eggplants (aubergines)	2017	USD	429.900000	A
PP	Iraq	Producer Price (USD/tonne)	Eggplants (aubergines)	2018	USD	437.100000	A
PP	Iraq	Producer Price (USD/tonne)	Eggplants (aubergines)	2019	USD	428.100000	A
PP	Iraq	Producer Price (USD/tonne)	Eggplants (aubergines)	2020	USD	408.600000	A
PP	Iraq	Producer Price (USD/tonne)	Eggplants (aubergines)	2021	USD	342.800000	A
PP	Iraq	Producer Price (USD/tonne)	Eggplants (aubergines)	2022	USD	350.300000	A
PP	Iraq	Producer Price (USD/tonne)	Eggplants (aubergines)	2023	USD	395.400000	A
PP	Iraq	Producer Price (USD/tonne)	Eggplants (aubergines)	2024	USD	393.800000	A
PP	Iraq	Producer Price (USD/tonne)	Figs	2017	USD	1145.300000	A
PP	Iraq	Producer Price (USD/tonne)	Figs	2018	USD	1207.400000	A
PP	Iraq	Producer Price (USD/tonne)	Figs	2019	USD	1206.400000	A
PP	Iraq	Producer Price (USD/tonne)	Figs	2020	USD	1229.900000	A
PP	Iraq	Producer Price (USD/tonne)	Figs	2021	USD	1064.800000	A
PP	Iraq	Producer Price (USD/tonne)	Figs	2022	USD	1084.100000	A
PP	Iraq	Producer Price (USD/tonne)	Figs	2023	USD	1220.600000	A
PP	Iraq	Producer Price (USD/tonne)	Figs	2024	USD	1235.400000	A
PP	Iraq	Producer Price (USD/tonne)	Grapes	2017	USD	850.500000	A
PP	Iraq	Producer Price (USD/tonne)	Grapes	2018	USD	850.600000	A
PP	Iraq	Producer Price (USD/tonne)	Grapes	2019	USD	852.800000	A
PP	Iraq	Producer Price (USD/tonne)	Grapes	2020	USD	882.600000	A
PP	Iraq	Producer Price (USD/tonne)	Grapes	2021	USD	742.100000	A
PP	Iraq	Producer Price (USD/tonne)	Grapes	2022	USD	760.700000	A
PP	Iraq	Producer Price (USD/tonne)	Grapes	2023	USD	862.500000	A
PP	Iraq	Producer Price (USD/tonne)	Grapes	2024	USD	856.900000	A
PP	Iraq	Producer Price (USD/tonne)	Green garlic	2017	USD	763.500000	A
PP	Iraq	Producer Price (USD/tonne)	Green garlic	2018	USD	749.100000	A
PP	Iraq	Producer Price (USD/tonne)	Green garlic	2019	USD	729.300000	A
PP	Iraq	Producer Price (USD/tonne)	Green garlic	2020	USD	722.300000	A
PP	Iraq	Producer Price (USD/tonne)	Green garlic	2021	USD	596.600000	A
PP	Iraq	Producer Price (USD/tonne)	Green garlic	2022	USD	600.000000	A
PP	Iraq	Producer Price (USD/tonne)	Green garlic	2023	USD	667.400000	A
PP	Iraq	Producer Price (USD/tonne)	Green garlic	2024	USD	680.800000	A
PP	Iraq	Producer Price (USD/tonne)	Hen eggs in shell, fresh	2017	USD	2837.800000	A
PP	Iraq	Producer Price (USD/tonne)	Hen eggs in shell, fresh	2018	USD	2891.600000	A
PP	Iraq	Producer Price (USD/tonne)	Hen eggs in shell, fresh	2019	USD	2859.600000	A
PP	Iraq	Producer Price (USD/tonne)	Hen eggs in shell, fresh	2020	USD	2845.100000	A
PP	Iraq	Producer Price (USD/tonne)	Hen eggs in shell, fresh	2021	USD	2355.200000	A
PP	Iraq	Producer Price (USD/tonne)	Hen eggs in shell, fresh	2022	USD	2386.200000	A
PP	Iraq	Producer Price (USD/tonne)	Lemons and limes	2017	USD	2046.500000	A
PP	Iraq	Producer Price (USD/tonne)	Lemons and limes	2018	USD	1569.200000	A
PP	Iraq	Producer Price (USD/tonne)	Lemons and limes	2019	USD	1586.300000	A
PP	Iraq	Producer Price (USD/tonne)	Lemons and limes	2020	USD	2189.600000	A
PP	Iraq	Producer Price (USD/tonne)	Lemons and limes	2021	USD	1855.900000	A
PP	Iraq	Producer Price (USD/tonne)	Lemons and limes	2022	USD	1915.900000	A
PP	Iraq	Producer Price (USD/tonne)	Lemons and limes	2023	USD	2183.600000	A
PP	Iraq	Producer Price (USD/tonne)	Lemons and limes	2024	USD	2266.200000	A
PP	Iraq	Producer Price (USD/tonne)	Lentils, dry	2017	USD	972.100000	A
PP	Iraq	Producer Price (USD/tonne)	Lentils, dry	2018	USD	957.900000	A
PP	Iraq	Producer Price (USD/tonne)	Lentils, dry	2019	USD	966.200000	A
PP	Iraq	Producer Price (USD/tonne)	Lentils, dry	2020	USD	996.600000	A
PP	Iraq	Producer Price (USD/tonne)	Lentils, dry	2021	USD	863.400000	A
PP	Iraq	Producer Price (USD/tonne)	Lentils, dry	2022	USD	886.900000	A
PP	Iraq	Producer Price (USD/tonne)	Lentils, dry	2023	USD	1006.500000	A
PP	Iraq	Producer Price (USD/tonne)	Lentils, dry	2024	USD	1020.000000	A
PP	Iraq	Producer Price (USD/tonne)	Lettuce and chicory	2017	USD	392.700000	A
PP	Iraq	Producer Price (USD/tonne)	Lettuce and chicory	2018	USD	392.300000	A
PP	Iraq	Producer Price (USD/tonne)	Lettuce and chicory	2019	USD	397.600000	A
PP	Iraq	Producer Price (USD/tonne)	Lettuce and chicory	2020	USD	400.200000	A
PP	Iraq	Producer Price (USD/tonne)	Lettuce and chicory	2021	USD	333.800000	A
PP	Iraq	Producer Price (USD/tonne)	Lettuce and chicory	2022	USD	339.300000	A
PP	Iraq	Producer Price (USD/tonne)	Lettuce and chicory	2023	USD	381.700000	A
PP	Iraq	Producer Price (USD/tonne)	Lettuce and chicory	2024	USD	385.400000	A
PP	Iraq	Producer Price (USD/tonne)	Maize (corn)	2017	USD	495.800000	A
PP	Iraq	Producer Price (USD/tonne)	Maize (corn)	2018	USD	470.900000	A
PP	Iraq	Producer Price (USD/tonne)	Maize (corn)	2019	USD	296.100000	A
PP	Iraq	Producer Price (USD/tonne)	Maize (corn)	2020	USD	304.500000	A
PP	Iraq	Producer Price (USD/tonne)	Maize (corn)	2021	USD	255.200000	A
PP	Iraq	Producer Price (USD/tonne)	Maize (corn)	2022	USD	260.700000	A
PP	Iraq	Producer Price (USD/tonne)	Maize (corn)	2023	USD	297.900000	A
PP	Iraq	Producer Price (USD/tonne)	Maize (corn)	2024	USD	311.500000	A
PP	Iraq	Producer Price (USD/tonne)	Meat of buffalo, fresh or chilled (biological)	2017	USD	4973.000000	A
PP	Iraq	Producer Price (USD/tonne)	Meat of buffalo, fresh or chilled (biological)	2018	USD	4704.700000	A
PP	Iraq	Producer Price (USD/tonne)	Meat of buffalo, fresh or chilled (biological)	2019	USD	4549.500000	A
PP	Iraq	Producer Price (USD/tonne)	Meat of buffalo, fresh or chilled (biological)	2020	USD	4595.700000	A
PP	Iraq	Producer Price (USD/tonne)	Meat of buffalo, fresh or chilled (biological)	2021	USD	5095.100000	A
PP	Iraq	Producer Price (USD/tonne)	Meat of camels, fresh or chilled (biological)	2017	USD	4282.100000	A
PP	Iraq	Producer Price (USD/tonne)	Meat of camels, fresh or chilled (biological)	2018	USD	4121.200000	A
PP	Iraq	Producer Price (USD/tonne)	Meat of camels, fresh or chilled (biological)	2019	USD	4020.800000	A
PP	Iraq	Producer Price (USD/tonne)	Meat of camels, fresh or chilled (biological)	2020	USD	3994.300000	A
PP	Iraq	Producer Price (USD/tonne)	Meat of camels, fresh or chilled (biological)	2021	USD	3346.000000	A
PP	Iraq	Producer Price (USD/tonne)	Meat of cattle with the bone, fresh or chilled (biological)	2017	USD	4656.200000	A
PP	Iraq	Producer Price (USD/tonne)	Meat of cattle with the bone, fresh or chilled (biological)	2018	USD	4708.300000	A
PP	Iraq	Producer Price (USD/tonne)	Meat of cattle with the bone, fresh or chilled (biological)	2019	USD	4527.900000	A
PP	Iraq	Producer Price (USD/tonne)	Meat of cattle with the bone, fresh or chilled (biological)	2020	USD	4771.400000	A
PP	Iraq	Producer Price (USD/tonne)	Meat of cattle with the bone, fresh or chilled (biological)	2021	USD	4519.400000	A
PP	Iraq	Producer Price (USD/tonne)	Meat of chickens, fresh or chilled (biological)	2017	USD	2186.400000	A
PP	Iraq	Producer Price (USD/tonne)	Meat of chickens, fresh or chilled (biological)	2018	USD	3842.800000	A
PP	Iraq	Producer Price (USD/tonne)	Meat of goat, fresh or chilled (biological)	2017	USD	5133.500000	A
PP	Iraq	Producer Price (USD/tonne)	Meat of goat, fresh or chilled (biological)	2018	USD	5245.700000	A
PP	Iraq	Producer Price (USD/tonne)	Meat of goat, fresh or chilled (biological)	2019	USD	5272.200000	A
PP	Iraq	Producer Price (USD/tonne)	Meat of goat, fresh or chilled (biological)	2020	USD	5300.500000	A
PP	Iraq	Producer Price (USD/tonne)	Meat of goat, fresh or chilled (biological)	2021	USD	4422.500000	A
PP	Iraq	Producer Price (USD/tonne)	Meat of sheep, fresh or chilled (biological)	2017	USD	5666.200000	A
PP	Iraq	Producer Price (USD/tonne)	Meat of sheep, fresh or chilled (biological)	2018	USD	5602.200000	A
PP	Iraq	Producer Price (USD/tonne)	Meat of sheep, fresh or chilled (biological)	2019	USD	5475.200000	A
PP	Iraq	Producer Price (USD/tonne)	Meat of sheep, fresh or chilled (biological)	2020	USD	5513.300000	A
PP	Iraq	Producer Price (USD/tonne)	Meat of sheep, fresh or chilled (biological)	2021	USD	4564.000000	A
PP	Iraq	Producer Price (USD/tonne)	Millet	2017	USD	459.500000	A
PP	Iraq	Producer Price (USD/tonne)	Millet	2018	USD	478.500000	A
PP	Iraq	Producer Price (USD/tonne)	Millet	2019	USD	482.200000	A
PP	Iraq	Producer Price (USD/tonne)	Millet	2020	USD	486.600000	A
PP	Iraq	Producer Price (USD/tonne)	Millet	2021	USD	408.300000	A
PP	Iraq	Producer Price (USD/tonne)	Millet	2022	USD	417.200000	A
PP	Iraq	Producer Price (USD/tonne)	Millet	2023	USD	471.600000	A
PP	Iraq	Producer Price (USD/tonne)	Millet	2024	USD	482.300000	A
PP	Iraq	Producer Price (USD/tonne)	Oats	2017	USD	700.200000	A
PP	Iraq	Producer Price (USD/tonne)	Oats	2018	USD	646.800000	A
PP	Iraq	Producer Price (USD/tonne)	Okra	2017	USD	1703.500000	A
PP	Iraq	Producer Price (USD/tonne)	Okra	2018	USD	1742.500000	A
PP	Iraq	Producer Price (USD/tonne)	Okra	2019	USD	1780.900000	A
PP	Iraq	Producer Price (USD/tonne)	Okra	2020	USD	1804.500000	A
PP	Iraq	Producer Price (USD/tonne)	Okra	2021	USD	1569.700000	A
PP	Iraq	Producer Price (USD/tonne)	Okra	2022	USD	1615.900000	A
PP	Iraq	Producer Price (USD/tonne)	Okra	2023	USD	1839.200000	A
PP	Iraq	Producer Price (USD/tonne)	Okra	2024	USD	1916.200000	A
PP	Iraq	Producer Price (USD/tonne)	Olives	2017	USD	760.100000	A
PP	Iraq	Producer Price (USD/tonne)	Olives	2018	USD	718.700000	A
PP	Iraq	Producer Price (USD/tonne)	Olives	2019	USD	707.300000	A
PP	Iraq	Producer Price (USD/tonne)	Olives	2020	USD	687.100000	A
PP	Iraq	Producer Price (USD/tonne)	Olives	2021	USD	569.700000	A
PP	Iraq	Producer Price (USD/tonne)	Olives	2022	USD	575.200000	A
PP	Iraq	Producer Price (USD/tonne)	Olives	2023	USD	642.300000	A
PP	Iraq	Producer Price (USD/tonne)	Olives	2024	USD	645.400000	A
PP	Iraq	Producer Price (USD/tonne)	Onions and shallots, dry (excluding dehydrated)	2017	USD	337.800000	A
PP	Iraq	Producer Price (USD/tonne)	Onions and shallots, dry (excluding dehydrated)	2018	USD	314.500000	A
PP	Iraq	Producer Price (USD/tonne)	Onions and shallots, dry (excluding dehydrated)	2019	USD	324.900000	A
PP	Iraq	Producer Price (USD/tonne)	Onions and shallots, dry (excluding dehydrated)	2020	USD	322.100000	A
PP	Iraq	Producer Price (USD/tonne)	Onions and shallots, dry (excluding dehydrated)	2021	USD	271.700000	A
PP	Iraq	Producer Price (USD/tonne)	Onions and shallots, dry (excluding dehydrated)	2022	USD	279.300000	A
PP	Iraq	Producer Price (USD/tonne)	Onions and shallots, dry (excluding dehydrated)	2023	USD	317.700000	A
PP	Iraq	Producer Price (USD/tonne)	Onions and shallots, dry (excluding dehydrated)	2024	USD	320.000000	A
PP	Iraq	Producer Price (USD/tonne)	Onions and shallots, green	2017	USD	362.300000	A
PP	Iraq	Producer Price (USD/tonne)	Onions and shallots, green	2018	USD	341.600000	A
PP	Iraq	Producer Price (USD/tonne)	Onions and shallots, green	2019	USD	346.900000	A
PP	Iraq	Producer Price (USD/tonne)	Onions and shallots, green	2020	USD	359.900000	A
PP	Iraq	Producer Price (USD/tonne)	Onions and shallots, green	2021	USD	307.600000	A
PP	Iraq	Producer Price (USD/tonne)	Onions and shallots, green	2022	USD	320.700000	A
PP	Iraq	Producer Price (USD/tonne)	Onions and shallots, green	2023	USD	370.300000	A
PP	Iraq	Producer Price (USD/tonne)	Onions and shallots, green	2024	USD	371.500000	A
PP	Iraq	Producer Price (USD/tonne)	Oranges	2017	USD	592.900000	A
PP	Iraq	Producer Price (USD/tonne)	Oranges	2018	USD	620.600000	A
PP	Iraq	Producer Price (USD/tonne)	Oranges	2019	USD	608.300000	A
PP	Iraq	Producer Price (USD/tonne)	Oranges	2020	USD	586.400000	A
PP	Iraq	Producer Price (USD/tonne)	Oranges	2021	USD	493.100000	A
PP	Iraq	Producer Price (USD/tonne)	Oranges	2022	USD	505.500000	A
PP	Iraq	Producer Price (USD/tonne)	Oranges	2023	USD	573.000000	A
PP	Iraq	Producer Price (USD/tonne)	Oranges	2024	USD	579.200000	A
PP	Iraq	Producer Price (USD/tonne)	Other beans, green	2017	USD	1159.600000	A
PP	Iraq	Producer Price (USD/tonne)	Other beans, green	2018	USD	996.800000	A
PP	Iraq	Producer Price (USD/tonne)	Other beans, green	2019	USD	1000.800000	A
PP	Iraq	Producer Price (USD/tonne)	Other beans, green	2020	USD	1007.600000	A
PP	Iraq	Producer Price (USD/tonne)	Other beans, green	2021	USD	850.300000	A
PP	Iraq	Producer Price (USD/tonne)	Other beans, green	2022	USD	874.500000	A
PP	Iraq	Producer Price (USD/tonne)	Other beans, green	2023	USD	995.000000	A
PP	Iraq	Producer Price (USD/tonne)	Other beans, green	2024	USD	1108.500000	A
PP	Iraq	Producer Price (USD/tonne)	Peaches and nectarines	2017	USD	864.000000	A
PP	Iraq	Producer Price (USD/tonne)	Peaches and nectarines	2018	USD	874.200000	A
PP	Iraq	Producer Price (USD/tonne)	Peaches and nectarines	2019	USD	905.200000	A
PP	Iraq	Producer Price (USD/tonne)	Peaches and nectarines	2020	USD	909.400000	A
PP	Iraq	Producer Price (USD/tonne)	Peaches and nectarines	2021	USD	766.900000	A
PP	Iraq	Producer Price (USD/tonne)	Peaches and nectarines	2022	USD	788.300000	A
PP	Iraq	Producer Price (USD/tonne)	Peaches and nectarines	2023	USD	896.000000	A
PP	Iraq	Producer Price (USD/tonne)	Peaches and nectarines	2024	USD	926.900000	A
PP	Iraq	Producer Price (USD/tonne)	Pears	2017	USD	601.400000	A
PP	Iraq	Producer Price (USD/tonne)	Pears	2018	USD	612.100000	A
PP	Iraq	Producer Price (USD/tonne)	Pears	2019	USD	615.100000	A
PP	Iraq	Producer Price (USD/tonne)	Pears	2020	USD	613.300000	A
PP	Iraq	Producer Price (USD/tonne)	Pears	2021	USD	515.900000	A
PP	Iraq	Producer Price (USD/tonne)	Pears	2022	USD	528.300000	A
PP	Iraq	Producer Price (USD/tonne)	Pears	2023	USD	598.100000	A
PP	Iraq	Producer Price (USD/tonne)	Pears	2024	USD	604.600000	A
PP	Iraq	Producer Price (USD/tonne)	Plums and sloes	2017	USD	771.100000	A
PP	Iraq	Producer Price (USD/tonne)	Plums and sloes	2018	USD	777.800000	A
PP	Iraq	Producer Price (USD/tonne)	Plums and sloes	2019	USD	783.400000	A
PP	Iraq	Producer Price (USD/tonne)	Plums and sloes	2020	USD	793.600000	A
PP	Iraq	Producer Price (USD/tonne)	Plums and sloes	2021	USD	662.800000	A
PP	Iraq	Producer Price (USD/tonne)	Plums and sloes	2022	USD	680.700000	A
PP	Iraq	Producer Price (USD/tonne)	Plums and sloes	2023	USD	773.300000	A
PP	Iraq	Producer Price (USD/tonne)	Plums and sloes	2024	USD	790.000000	A
PP	Iraq	Producer Price (USD/tonne)	Potatoes	2017	USD	460.300000	A
PP	Iraq	Producer Price (USD/tonne)	Potatoes	2018	USD	480.200000	A
PP	Iraq	Producer Price (USD/tonne)	Potatoes	2019	USD	467.000000	A
PP	Iraq	Producer Price (USD/tonne)	Potatoes	2020	USD	448.800000	A
PP	Iraq	Producer Price (USD/tonne)	Potatoes	2021	USD	380.700000	A
PP	Iraq	Producer Price (USD/tonne)	Potatoes	2022	USD	393.100000	A
PP	Iraq	Producer Price (USD/tonne)	Potatoes	2023	USD	449.500000	A
PP	Iraq	Producer Price (USD/tonne)	Potatoes	2024	USD	461.500000	A
PP	Iraq	Producer Price (USD/tonne)	Pumpkins, squash and gourds	2017	USD	963.700000	A
PP	Iraq	Producer Price (USD/tonne)	Pumpkins, squash and gourds	2018	USD	405.000000	A
PP	Iraq	Producer Price (USD/tonne)	Pumpkins, squash and gourds	2019	USD	395.900000	A
PP	Iraq	Producer Price (USD/tonne)	Pumpkins, squash and gourds	2020	USD	411.100000	A
PP	Iraq	Producer Price (USD/tonne)	Pumpkins, squash and gourds	2021	USD	412.400000	A
PP	Iraq	Producer Price (USD/tonne)	Pumpkins, squash and gourds	2022	USD	297.200000	A
PP	Iraq	Producer Price (USD/tonne)	Pumpkins, squash and gourds	2023	USD	494.500000	A
PP	Iraq	Producer Price (USD/tonne)	Pumpkins, squash and gourds	2024	USD	551.500000	A
PP	Iraq	Producer Price (USD/tonne)	Raw milk of cattle	2017	USD	912.200000	A
PP	Iraq	Producer Price (USD/tonne)	Raw milk of cattle	2018	USD	964.700000	A
PP	Iraq	Producer Price (USD/tonne)	Raw milk of cattle	2019	USD	934.900000	A
PP	Iraq	Producer Price (USD/tonne)	Raw milk of cattle	2020	USD	932.000000	A
PP	Iraq	Producer Price (USD/tonne)	Raw milk of cattle	2021	USD	780.000000	A
PP	Iraq	Producer Price (USD/tonne)	Raw milk of cattle	2022	USD	799.300000	A
PP	Iraq	Producer Price (USD/tonne)	Raw milk of cattle	2023	USD	905.100000	A
PP	Iraq	Producer Price (USD/tonne)	Raw milk of cattle	2024	USD	914.600000	A
PP	Iraq	Producer Price (USD/tonne)	Rice	2017	USD	560.000000	A
PP	Iraq	Producer Price (USD/tonne)	Rice	2018	USD	574.900000	A
PP	Iraq	Producer Price (USD/tonne)	Rice	2019	USD	676.800000	A
PP	Iraq	Producer Price (USD/tonne)	Rice	2020	USD	673.700000	A
PP	Iraq	Producer Price (USD/tonne)	Rice	2021	USD	560.700000	A
PP	Iraq	Producer Price (USD/tonne)	Rice	2022	USD	586.200000	A
PP	Iraq	Producer Price (USD/tonne)	Rice	2023	USD	657.500000	A
PP	Iraq	Producer Price (USD/tonne)	Rice	2024	USD	692.300000	A
PP	Iraq	Producer Price (USD/tonne)	Sorghum	2017	USD	613.200000	A
PP	Iraq	Producer Price (USD/tonne)	Sorghum	2018	USD	590.200000	A
PP	Iraq	Producer Price (USD/tonne)	Sorghum	2019	USD	577.800000	A
PP	Iraq	Producer Price (USD/tonne)	Sorghum	2020	USD	549.500000	A
PP	Iraq	Producer Price (USD/tonne)	Sorghum	2021	USD	457.900000	A
PP	Iraq	Producer Price (USD/tonne)	Sorghum	2022	USD	464.100000	A
PP	Iraq	Producer Price (USD/tonne)	Sorghum	2023	USD	518.900000	A
PP	Iraq	Producer Price (USD/tonne)	Sorghum	2024	USD	529.200000	A
PP	Iraq	Producer Price (USD/tonne)	Spinach	2017	USD	528.700000	A
PP	Iraq	Producer Price (USD/tonne)	Spinach	2018	USD	525.900000	A
PP	Iraq	Producer Price (USD/tonne)	Spinach	2019	USD	505.900000	A
PP	Iraq	Producer Price (USD/tonne)	Spinach	2020	USD	494.100000	A
PP	Iraq	Producer Price (USD/tonne)	Spinach	2021	USD	415.900000	A
PP	Iraq	Producer Price (USD/tonne)	Spinach	2022	USD	426.200000	A
PP	Iraq	Producer Price (USD/tonne)	Spinach	2023	USD	483.000000	A
PP	Iraq	Producer Price (USD/tonne)	Spinach	2024	USD	493.800000	A
PP	Iraq	Producer Price (USD/tonne)	String beans	2017	USD	973.800000	A
PP	Iraq	Producer Price (USD/tonne)	String beans	2018	USD	1198.100000	A
PP	Iraq	Producer Price (USD/tonne)	String beans	2019	USD	1188.700000	A
PP	Iraq	Producer Price (USD/tonne)	String beans	2020	USD	1152.700000	A
PP	Iraq	Producer Price (USD/tonne)	String beans	2021	USD	960.700000	A
PP	Iraq	Producer Price (USD/tonne)	String beans	2022	USD	973.800000	A
PP	Iraq	Producer Price (USD/tonne)	String beans	2023	USD	1091.800000	A
PP	Iraq	Producer Price (USD/tonne)	String beans	2024	USD	1108.500000	A
PP	Iraq	Producer Price (USD/tonne)	Tangerines, mandarins, clementines	2017	USD	712.000000	A
PP	Iraq	Producer Price (USD/tonne)	Tangerines, mandarins, clementines	2018	USD	733.000000	A
PP	Iraq	Producer Price (USD/tonne)	Tangerines, mandarins, clementines	2019	USD	739.400000	A
PP	Iraq	Producer Price (USD/tonne)	Tangerines, mandarins, clementines	2020	USD	728.200000	A
PP	Iraq	Producer Price (USD/tonne)	Tangerines, mandarins, clementines	2021	USD	601.400000	A
PP	Iraq	Producer Price (USD/tonne)	Tangerines, mandarins, clementines	2022	USD	604.800000	A
PP	Iraq	Producer Price (USD/tonne)	Tangerines, mandarins, clementines	2023	USD	671.200000	A
PP	Iraq	Producer Price (USD/tonne)	Tomatoes	2017	USD	390.200000	A
PP	Iraq	Producer Price (USD/tonne)	Tomatoes	2018	USD	396.500000	A
PP	Iraq	Producer Price (USD/tonne)	Tomatoes	2019	USD	410.300000	A
PP	Iraq	Producer Price (USD/tonne)	Tomatoes	2020	USD	416.100000	A
PP	Iraq	Producer Price (USD/tonne)	Tomatoes	2021	USD	348.300000	A
PP	Iraq	Producer Price (USD/tonne)	Tomatoes	2022	USD	354.500000	A
PP	Iraq	Producer Price (USD/tonne)	Tomatoes	2023	USD	399.200000	A
PP	Iraq	Producer Price (USD/tonne)	Tomatoes	2024	USD	413.800000	A
PP	Iraq	Producer Price (USD/tonne)	Watermelons	2017	USD	344.600000	A
PP	Iraq	Producer Price (USD/tonne)	Watermelons	2018	USD	350.900000	A
PP	Iraq	Producer Price (USD/tonne)	Watermelons	2019	USD	347.700000	A
PP	Iraq	Producer Price (USD/tonne)	Watermelons	2020	USD	338.100000	A
PP	Iraq	Producer Price (USD/tonne)	Watermelons	2021	USD	279.300000	A
PP	Iraq	Producer Price (USD/tonne)	Watermelons	2022	USD	280.700000	A
PP	Iraq	Producer Price (USD/tonne)	Watermelons	2023	USD	312.400000	A
PP	Iraq	Producer Price (USD/tonne)	Watermelons	2024	USD	316.200000	A
PP	Iraq	Producer Price (USD/tonne)	Wheat	2017	USD	349.700000	A
PP	Iraq	Producer Price (USD/tonne)	Wheat	2018	USD	366.100000	A
PP	Iraq	Producer Price (USD/tonne)	Wheat	2019	USD	366.300000	A
PP	Iraq	Producer Price (USD/tonne)	Wheat	2020	USD	358.200000	A
PP	Iraq	Producer Price (USD/tonne)	Wheat	2021	USD	302.800000	A
PP	Iraq	Producer Price (USD/tonne)	Wheat	2022	USD	311.700000	A
PP	Iraq	Producer Price (USD/tonne)	Wheat	2023	USD	355.800000	A
PP	Iraq	Producer Price (USD/tonne)	Wheat	2024	USD	373.800000	A
PP	Israel	Producer Price (USD/tonne)	Almonds, in shell	2017	USD	8507.900000	A
PP	Israel	Producer Price (USD/tonne)	Almonds, in shell	2018	USD	10483.600000	A
PP	Israel	Producer Price (USD/tonne)	Almonds, in shell	2019	USD	9958.700000	A
PP	Israel	Producer Price (USD/tonne)	Almonds, in shell	2020	USD	8987.900000	A
PP	Israel	Producer Price (USD/tonne)	Almonds, in shell	2021	USD	8452.300000	A
PP	Israel	Producer Price (USD/tonne)	Almonds, in shell	2022	USD	7543.700000	A
PP	Israel	Producer Price (USD/tonne)	Almonds, in shell	2023	USD	7941.800000	A
PP	Israel	Producer Price (USD/tonne)	Almonds, in shell	2024	USD	7999.300000	A
PP	Israel	Producer Price (USD/tonne)	Apples	2017	USD	1437.400000	A
PP	Israel	Producer Price (USD/tonne)	Apples	2018	USD	1765.500000	A
PP	Israel	Producer Price (USD/tonne)	Apples	2019	USD	1670.300000	A
PP	Israel	Producer Price (USD/tonne)	Apples	2020	USD	1813.300000	A
PP	Israel	Producer Price (USD/tonne)	Apples	2021	USD	1929.900000	A
PP	Israel	Producer Price (USD/tonne)	Apples	2022	USD	1802.000000	A
PP	Israel	Producer Price (USD/tonne)	Apples	2023	USD	1669.800000	A
PP	Israel	Producer Price (USD/tonne)	Apples	2024	USD	1906.100000	A
PP	Israel	Producer Price (USD/tonne)	Apricots	2017	USD	2445.000000	A
PP	Israel	Producer Price (USD/tonne)	Apricots	2018	USD	4767.800000	A
PP	Israel	Producer Price (USD/tonne)	Apricots	2019	USD	3184.200000	A
PP	Israel	Producer Price (USD/tonne)	Apricots	2020	USD	4366.400000	A
PP	Israel	Producer Price (USD/tonne)	Apricots	2021	USD	6130.200000	A
PP	Israel	Producer Price (USD/tonne)	Apricots	2022	USD	4080.500000	A
PP	Israel	Producer Price (USD/tonne)	Apricots	2023	USD	3917.600000	A
PP	Israel	Producer Price (USD/tonne)	Apricots	2024	USD	4052.100000	A
PP	Israel	Producer Price (USD/tonne)	Artichokes	2017	USD	1627.400000	A
PP	Israel	Producer Price (USD/tonne)	Artichokes	2018	USD	1476.700000	A
PP	Israel	Producer Price (USD/tonne)	Artichokes	2019	USD	1493.900000	A
PP	Israel	Producer Price (USD/tonne)	Artichokes	2020	USD	1746.500000	A
PP	Israel	Producer Price (USD/tonne)	Artichokes	2021	USD	1695.600000	A
PP	Israel	Producer Price (USD/tonne)	Artichokes	2022	USD	1922.400000	A
PP	Israel	Producer Price (USD/tonne)	Artichokes	2023	USD	1703.900000	A
PP	Israel	Producer Price (USD/tonne)	Artichokes	2024	USD	2411.200000	A
PP	Israel	Producer Price (USD/tonne)	Asparagus	2017	USD	5109.800000	A
PP	Israel	Producer Price (USD/tonne)	Asparagus	2018	USD	4607.100000	A
PP	Israel	Producer Price (USD/tonne)	Asparagus	2019	USD	5396.500000	A
PP	Israel	Producer Price (USD/tonne)	Asparagus	2020	USD	4647.000000	A
PP	Israel	Producer Price (USD/tonne)	Asparagus	2021	USD	2528.900000	A
PP	Israel	Producer Price (USD/tonne)	Asparagus	2022	USD	3750.700000	A
PP	Israel	Producer Price (USD/tonne)	Asparagus	2023	USD	3526.400000	A
PP	Israel	Producer Price (USD/tonne)	Asparagus	2024	USD	3410.500000	A
PP	Israel	Producer Price (USD/tonne)	Avocados	2017	USD	2105.700000	A
PP	Israel	Producer Price (USD/tonne)	Avocados	2018	USD	2700.700000	A
PP	Israel	Producer Price (USD/tonne)	Avocados	2019	USD	2214.900000	A
PP	Israel	Producer Price (USD/tonne)	Avocados	2020	USD	2997.300000	A
PP	Israel	Producer Price (USD/tonne)	Avocados	2021	USD	2387.200000	A
PP	Israel	Producer Price (USD/tonne)	Avocados	2022	USD	1996.700000	A
PP	Israel	Producer Price (USD/tonne)	Avocados	2023	USD	2396.000000	A
PP	Israel	Producer Price (USD/tonne)	Avocados	2024	USD	2169.000000	A
PP	Israel	Producer Price (USD/tonne)	Bananas	2017	USD	1307.100000	A
PP	Israel	Producer Price (USD/tonne)	Bananas	2018	USD	943.900000	A
PP	Israel	Producer Price (USD/tonne)	Bananas	2019	USD	1167.600000	A
PP	Israel	Producer Price (USD/tonne)	Bananas	2020	USD	1106.800000	A
PP	Israel	Producer Price (USD/tonne)	Bananas	2021	USD	1137.000000	A
PP	Israel	Producer Price (USD/tonne)	Bananas	2022	USD	1033.500000	A
PP	Israel	Producer Price (USD/tonne)	Bananas	2023	USD	829.700000	A
PP	Israel	Producer Price (USD/tonne)	Bananas	2024	USD	945.100000	A
PP	Israel	Producer Price (USD/tonne)	Barley	2017	USD	208.400000	A
PP	Israel	Producer Price (USD/tonne)	Barley	2018	USD	323.600000	A
PP	Israel	Producer Price (USD/tonne)	Barley	2019	USD	280.500000	A
PP	Israel	Producer Price (USD/tonne)	Barley	2020	USD	261.400000	A
PP	Israel	Producer Price (USD/tonne)	Barley	2021	USD	303.400000	A
PP	Israel	Producer Price (USD/tonne)	Barley	2022	USD	416.700000	A
PP	Israel	Producer Price (USD/tonne)	Barley	2023	USD	327.200000	A
PP	Israel	Producer Price (USD/tonne)	Barley	2024	USD	275.700000	A
PP	Israel	Producer Price (USD/tonne)	Broad beans and horse beans, dry	2017	USD	1144.200000	A
PP	Israel	Producer Price (USD/tonne)	Broad beans and horse beans, dry	2018	USD	939.500000	A
PP	Israel	Producer Price (USD/tonne)	Broad beans and horse beans, dry	2019	USD	952.400000	A
PP	Israel	Producer Price (USD/tonne)	Broad beans and horse beans, dry	2020	USD	986.200000	A
PP	Israel	Producer Price (USD/tonne)	Broad beans and horse beans, dry	2021	USD	2385.800000	A
PP	Israel	Producer Price (USD/tonne)	Broad beans and horse beans, dry	2022	USD	2422.600000	A
PP	Israel	Producer Price (USD/tonne)	Broad beans and horse beans, dry	2023	USD	1686.600000	A
PP	Israel	Producer Price (USD/tonne)	Broad beans and horse beans, dry	2024	USD	2407.900000	A
PP	Israel	Producer Price (USD/tonne)	Cabbages	2017	USD	543.200000	A
PP	Israel	Producer Price (USD/tonne)	Cabbages	2018	USD	513.300000	A
PP	Israel	Producer Price (USD/tonne)	Cabbages	2019	USD	454.500000	A
PP	Israel	Producer Price (USD/tonne)	Cabbages	2020	USD	547.900000	A
PP	Israel	Producer Price (USD/tonne)	Cabbages	2021	USD	553.000000	A
PP	Israel	Producer Price (USD/tonne)	Cabbages	2022	USD	581.300000	A
PP	Israel	Producer Price (USD/tonne)	Cabbages	2023	USD	492.800000	A
PP	Israel	Producer Price (USD/tonne)	Cabbages	2024	USD	647.900000	A
PP	Israel	Producer Price (USD/tonne)	Cantaloupes and other melons	2017	USD	777.700000	A
PP	Israel	Producer Price (USD/tonne)	Cantaloupes and other melons	2018	USD	990.100000	A
PP	Israel	Producer Price (USD/tonne)	Cantaloupes and other melons	2019	USD	747.100000	A
PP	Israel	Producer Price (USD/tonne)	Cantaloupes and other melons	2020	USD	811.600000	A
PP	Israel	Producer Price (USD/tonne)	Cantaloupes and other melons	2021	USD	677.500000	A
PP	Israel	Producer Price (USD/tonne)	Cantaloupes and other melons	2022	USD	881.900000	A
PP	Israel	Producer Price (USD/tonne)	Cantaloupes and other melons	2023	USD	882.400000	A
PP	Israel	Producer Price (USD/tonne)	Cantaloupes and other melons	2024	USD	907.400000	A
PP	Israel	Producer Price (USD/tonne)	Carrots and turnips	2017	USD	506.600000	A
PP	Israel	Producer Price (USD/tonne)	Carrots and turnips	2018	USD	629.400000	A
PP	Israel	Producer Price (USD/tonne)	Carrots and turnips	2019	USD	584.600000	A
PP	Israel	Producer Price (USD/tonne)	Carrots and turnips	2020	USD	540.600000	A
PP	Israel	Producer Price (USD/tonne)	Carrots and turnips	2021	USD	454.200000	A
PP	Israel	Producer Price (USD/tonne)	Carrots and turnips	2022	USD	507.400000	A
PP	Israel	Producer Price (USD/tonne)	Carrots and turnips	2023	USD	565.700000	A
PP	Israel	Producer Price (USD/tonne)	Carrots and turnips	2024	USD	658.600000	A
PP	Israel	Producer Price (USD/tonne)	Cauliflowers and broccoli	2017	USD	896.900000	A
PP	Israel	Producer Price (USD/tonne)	Cauliflowers and broccoli	2018	USD	1119.000000	A
PP	Israel	Producer Price (USD/tonne)	Cauliflowers and broccoli	2019	USD	1100.000000	A
PP	Israel	Producer Price (USD/tonne)	Cauliflowers and broccoli	2020	USD	1216.300000	A
PP	Israel	Producer Price (USD/tonne)	Cauliflowers and broccoli	2021	USD	1097.800000	A
PP	Israel	Producer Price (USD/tonne)	Cauliflowers and broccoli	2022	USD	1266.600000	A
PP	Israel	Producer Price (USD/tonne)	Cauliflowers and broccoli	2023	USD	1120.300000	A
PP	Israel	Producer Price (USD/tonne)	Cauliflowers and broccoli	2024	USD	1297.800000	A
PP	Israel	Producer Price (USD/tonne)	Cherries	2017	USD	5789.500000	A
PP	Israel	Producer Price (USD/tonne)	Cherries	2018	USD	10600.000000	A
PP	Israel	Producer Price (USD/tonne)	Cherries	2019	USD	9346.300000	A
PP	Israel	Producer Price (USD/tonne)	Cherries	2020	USD	9187.800000	A
PP	Israel	Producer Price (USD/tonne)	Cherries	2021	USD	17199.100000	A
PP	Israel	Producer Price (USD/tonne)	Cherries	2022	USD	8274.500000	A
PP	Israel	Producer Price (USD/tonne)	Cherries	2023	USD	7379.100000	A
PP	Israel	Producer Price (USD/tonne)	Cherries	2024	USD	7895.500000	A
PP	Israel	Producer Price (USD/tonne)	Chick peas, dry	2017	USD	1139.000000	A
PP	Israel	Producer Price (USD/tonne)	Chick peas, dry	2018	USD	1141.900000	A
PP	Israel	Producer Price (USD/tonne)	Chick peas, dry	2019	USD	1122.200000	A
PP	Israel	Producer Price (USD/tonne)	Chick peas, dry	2020	USD	1016.700000	A
PP	Israel	Producer Price (USD/tonne)	Chick peas, dry	2021	USD	1207.400000	A
PP	Israel	Producer Price (USD/tonne)	Chick peas, dry	2022	USD	1250.100000	A
PP	Israel	Producer Price (USD/tonne)	Chick peas, dry	2023	USD	1227.000000	A
PP	Israel	Producer Price (USD/tonne)	Chick peas, dry	2024	USD	1351.500000	A
PP	Israel	Producer Price (USD/tonne)	Chillies and peppers, green (Capsicum spp. and Pimenta spp.)	2017	USD	1183.800000	A
PP	Israel	Producer Price (USD/tonne)	Chillies and peppers, green (Capsicum spp. and Pimenta spp.)	2018	USD	1051.900000	A
PP	Israel	Producer Price (USD/tonne)	Chillies and peppers, green (Capsicum spp. and Pimenta spp.)	2019	USD	1195.100000	A
PP	Israel	Producer Price (USD/tonne)	Chillies and peppers, green (Capsicum spp. and Pimenta spp.)	2020	USD	1294.700000	A
PP	Israel	Producer Price (USD/tonne)	Chillies and peppers, green (Capsicum spp. and Pimenta spp.)	2021	USD	1185.900000	A
PP	Israel	Producer Price (USD/tonne)	Chillies and peppers, green (Capsicum spp. and Pimenta spp.)	2022	USD	1434.500000	A
PP	Israel	Producer Price (USD/tonne)	Chillies and peppers, green (Capsicum spp. and Pimenta spp.)	2023	USD	1383.000000	A
PP	Israel	Producer Price (USD/tonne)	Chillies and peppers, green (Capsicum spp. and Pimenta spp.)	2024	USD	1459.100000	A
PP	Israel	Producer Price (USD/tonne)	Cotton lint, ginned	2017	USD	3302.700000	A
PP	Israel	Producer Price (USD/tonne)	Cotton lint, ginned	2018	USD	3055.500000	A
PP	Israel	Producer Price (USD/tonne)	Cotton lint, ginned	2019	USD	3029.300000	A
PP	Israel	Producer Price (USD/tonne)	Cotton lint, ginned	2020	USD	2021.600000	A
PP	Israel	Producer Price (USD/tonne)	Cotton lint, ginned	2021	USD	5030.000000	A
PP	Israel	Producer Price (USD/tonne)	Cotton lint, ginned	2022	USD	4520.500000	A
PP	Israel	Producer Price (USD/tonne)	Cotton lint, ginned	2023	USD	4338.100000	A
PP	Israel	Producer Price (USD/tonne)	Cotton lint, ginned	2024	USD	3322.500000	A
PP	Israel	Producer Price (USD/tonne)	Cotton seed	2017	USD	276.600000	A
PP	Israel	Producer Price (USD/tonne)	Cotton seed	2018	USD	341.200000	A
PP	Israel	Producer Price (USD/tonne)	Cotton seed	2019	USD	360.500000	A
PP	Israel	Producer Price (USD/tonne)	Cotton seed	2020	USD	406.700000	A
PP	Israel	Producer Price (USD/tonne)	Cotton seed	2021	USD	452.900000	A
PP	Israel	Producer Price (USD/tonne)	Cotton seed	2022	USD	392.600000	A
PP	Israel	Producer Price (USD/tonne)	Cotton seed	2023	USD	336.900000	A
PP	Israel	Producer Price (USD/tonne)	Cotton seed	2024	USD	367.200000	A
PP	Israel	Producer Price (USD/tonne)	Cucumbers and gherkins	2017	USD	812.900000	A
PP	Israel	Producer Price (USD/tonne)	Cucumbers and gherkins	2018	USD	922.400000	A
PP	Israel	Producer Price (USD/tonne)	Cucumbers and gherkins	2019	USD	963.900000	A
PP	Israel	Producer Price (USD/tonne)	Cucumbers and gherkins	2020	USD	987.400000	A
PP	Israel	Producer Price (USD/tonne)	Cucumbers and gherkins	2021	USD	962.400000	A
PP	Israel	Producer Price (USD/tonne)	Cucumbers and gherkins	2022	USD	1073.500000	A
PP	Israel	Producer Price (USD/tonne)	Cucumbers and gherkins	2023	USD	1120.600000	A
PP	Israel	Producer Price (USD/tonne)	Cucumbers and gherkins	2024	USD	1192.100000	A
PP	Israel	Producer Price (USD/tonne)	Dates	2017	USD	4225.900000	A
PP	Israel	Producer Price (USD/tonne)	Dates	2018	USD	5302.800000	A
PP	Israel	Producer Price (USD/tonne)	Dates	2019	USD	5590.100000	A
PP	Israel	Producer Price (USD/tonne)	Dates	2020	USD	5948.700000	A
PP	Israel	Producer Price (USD/tonne)	Dates	2021	USD	6893.800000	A
PP	Israel	Producer Price (USD/tonne)	Dates	2022	USD	5477.400000	A
PP	Israel	Producer Price (USD/tonne)	Dates	2023	USD	5708.500000	A
PP	Israel	Producer Price (USD/tonne)	Dates	2024	USD	5842.700000	A
PP	Israel	Producer Price (USD/tonne)	Eggplants (aubergines)	2017	USD	728.400000	A
PP	Israel	Producer Price (USD/tonne)	Eggplants (aubergines)	2018	USD	856.700000	A
PP	Israel	Producer Price (USD/tonne)	Eggplants (aubergines)	2019	USD	780.700000	A
PP	Israel	Producer Price (USD/tonne)	Eggplants (aubergines)	2020	USD	839.800000	A
PP	Israel	Producer Price (USD/tonne)	Eggplants (aubergines)	2021	USD	700.800000	A
PP	Israel	Producer Price (USD/tonne)	Eggplants (aubergines)	2022	USD	872.800000	A
PP	Israel	Producer Price (USD/tonne)	Eggplants (aubergines)	2023	USD	894.800000	A
PP	Israel	Producer Price (USD/tonne)	Eggplants (aubergines)	2024	USD	866.300000	A
PP	Israel	Producer Price (USD/tonne)	Figs	2017	USD	3338.700000	A
PP	Israel	Producer Price (USD/tonne)	Figs	2018	USD	3518.100000	A
PP	Israel	Producer Price (USD/tonne)	Figs	2019	USD	4292.000000	A
PP	Israel	Producer Price (USD/tonne)	Figs	2020	USD	4361.500000	A
PP	Israel	Producer Price (USD/tonne)	Figs	2021	USD	5525.500000	A
PP	Israel	Producer Price (USD/tonne)	Figs	2022	USD	5266.300000	A
PP	Israel	Producer Price (USD/tonne)	Figs	2023	USD	4759.600000	A
PP	Israel	Producer Price (USD/tonne)	Figs	2024	USD	4463.200000	A
PP	Israel	Producer Price (USD/tonne)	Grapes	2017	USD	2518.800000	A
PP	Israel	Producer Price (USD/tonne)	Grapes	2018	USD	3850.700000	A
PP	Israel	Producer Price (USD/tonne)	Grapes	2019	USD	2879.200000	A
PP	Israel	Producer Price (USD/tonne)	Grapes	2020	USD	3330.500000	A
PP	Israel	Producer Price (USD/tonne)	Grapes	2021	USD	3573.700000	A
PP	Israel	Producer Price (USD/tonne)	Grapes	2022	USD	3197.700000	A
PP	Israel	Producer Price (USD/tonne)	Grapes	2023	USD	4376.600000	A
PP	Israel	Producer Price (USD/tonne)	Grapes	2024	USD	4678.500000	A
PP	Israel	Producer Price (USD/tonne)	Green garlic	2017	USD	2814.200000	A
PP	Israel	Producer Price (USD/tonne)	Green garlic	2018	USD	2656.100000	A
PP	Israel	Producer Price (USD/tonne)	Green garlic	2019	USD	2748.200000	A
PP	Israel	Producer Price (USD/tonne)	Green garlic	2020	USD	2552.600000	A
PP	Israel	Producer Price (USD/tonne)	Green garlic	2021	USD	1827.000000	A
PP	Israel	Producer Price (USD/tonne)	Green garlic	2022	USD	1993.000000	A
PP	Israel	Producer Price (USD/tonne)	Green garlic	2023	USD	1281.000000	A
PP	Israel	Producer Price (USD/tonne)	Green garlic	2024	USD	1359.900000	A
PP	Israel	Producer Price (USD/tonne)	Groundnuts, excluding shelled	2017	USD	1666.900000	A
PP	Israel	Producer Price (USD/tonne)	Groundnuts, excluding shelled	2018	USD	1671.000000	A
PP	Israel	Producer Price (USD/tonne)	Groundnuts, excluding shelled	2019	USD	1683.300000	A
PP	Israel	Producer Price (USD/tonne)	Groundnuts, excluding shelled	2020	USD	1597.700000	A
PP	Israel	Producer Price (USD/tonne)	Groundnuts, excluding shelled	2021	USD	1857.500000	A
PP	Israel	Producer Price (USD/tonne)	Groundnuts, excluding shelled	2022	USD	1785.900000	A
PP	Israel	Producer Price (USD/tonne)	Groundnuts, excluding shelled	2023	USD	1635.300000	A
PP	Israel	Producer Price (USD/tonne)	Groundnuts, excluding shelled	2024	USD	1588.500000	A
PP	Israel	Producer Price (USD/tonne)	Hen eggs in shell, fresh	2017	USD	1129.900000	A
PP	Israel	Producer Price (USD/tonne)	Hen eggs in shell, fresh	2018	USD	1172.500000	A
PP	Israel	Producer Price (USD/tonne)	Hen eggs in shell, fresh	2019	USD	1261.900000	A
PP	Israel	Producer Price (USD/tonne)	Hen eggs in shell, fresh	2020	USD	1315.400000	A
PP	Israel	Producer Price (USD/tonne)	Hen eggs in shell, fresh	2021	USD	1401.800000	A
PP	Israel	Producer Price (USD/tonne)	Hen eggs in shell, fresh	2022	USD	1349.300000	A
PP	Israel	Producer Price (USD/tonne)	Hen eggs in shell, fresh	2023	USD	1271.700000	A
PP	Israel	Producer Price (USD/tonne)	Hen eggs in shell, fresh	2024	USD	1260.100000	A
PP	Israel	Producer Price (USD/tonne)	Kiwi fruit	2017	USD	3386.800000	A
PP	Israel	Producer Price (USD/tonne)	Kiwi fruit	2018	USD	2966.100000	A
PP	Israel	Producer Price (USD/tonne)	Kiwi fruit	2019	USD	3378.300000	A
PP	Israel	Producer Price (USD/tonne)	Kiwi fruit	2020	USD	3206.800000	A
PP	Israel	Producer Price (USD/tonne)	Kiwi fruit	2021	USD	4108.100000	A
PP	Israel	Producer Price (USD/tonne)	Kiwi fruit	2022	USD	3061.100000	A
PP	Israel	Producer Price (USD/tonne)	Kiwi fruit	2023	USD	2339.900000	A
PP	Israel	Producer Price (USD/tonne)	Kiwi fruit	2024	USD	2870.000000	A
PP	Israel	Producer Price (USD/tonne)	Lemons and limes	2017	USD	828.700000	A
PP	Israel	Producer Price (USD/tonne)	Lemons and limes	2018	USD	888.400000	A
PP	Israel	Producer Price (USD/tonne)	Lemons and limes	2019	USD	864.600000	A
PP	Israel	Producer Price (USD/tonne)	Lemons and limes	2020	USD	1046.900000	A
PP	Israel	Producer Price (USD/tonne)	Lemons and limes	2021	USD	1006.200000	A
PP	Israel	Producer Price (USD/tonne)	Lemons and limes	2022	USD	1014.600000	A
PP	Israel	Producer Price (USD/tonne)	Lemons and limes	2023	USD	910.500000	A
PP	Israel	Producer Price (USD/tonne)	Lemons and limes	2024	USD	913.200000	A
PP	Israel	Producer Price (USD/tonne)	Lentils, dry	2017	USD	819.500000	A
PP	Israel	Producer Price (USD/tonne)	Lentils, dry	2018	USD	821.600000	A
PP	Israel	Producer Price (USD/tonne)	Lentils, dry	2019	USD	841.600000	A
PP	Israel	Producer Price (USD/tonne)	Lentils, dry	2020	USD	871.500000	A
PP	Israel	Producer Price (USD/tonne)	Lentils, dry	2021	USD	928.700000	A
PP	Israel	Producer Price (USD/tonne)	Lentils, dry	2022	USD	893.000000	A
PP	Israel	Producer Price (USD/tonne)	Lentils, dry	2023	USD	818.000000	A
PP	Israel	Producer Price (USD/tonne)	Lentils, dry	2024	USD	851.400000	A
PP	Israel	Producer Price (USD/tonne)	Lettuce and chicory	2017	USD	1761.300000	A
PP	Israel	Producer Price (USD/tonne)	Lettuce and chicory	2018	USD	1923.700000	A
PP	Israel	Producer Price (USD/tonne)	Lettuce and chicory	2019	USD	1776.100000	A
PP	Israel	Producer Price (USD/tonne)	Lettuce and chicory	2020	USD	2099.400000	A
PP	Israel	Producer Price (USD/tonne)	Lettuce and chicory	2021	USD	1623.500000	A
PP	Israel	Producer Price (USD/tonne)	Lettuce and chicory	2022	USD	1945.300000	A
PP	Israel	Producer Price (USD/tonne)	Lettuce and chicory	2023	USD	1911.100000	A
PP	Israel	Producer Price (USD/tonne)	Lettuce and chicory	2024	USD	2207.500000	A
PP	Israel	Producer Price (USD/tonne)	Maize (corn)	2017	USD	1101.000000	A
PP	Israel	Producer Price (USD/tonne)	Maize (corn)	2018	USD	1116.000000	A
PP	Israel	Producer Price (USD/tonne)	Maize (corn)	2019	USD	1185.300000	A
PP	Israel	Producer Price (USD/tonne)	Maize (corn)	2020	USD	1328.100000	A
PP	Israel	Producer Price (USD/tonne)	Maize (corn)	2021	USD	357.600000	A
PP	Israel	Producer Price (USD/tonne)	Maize (corn)	2022	USD	1299.900000	A
PP	Israel	Producer Price (USD/tonne)	Maize (corn)	2023	USD	1293.000000	A
PP	Israel	Producer Price (USD/tonne)	Maize (corn)	2024	USD	1554.100000	A
PP	Israel	Producer Price (USD/tonne)	Mangoes, guavas and mangosteens	2017	USD	2060.300000	A
PP	Israel	Producer Price (USD/tonne)	Mangoes, guavas and mangosteens	2018	USD	3434.300000	A
PP	Israel	Producer Price (USD/tonne)	Mangoes, guavas and mangosteens	2019	USD	2510.000000	A
PP	Israel	Producer Price (USD/tonne)	Mangoes, guavas and mangosteens	2020	USD	2784.400000	A
PP	Israel	Producer Price (USD/tonne)	Mangoes, guavas and mangosteens	2021	USD	1731.300000	A
PP	Israel	Producer Price (USD/tonne)	Mangoes, guavas and mangosteens	2022	USD	1693.600000	A
PP	Israel	Producer Price (USD/tonne)	Mangoes, guavas and mangosteens	2023	USD	2293.900000	A
PP	Israel	Producer Price (USD/tonne)	Mangoes, guavas and mangosteens	2024	USD	2219.900000	A
PP	Israel	Producer Price (USD/tonne)	Meat of cattle with the bone, fresh or chilled (biological)	2017	USD	2876.200000	A
PP	Israel	Producer Price (USD/tonne)	Meat of cattle with the bone, fresh or chilled (biological)	2018	USD	3078.400000	A
PP	Israel	Producer Price (USD/tonne)	Meat of cattle with the bone, fresh or chilled (biological)	2019	USD	3319.100000	A
PP	Israel	Producer Price (USD/tonne)	Meat of cattle with the bone, fresh or chilled (biological)	2020	USD	3176.300000	A
PP	Israel	Producer Price (USD/tonne)	Meat of cattle with the bone, fresh or chilled (biological)	2021	USD	3668.400000	A
PP	Israel	Producer Price (USD/tonne)	Meat of cattle with the bone, fresh or chilled (biological)	2022	USD	3555.300000	A
PP	Israel	Producer Price (USD/tonne)	Meat of cattle with the bone, fresh or chilled (biological)	2023	USD	3881.700000	A
PP	Israel	Producer Price (USD/tonne)	Meat of cattle with the bone, fresh or chilled (biological)	2024	USD	4391.500000	A
PP	Israel	Producer Price (USD/tonne)	Meat of chickens, fresh or chilled (biological)	2017	USD	1760.400000	A
PP	Israel	Producer Price (USD/tonne)	Meat of chickens, fresh or chilled (biological)	2018	USD	1830.900000	A
PP	Israel	Producer Price (USD/tonne)	Meat of chickens, fresh or chilled (biological)	2019	USD	1824.600000	A
PP	Israel	Producer Price (USD/tonne)	Meat of chickens, fresh or chilled (biological)	2020	USD	1907.400000	A
PP	Israel	Producer Price (USD/tonne)	Meat of chickens, fresh or chilled (biological)	2021	USD	2283.300000	A
PP	Israel	Producer Price (USD/tonne)	Meat of chickens, fresh or chilled (biological)	2022	USD	2594.600000	A
PP	Israel	Producer Price (USD/tonne)	Meat of chickens, fresh or chilled (biological)	2023	USD	2487.900000	A
PP	Israel	Producer Price (USD/tonne)	Meat of chickens, fresh or chilled (biological)	2024	USD	2417.700000	A
PP	Israel	Producer Price (USD/tonne)	Meat of goat, fresh or chilled (biological)	2017	USD	4172.200000	A
PP	Israel	Producer Price (USD/tonne)	Meat of goat, fresh or chilled (biological)	2018	USD	5603.300000	A
PP	Israel	Producer Price (USD/tonne)	Meat of goat, fresh or chilled (biological)	2019	USD	4497.400000	A
PP	Israel	Producer Price (USD/tonne)	Meat of goat, fresh or chilled (biological)	2020	USD	4712.400000	A
PP	Israel	Producer Price (USD/tonne)	Meat of goat, fresh or chilled (biological)	2021	USD	6224.300000	A
PP	Israel	Producer Price (USD/tonne)	Meat of goat, fresh or chilled (biological)	2022	USD	6874.600000	A
PP	Israel	Producer Price (USD/tonne)	Meat of goat, fresh or chilled (biological)	2023	USD	6327.400000	A
PP	Israel	Producer Price (USD/tonne)	Meat of goat, fresh or chilled (biological)	2024	USD	7848.200000	A
PP	Israel	Producer Price (USD/tonne)	Meat of pig with the bone, fresh or chilled (biological)	2017	USD	4583.500000	A
PP	Israel	Producer Price (USD/tonne)	Meat of pig with the bone, fresh or chilled (biological)	2018	USD	5114.000000	A
PP	Israel	Producer Price (USD/tonne)	Meat of pig with the bone, fresh or chilled (biological)	2019	USD	4869.400000	A
PP	Israel	Producer Price (USD/tonne)	Meat of pig with the bone, fresh or chilled (biological)	2020	USD	4770.500000	A
PP	Israel	Producer Price (USD/tonne)	Meat of pig with the bone, fresh or chilled (biological)	2021	USD	6424.200000	A
PP	Israel	Producer Price (USD/tonne)	Meat of pig with the bone, fresh or chilled (biological)	2022	USD	6924.100000	A
PP	Israel	Producer Price (USD/tonne)	Meat of pig with the bone, fresh or chilled (biological)	2023	USD	7456.000000	A
PP	Israel	Producer Price (USD/tonne)	Meat of pig with the bone, fresh or chilled (biological)	2024	USD	7791.500000	A
PP	Israel	Producer Price (USD/tonne)	Meat of sheep, fresh or chilled (biological)	2017	USD	7062.500000	A
PP	Israel	Producer Price (USD/tonne)	Meat of sheep, fresh or chilled (biological)	2018	USD	6794.500000	A
PP	Israel	Producer Price (USD/tonne)	Meat of sheep, fresh or chilled (biological)	2019	USD	6444.100000	A
PP	Israel	Producer Price (USD/tonne)	Meat of sheep, fresh or chilled (biological)	2020	USD	6632.600000	A
PP	Israel	Producer Price (USD/tonne)	Meat of sheep, fresh or chilled (biological)	2021	USD	7574.800000	A
PP	Israel	Producer Price (USD/tonne)	Meat of sheep, fresh or chilled (biological)	2022	USD	7692.500000	A
PP	Israel	Producer Price (USD/tonne)	Meat of sheep, fresh or chilled (biological)	2023	USD	7001.100000	A
PP	Israel	Producer Price (USD/tonne)	Meat of sheep, fresh or chilled (biological)	2024	USD	7911.900000	A
PP	Israel	Producer Price (USD/tonne)	Meat of turkeys, fresh or chilled (biological)	2017	USD	1854.700000	A
PP	Israel	Producer Price (USD/tonne)	Meat of turkeys, fresh or chilled (biological)	2018	USD	1874.600000	A
PP	Israel	Producer Price (USD/tonne)	Meat of turkeys, fresh or chilled (biological)	2019	USD	1927.600000	A
PP	Israel	Producer Price (USD/tonne)	Meat of turkeys, fresh or chilled (biological)	2020	USD	1984.900000	A
PP	Israel	Producer Price (USD/tonne)	Meat of turkeys, fresh or chilled (biological)	2021	USD	2344.600000	A
PP	Israel	Producer Price (USD/tonne)	Meat of turkeys, fresh or chilled (biological)	2022	USD	2679.400000	A
PP	Israel	Producer Price (USD/tonne)	Meat of turkeys, fresh or chilled (biological)	2023	USD	2613.600000	A
PP	Israel	Producer Price (USD/tonne)	Meat of turkeys, fresh or chilled (biological)	2024	USD	2539.000000	A
PP	Israel	Producer Price (USD/tonne)	Mushrooms and truffles	2017	USD	5834.100000	A
PP	Israel	Producer Price (USD/tonne)	Mushrooms and truffles	2018	USD	6957.100000	A
PP	Israel	Producer Price (USD/tonne)	Mushrooms and truffles	2019	USD	7013.600000	A
PP	Israel	Producer Price (USD/tonne)	Mushrooms and truffles	2020	USD	6826.600000	A
PP	Israel	Producer Price (USD/tonne)	Mushrooms and truffles	2021	USD	8348.700000	A
PP	Israel	Producer Price (USD/tonne)	Mushrooms and truffles	2022	USD	7491.900000	A
PP	Israel	Producer Price (USD/tonne)	Mushrooms and truffles	2023	USD	6830.500000	A
PP	Israel	Producer Price (USD/tonne)	Mushrooms and truffles	2024	USD	6811.300000	A
PP	Israel	Producer Price (USD/tonne)	Natural honey	2017	USD	5000.600000	A
PP	Israel	Producer Price (USD/tonne)	Natural honey	2018	USD	5013.100000	A
PP	Israel	Producer Price (USD/tonne)	Natural honey	2019	USD	5077.800000	A
PP	Israel	Producer Price (USD/tonne)	Natural honey	2020	USD	5258.000000	A
PP	Israel	Producer Price (USD/tonne)	Natural honey	2021	USD	5649.800000	A
PP	Israel	Producer Price (USD/tonne)	Natural honey	2022	USD	5506.600000	A
PP	Israel	Producer Price (USD/tonne)	Natural honey	2023	USD	4976.300000	A
PP	Israel	Producer Price (USD/tonne)	Natural honey	2024	USD	5676.100000	A
PP	Israel	Producer Price (USD/tonne)	Olives	2017	USD	1305.700000	A
PP	Israel	Producer Price (USD/tonne)	Olives	2018	USD	1253.300000	A
PP	Israel	Producer Price (USD/tonne)	Olives	2019	USD	1262.400000	A
PP	Israel	Producer Price (USD/tonne)	Olives	2020	USD	1307.200000	A
PP	Israel	Producer Price (USD/tonne)	Olives	2021	USD	1486.000000	A
PP	Israel	Producer Price (USD/tonne)	Olives	2022	USD	1413.900000	A
PP	Israel	Producer Price (USD/tonne)	Olives	2023	USD	1371.500000	A
PP	Israel	Producer Price (USD/tonne)	Olives	2024	USD	1375.200000	A
PP	Israel	Producer Price (USD/tonne)	Onions and shallots, dry (excluding dehydrated)	2017	USD	495.700000	A
PP	Israel	Producer Price (USD/tonne)	Onions and shallots, dry (excluding dehydrated)	2018	USD	638.900000	A
PP	Israel	Producer Price (USD/tonne)	Onions and shallots, dry (excluding dehydrated)	2019	USD	632.100000	A
PP	Israel	Producer Price (USD/tonne)	Onions and shallots, dry (excluding dehydrated)	2020	USD	710.300000	A
PP	Israel	Producer Price (USD/tonne)	Onions and shallots, dry (excluding dehydrated)	2021	USD	710.400000	A
PP	Israel	Producer Price (USD/tonne)	Onions and shallots, dry (excluding dehydrated)	2022	USD	680.900000	A
PP	Israel	Producer Price (USD/tonne)	Onions and shallots, dry (excluding dehydrated)	2023	USD	936.300000	A
PP	Israel	Producer Price (USD/tonne)	Onions and shallots, dry (excluding dehydrated)	2024	USD	938.200000	A
PP	Israel	Producer Price (USD/tonne)	Onions and shallots, green	2017	USD	1439.100000	A
PP	Israel	Producer Price (USD/tonne)	Onions and shallots, green	2018	USD	1464.700000	A
PP	Israel	Producer Price (USD/tonne)	Onions and shallots, green	2019	USD	1748.900000	A
PP	Israel	Producer Price (USD/tonne)	Onions and shallots, green	2020	USD	949.000000	A
PP	Israel	Producer Price (USD/tonne)	Onions and shallots, green	2021	USD	986.200000	A
PP	Israel	Producer Price (USD/tonne)	Onions and shallots, green	2022	USD	977.300000	A
PP	Israel	Producer Price (USD/tonne)	Onions and shallots, green	2023	USD	948.600000	A
PP	Israel	Producer Price (USD/tonne)	Onions and shallots, green	2024	USD	1137.200000	A
PP	Israel	Producer Price (USD/tonne)	Oranges	2017	USD	695.400000	A
PP	Israel	Producer Price (USD/tonne)	Oranges	2018	USD	545.300000	A
PP	Israel	Producer Price (USD/tonne)	Oranges	2019	USD	749.300000	A
PP	Israel	Producer Price (USD/tonne)	Oranges	2020	USD	965.300000	A
PP	Israel	Producer Price (USD/tonne)	Oranges	2021	USD	729.800000	A
PP	Israel	Producer Price (USD/tonne)	Oranges	2022	USD	539.800000	A
PP	Israel	Producer Price (USD/tonne)	Oranges	2023	USD	584.900000	A
PP	Israel	Producer Price (USD/tonne)	Oranges	2024	USD	657.400000	A
PP	Israel	Producer Price (USD/tonne)	Other beans, green	2017	USD	2222.700000	A
PP	Israel	Producer Price (USD/tonne)	Other beans, green	2018	USD	2186.000000	A
PP	Israel	Producer Price (USD/tonne)	Other beans, green	2019	USD	2317.300000	A
PP	Israel	Producer Price (USD/tonne)	Other beans, green	2020	USD	2356.200000	A
PP	Israel	Producer Price (USD/tonne)	Other beans, green	2021	USD	718.400000	A
PP	Israel	Producer Price (USD/tonne)	Other beans, green	2022	USD	807.700000	A
PP	Israel	Producer Price (USD/tonne)	Other beans, green	2023	USD	855.000000	A
PP	Israel	Producer Price (USD/tonne)	Other beans, green	2024	USD	930.200000	A
PP	Israel	Producer Price (USD/tonne)	Other citrus fruit, n.e.c.	2017	USD	690.400000	A
PP	Israel	Producer Price (USD/tonne)	Other citrus fruit, n.e.c.	2018	USD	869.800000	A
PP	Israel	Producer Price (USD/tonne)	Other citrus fruit, n.e.c.	2019	USD	959.500000	A
PP	Israel	Producer Price (USD/tonne)	Other citrus fruit, n.e.c.	2020	USD	1020.200000	A
PP	Israel	Producer Price (USD/tonne)	Other citrus fruit, n.e.c.	2021	USD	1830.800000	A
PP	Israel	Producer Price (USD/tonne)	Other citrus fruit, n.e.c.	2022	USD	1312.400000	A
PP	Israel	Producer Price (USD/tonne)	Other citrus fruit, n.e.c.	2023	USD	1272.900000	A
PP	Israel	Producer Price (USD/tonne)	Other citrus fruit, n.e.c.	2024	USD	1269.000000	A
PP	Israel	Producer Price (USD/tonne)	Other nuts (excluding wild edible nuts and groundnuts), in shell, n.e.c.	2017	USD	8254.400000	A
PP	Israel	Producer Price (USD/tonne)	Other nuts (excluding wild edible nuts and groundnuts), in shell, n.e.c.	2018	USD	7067.000000	A
PP	Israel	Producer Price (USD/tonne)	Other nuts (excluding wild edible nuts and groundnuts), in shell, n.e.c.	2019	USD	8340.500000	A
PP	Israel	Producer Price (USD/tonne)	Other nuts (excluding wild edible nuts and groundnuts), in shell, n.e.c.	2020	USD	8893.500000	A
PP	Israel	Producer Price (USD/tonne)	Other nuts (excluding wild edible nuts and groundnuts), in shell, n.e.c.	2021	USD	10839.800000	A
PP	Israel	Producer Price (USD/tonne)	Other nuts (excluding wild edible nuts and groundnuts), in shell, n.e.c.	2022	USD	9198.400000	A
PP	Israel	Producer Price (USD/tonne)	Other nuts (excluding wild edible nuts and groundnuts), in shell, n.e.c.	2023	USD	9187.400000	A
PP	Israel	Producer Price (USD/tonne)	Other nuts (excluding wild edible nuts and groundnuts), in shell, n.e.c.	2024	USD	9079.500000	A
PP	Israel	Producer Price (USD/tonne)	Papayas	2017	USD	1966.500000	A
PP	Israel	Producer Price (USD/tonne)	Papayas	2018	USD	1901.900000	A
PP	Israel	Producer Price (USD/tonne)	Papayas	2019	USD	2798.700000	A
PP	Israel	Producer Price (USD/tonne)	Papayas	2020	USD	2397.200000	A
PP	Israel	Producer Price (USD/tonne)	Papayas	2021	USD	3351.700000	A
PP	Israel	Producer Price (USD/tonne)	Papayas	2022	USD	2716.100000	A
PP	Israel	Producer Price (USD/tonne)	Papayas	2023	USD	2879.100000	A
PP	Israel	Producer Price (USD/tonne)	Papayas	2024	USD	2866.200000	A
PP	Israel	Producer Price (USD/tonne)	Peaches and nectarines	2017	USD	1828.300000	A
PP	Israel	Producer Price (USD/tonne)	Peaches and nectarines	2018	USD	2288.200000	A
PP	Israel	Producer Price (USD/tonne)	Peaches and nectarines	2019	USD	2065.600000	A
PP	Israel	Producer Price (USD/tonne)	Peaches and nectarines	2020	USD	2090.400000	A
PP	Israel	Producer Price (USD/tonne)	Peaches and nectarines	2021	USD	4033.200000	A
PP	Israel	Producer Price (USD/tonne)	Peaches and nectarines	2022	USD	2260.100000	A
PP	Israel	Producer Price (USD/tonne)	Peaches and nectarines	2023	USD	2095.100000	A
PP	Israel	Producer Price (USD/tonne)	Peaches and nectarines	2024	USD	2419.900000	A
PP	Israel	Producer Price (USD/tonne)	Pears	2017	USD	1884.700000	A
PP	Israel	Producer Price (USD/tonne)	Pears	2018	USD	2288.200000	A
PP	Israel	Producer Price (USD/tonne)	Pears	2019	USD	1918.300000	A
PP	Israel	Producer Price (USD/tonne)	Pears	2020	USD	1950.100000	A
PP	Israel	Producer Price (USD/tonne)	Pears	2021	USD	2486.800000	A
PP	Israel	Producer Price (USD/tonne)	Pears	2022	USD	2109.200000	A
PP	Israel	Producer Price (USD/tonne)	Pears	2023	USD	1816.500000	A
PP	Israel	Producer Price (USD/tonne)	Pears	2024	USD	2352.400000	A
PP	Israel	Producer Price (USD/tonne)	Peas, dry	2017	USD	455.400000	A
PP	Israel	Producer Price (USD/tonne)	Peas, dry	2018	USD	479.300000	A
PP	Israel	Producer Price (USD/tonne)	Peas, dry	2019	USD	507.200000	A
PP	Israel	Producer Price (USD/tonne)	Peas, dry	2020	USD	505.200000	A
PP	Israel	Producer Price (USD/tonne)	Peas, dry	2021	USD	357.200000	A
PP	Israel	Producer Price (USD/tonne)	Peas, dry	2022	USD	535.700000	A
PP	Israel	Producer Price (USD/tonne)	Peas, dry	2023	USD	464.300000	A
PP	Israel	Producer Price (USD/tonne)	Peas, dry	2024	USD	501.800000	A
PP	Israel	Producer Price (USD/tonne)	Peas, green	2017	USD	3572.500000	A
PP	Israel	Producer Price (USD/tonne)	Peas, green	2018	USD	2958.000000	A
PP	Israel	Producer Price (USD/tonne)	Peas, green	2019	USD	3716.300000	A
PP	Israel	Producer Price (USD/tonne)	Peas, green	2020	USD	3763.900000	A
PP	Israel	Producer Price (USD/tonne)	Peas, green	2021	USD	2840.100000	A
PP	Israel	Producer Price (USD/tonne)	Peas, green	2022	USD	3095.100000	A
PP	Israel	Producer Price (USD/tonne)	Peas, green	2023	USD	2877.500000	A
PP	Israel	Producer Price (USD/tonne)	Peas, green	2024	USD	3356.700000	A
PP	Israel	Producer Price (USD/tonne)	Persimmons	2017	USD	1697.100000	A
PP	Israel	Producer Price (USD/tonne)	Persimmons	2018	USD	2122.200000	A
PP	Israel	Producer Price (USD/tonne)	Persimmons	2019	USD	2101.500000	A
PP	Israel	Producer Price (USD/tonne)	Persimmons	2020	USD	2099.400000	A
PP	Israel	Producer Price (USD/tonne)	Persimmons	2021	USD	2148.000000	A
PP	Israel	Producer Price (USD/tonne)	Persimmons	2022	USD	2065.300000	A
PP	Israel	Producer Price (USD/tonne)	Persimmons	2023	USD	2336.800000	A
PP	Israel	Producer Price (USD/tonne)	Persimmons	2024	USD	2501.800000	A
PP	Israel	Producer Price (USD/tonne)	Pineapples	2017	USD	5714.600000	A
PP	Israel	Producer Price (USD/tonne)	Pineapples	2018	USD	5320.600000	A
PP	Israel	Producer Price (USD/tonne)	Pineapples	2019	USD	5402.100000	A
PP	Israel	Producer Price (USD/tonne)	Pineapples	2020	USD	5645.500000	A
PP	Israel	Producer Price (USD/tonne)	Pineapples	2021	USD	6440.700000	A
PP	Israel	Producer Price (USD/tonne)	Pineapples	2022	USD	5958.000000	A
PP	Israel	Producer Price (USD/tonne)	Pineapples	2023	USD	5399.900000	A
PP	Israel	Producer Price (USD/tonne)	Pineapples	2024	USD	4747.700000	A
PP	Israel	Producer Price (USD/tonne)	Plums and sloes	2017	USD	1944.400000	A
PP	Israel	Producer Price (USD/tonne)	Plums and sloes	2018	USD	2669.200000	A
PP	Israel	Producer Price (USD/tonne)	Plums and sloes	2019	USD	2320.400000	A
PP	Israel	Producer Price (USD/tonne)	Plums and sloes	2020	USD	2231.900000	A
PP	Israel	Producer Price (USD/tonne)	Plums and sloes	2021	USD	3334.100000	A
PP	Israel	Producer Price (USD/tonne)	Plums and sloes	2022	USD	2868.200000	A
PP	Israel	Producer Price (USD/tonne)	Plums and sloes	2023	USD	2909.600000	A
PP	Israel	Producer Price (USD/tonne)	Plums and sloes	2024	USD	2514.900000	A
PP	Israel	Producer Price (USD/tonne)	Pomelos and grapefruits	2017	USD	724.300000	A
PP	Israel	Producer Price (USD/tonne)	Pomelos and grapefruits	2018	USD	901.800000	A
PP	Israel	Producer Price (USD/tonne)	Pomelos and grapefruits	2019	USD	955.500000	A
PP	Israel	Producer Price (USD/tonne)	Pomelos and grapefruits	2020	USD	919.100000	A
PP	Israel	Producer Price (USD/tonne)	Pomelos and grapefruits	2021	USD	891.000000	A
PP	Israel	Producer Price (USD/tonne)	Pomelos and grapefruits	2022	USD	625.500000	A
PP	Israel	Producer Price (USD/tonne)	Pomelos and grapefruits	2023	USD	581.500000	A
PP	Israel	Producer Price (USD/tonne)	Pomelos and grapefruits	2024	USD	499.300000	A
PP	Israel	Producer Price (USD/tonne)	Potatoes	2017	USD	666.700000	A
PP	Israel	Producer Price (USD/tonne)	Potatoes	2018	USD	636.400000	A
PP	Israel	Producer Price (USD/tonne)	Potatoes	2019	USD	746.800000	A
PP	Israel	Producer Price (USD/tonne)	Potatoes	2020	USD	778.200000	A
PP	Israel	Producer Price (USD/tonne)	Potatoes	2021	USD	611.400000	A
PP	Israel	Producer Price (USD/tonne)	Potatoes	2022	USD	629.600000	A
PP	Israel	Producer Price (USD/tonne)	Potatoes	2023	USD	613.800000	A
PP	Israel	Producer Price (USD/tonne)	Potatoes	2024	USD	788.800000	A
PP	Israel	Producer Price (USD/tonne)	Pumpkins, squash and gourds	2017	USD	805.200000	A
PP	Israel	Producer Price (USD/tonne)	Pumpkins, squash and gourds	2018	USD	709.100000	A
PP	Israel	Producer Price (USD/tonne)	Pumpkins, squash and gourds	2019	USD	949.600000	A
PP	Israel	Producer Price (USD/tonne)	Pumpkins, squash and gourds	2020	USD	740.500000	A
PP	Israel	Producer Price (USD/tonne)	Pumpkins, squash and gourds	2021	USD	704.800000	A
PP	Israel	Producer Price (USD/tonne)	Pumpkins, squash and gourds	2022	USD	821.000000	A
PP	Israel	Producer Price (USD/tonne)	Pumpkins, squash and gourds	2023	USD	761.200000	A
PP	Israel	Producer Price (USD/tonne)	Pumpkins, squash and gourds	2024	USD	922.200000	A
PP	Israel	Producer Price (USD/tonne)	Quinces	2017	USD	2661.500000	A
PP	Israel	Producer Price (USD/tonne)	Quinces	2018	USD	3452.900000	A
PP	Israel	Producer Price (USD/tonne)	Quinces	2019	USD	3018.400000	A
PP	Israel	Producer Price (USD/tonne)	Quinces	2020	USD	3578.300000	A
PP	Israel	Producer Price (USD/tonne)	Quinces	2021	USD	4778.800000	A
PP	Israel	Producer Price (USD/tonne)	Quinces	2022	USD	3943.900000	A
PP	Israel	Producer Price (USD/tonne)	Quinces	2023	USD	4362.700000	A
PP	Israel	Producer Price (USD/tonne)	Quinces	2024	USD	3617.200000	A
PP	Israel	Producer Price (USD/tonne)	Raw milk of cattle	2017	USD	546.800000	A
PP	Israel	Producer Price (USD/tonne)	Raw milk of cattle	2018	USD	559.000000	A
PP	Israel	Producer Price (USD/tonne)	Raw milk of cattle	2019	USD	544.300000	A
PP	Israel	Producer Price (USD/tonne)	Raw milk of cattle	2020	USD	563.600000	A
PP	Israel	Producer Price (USD/tonne)	Raw milk of cattle	2021	USD	645.000000	A
PP	Israel	Producer Price (USD/tonne)	Raw milk of cattle	2022	USD	684.400000	A
PP	Israel	Producer Price (USD/tonne)	Raw milk of cattle	2023	USD	660.300000	A
PP	Israel	Producer Price (USD/tonne)	Raw milk of cattle	2024	USD	641.600000	A
PP	Israel	Producer Price (USD/tonne)	Raw milk of goats	2017	USD	1054.500000	A
PP	Israel	Producer Price (USD/tonne)	Raw milk of goats	2018	USD	1043.800000	A
PP	Israel	Producer Price (USD/tonne)	Raw milk of goats	2019	USD	1103.700000	A
PP	Israel	Producer Price (USD/tonne)	Raw milk of goats	2020	USD	1205.300000	A
PP	Israel	Producer Price (USD/tonne)	Raw milk of goats	2021	USD	1339.000000	A
PP	Israel	Producer Price (USD/tonne)	Raw milk of goats	2022	USD	1394.000000	A
PP	Israel	Producer Price (USD/tonne)	Raw milk of goats	2023	USD	1355.600000	A
PP	Israel	Producer Price (USD/tonne)	Raw milk of goats	2024	USD	1343.300000	A
PP	Israel	Producer Price (USD/tonne)	Raw milk of sheep	2017	USD	991.600000	A
PP	Israel	Producer Price (USD/tonne)	Raw milk of sheep	2018	USD	1028.800000	A
PP	Israel	Producer Price (USD/tonne)	Raw milk of sheep	2019	USD	1059.600000	A
PP	Israel	Producer Price (USD/tonne)	Raw milk of sheep	2020	USD	1121.600000	A
PP	Israel	Producer Price (USD/tonne)	Raw milk of sheep	2021	USD	1182.800000	A
PP	Israel	Producer Price (USD/tonne)	Raw milk of sheep	2022	USD	1228.000000	A
PP	Israel	Producer Price (USD/tonne)	Raw milk of sheep	2023	USD	1301.900000	A
PP	Israel	Producer Price (USD/tonne)	Raw milk of sheep	2024	USD	1259.300000	A
PP	Israel	Producer Price (USD/tonne)	Safflower seed	2017	USD	1528.000000	A
PP	Israel	Producer Price (USD/tonne)	Safflower seed	2018	USD	1531.800000	A
PP	Israel	Producer Price (USD/tonne)	Spinach	2017	USD	2480.700000	A
PP	Israel	Producer Price (USD/tonne)	Spinach	2018	USD	2913.200000	A
PP	Israel	Producer Price (USD/tonne)	Spinach	2019	USD	3038.000000	A
PP	Israel	Producer Price (USD/tonne)	Spinach	2020	USD	3709.900000	A
PP	Israel	Producer Price (USD/tonne)	Spinach	2021	USD	4409.200000	A
PP	Israel	Producer Price (USD/tonne)	Spinach	2022	USD	3473.800000	A
PP	Israel	Producer Price (USD/tonne)	Spinach	2023	USD	3294.300000	A
PP	Israel	Producer Price (USD/tonne)	Spinach	2024	USD	2765.300000	A
PP	Israel	Producer Price (USD/tonne)	Strawberries	2017	USD	3162.200000	A
PP	Israel	Producer Price (USD/tonne)	Strawberries	2018	USD	2765.000000	A
PP	Israel	Producer Price (USD/tonne)	Strawberries	2019	USD	3513.500000	A
PP	Israel	Producer Price (USD/tonne)	Strawberries	2020	USD	3872.000000	A
PP	Israel	Producer Price (USD/tonne)	Strawberries	2021	USD	4431.700000	A
PP	Israel	Producer Price (USD/tonne)	Strawberries	2022	USD	3285.000000	A
PP	Israel	Producer Price (USD/tonne)	Strawberries	2023	USD	3737.500000	A
PP	Israel	Producer Price (USD/tonne)	Strawberries	2024	USD	5658.000000	A
PP	Israel	Producer Price (USD/tonne)	Sunflower seed	2017	USD	3492.100000	A
PP	Israel	Producer Price (USD/tonne)	Sunflower seed	2018	USD	3202.800000	A
PP	Israel	Producer Price (USD/tonne)	Sunflower seed	2019	USD	3376.300000	A
PP	Israel	Producer Price (USD/tonne)	Sweet potatoes	2017	USD	1177.900000	A
PP	Israel	Producer Price (USD/tonne)	Sweet potatoes	2018	USD	1179.200000	A
PP	Israel	Producer Price (USD/tonne)	Sweet potatoes	2019	USD	1311.500000	A
PP	Israel	Producer Price (USD/tonne)	Sweet potatoes	2020	USD	1236.300000	A
PP	Israel	Producer Price (USD/tonne)	Sweet potatoes	2021	USD	933.700000	A
PP	Israel	Producer Price (USD/tonne)	Sweet potatoes	2022	USD	1100.800000	A
PP	Israel	Producer Price (USD/tonne)	Sweet potatoes	2023	USD	1064.300000	A
PP	Israel	Producer Price (USD/tonne)	Sweet potatoes	2024	USD	1282.300000	A
PP	Israel	Producer Price (USD/tonne)	Tangerines, mandarins, clementines	2017	USD	940.400000	A
PP	Israel	Producer Price (USD/tonne)	Tangerines, mandarins, clementines	2018	USD	861.100000	A
PP	Israel	Producer Price (USD/tonne)	Tangerines, mandarins, clementines	2019	USD	783.000000	A
PP	Israel	Producer Price (USD/tonne)	Tangerines, mandarins, clementines	2020	USD	788.100000	A
PP	Israel	Producer Price (USD/tonne)	Tangerines, mandarins, clementines	2021	USD	1029.000000	A
PP	Israel	Producer Price (USD/tonne)	Tangerines, mandarins, clementines	2022	USD	984.000000	A
PP	Israel	Producer Price (USD/tonne)	Tangerines, mandarins, clementines	2023	USD	1049.700000	A
PP	Israel	Producer Price (USD/tonne)	Tangerines, mandarins, clementines	2024	USD	971.400000	A
PP	Israel	Producer Price (USD/tonne)	Tomatoes	2017	USD	1058.500000	A
PP	Israel	Producer Price (USD/tonne)	Tomatoes	2018	USD	1025.000000	A
PP	Israel	Producer Price (USD/tonne)	Tomatoes	2019	USD	1026.800000	A
PP	Israel	Producer Price (USD/tonne)	Tomatoes	2020	USD	1101.000000	A
PP	Israel	Producer Price (USD/tonne)	Tomatoes	2021	USD	1138.100000	A
PP	Israel	Producer Price (USD/tonne)	Tomatoes	2022	USD	1233.500000	A
PP	Israel	Producer Price (USD/tonne)	Tomatoes	2023	USD	1253.700000	A
PP	Israel	Producer Price (USD/tonne)	Tomatoes	2024	USD	1606.800000	A
PP	Israel	Producer Price (USD/tonne)	Watermelons	2017	USD	484.200000	A
PP	Israel	Producer Price (USD/tonne)	Watermelons	2018	USD	843.600000	A
PP	Israel	Producer Price (USD/tonne)	Watermelons	2019	USD	701.900000	A
PP	Israel	Producer Price (USD/tonne)	Watermelons	2020	USD	658.300000	A
PP	Israel	Producer Price (USD/tonne)	Watermelons	2021	USD	588.800000	A
PP	Israel	Producer Price (USD/tonne)	Watermelons	2022	USD	685.500000	A
PP	Israel	Producer Price (USD/tonne)	Watermelons	2023	USD	664.900000	A
PP	Israel	Producer Price (USD/tonne)	Watermelons	2024	USD	808.100000	A
PP	Israel	Producer Price (USD/tonne)	Wheat	2017	USD	233.400000	A
PP	Israel	Producer Price (USD/tonne)	Wheat	2018	USD	283.800000	A
PP	Israel	Producer Price (USD/tonne)	Wheat	2019	USD	248.300000	A
PP	Israel	Producer Price (USD/tonne)	Wheat	2020	USD	252.400000	A
PP	Israel	Producer Price (USD/tonne)	Wheat	2021	USD	339.000000	A
PP	Israel	Producer Price (USD/tonne)	Wheat	2022	USD	424.200000	A
PP	Israel	Producer Price (USD/tonne)	Wheat	2023	USD	369.200000	A
PP	Israel	Producer Price (USD/tonne)	Wheat	2024	USD	318.700000	A
PP	Japan	Producer Price (USD/tonne)	Apples	2017	USD	2242.200000	A
PP	Japan	Producer Price (USD/tonne)	Apples	2018	USD	2680.600000	A
PP	Japan	Producer Price (USD/tonne)	Apples	2019	USD	2406.200000	A
PP	Japan	Producer Price (USD/tonne)	Apples	2020	USD	3033.500000	A
PP	Japan	Producer Price (USD/tonne)	Apples	2021	USD	2784.400000	A
PP	Japan	Producer Price (USD/tonne)	Apples	2022	USD	2794.000000	A
PP	Japan	Producer Price (USD/tonne)	Apples	2023	USD	2484.100000	A
PP	Japan	Producer Price (USD/tonne)	Apples	2024	USD	3072.700000	A
PP	Japan	Producer Price (USD/tonne)	Apricots	2017	USD	3492.100000	A
PP	Japan	Producer Price (USD/tonne)	Apricots	2018	USD	2655.200000	A
PP	Japan	Producer Price (USD/tonne)	Apricots	2019	USD	3770.300000	A
PP	Japan	Producer Price (USD/tonne)	Apricots	2020	USD	5327.100000	A
PP	Japan	Producer Price (USD/tonne)	Apricots	2021	USD	4316.000000	A
PP	Japan	Producer Price (USD/tonne)	Apricots	2022	USD	3074.600000	A
PP	Japan	Producer Price (USD/tonne)	Apricots	2023	USD	2040.000000	A
PP	Japan	Producer Price (USD/tonne)	Apricots	2024	USD	4711.100000	A
PP	Japan	Producer Price (USD/tonne)	Asparagus	2017	USD	10110.000000	A
PP	Japan	Producer Price (USD/tonne)	Asparagus	2018	USD	9662.800000	A
PP	Japan	Producer Price (USD/tonne)	Asparagus	2019	USD	9843.200000	A
PP	Japan	Producer Price (USD/tonne)	Asparagus	2020	USD	9861.900000	A
PP	Japan	Producer Price (USD/tonne)	Asparagus	2021	USD	9949.500000	A
PP	Japan	Producer Price (USD/tonne)	Asparagus	2022	USD	8099.000000	A
PP	Japan	Producer Price (USD/tonne)	Asparagus	2023	USD	8150.000000	A
PP	Japan	Producer Price (USD/tonne)	Asparagus	2024	USD	8106.200000	A
PP	Japan	Producer Price (USD/tonne)	Barley	2017	USD	1192.900000	A
PP	Japan	Producer Price (USD/tonne)	Barley	2018	USD	1276.200000	A
PP	Japan	Producer Price (USD/tonne)	Barley	2019	USD	1219.000000	A
PP	Japan	Producer Price (USD/tonne)	Barley	2020	USD	1261.200000	A
PP	Japan	Producer Price (USD/tonne)	Barley	2021	USD	1235.100000	A
PP	Japan	Producer Price (USD/tonne)	Barley	2022	USD	1092.300000	A
PP	Japan	Producer Price (USD/tonne)	Barley	2023	USD	892.400000	A
PP	Japan	Producer Price (USD/tonne)	Barley	2024	USD	824.200000	A
PP	Japan	Producer Price (USD/tonne)	Buckwheat	2017	USD	2938.100000	A
PP	Japan	Producer Price (USD/tonne)	Buckwheat	2018	USD	3356.800000	A
PP	Japan	Producer Price (USD/tonne)	Buckwheat	2019	USD	2570.600000	A
PP	Japan	Producer Price (USD/tonne)	Buckwheat	2020	USD	1576.700000	A
PP	Japan	Producer Price (USD/tonne)	Buckwheat	2021	USD	1931.600000	A
PP	Japan	Producer Price (USD/tonne)	Buckwheat	2022	USD	1655.800000	A
PP	Japan	Producer Price (USD/tonne)	Buckwheat	2023	USD	1716.200000	A
PP	Japan	Producer Price (USD/tonne)	Buckwheat	2024	USD	1575.300000	A
PP	Japan	Producer Price (USD/tonne)	Cabbages	2017	USD	663.300000	A
PP	Japan	Producer Price (USD/tonne)	Cabbages	2018	USD	797.800000	A
PP	Japan	Producer Price (USD/tonne)	Cabbages	2019	USD	572.400000	A
PP	Japan	Producer Price (USD/tonne)	Cabbages	2020	USD	670.600000	A
PP	Japan	Producer Price (USD/tonne)	Cabbages	2021	USD	476.500000	A
PP	Japan	Producer Price (USD/tonne)	Cabbages	2022	USD	482.100000	A
PP	Japan	Producer Price (USD/tonne)	Cabbages	2023	USD	550.200000	A
PP	Japan	Producer Price (USD/tonne)	Cabbages	2024	USD	662.600000	A
PP	Japan	Producer Price (USD/tonne)	Cantaloupes and other melons	2017	USD	3411.000000	A
PP	Japan	Producer Price (USD/tonne)	Cantaloupes and other melons	2018	USD	3578.100000	A
PP	Japan	Producer Price (USD/tonne)	Cantaloupes and other melons	2019	USD	3708.800000	A
PP	Japan	Producer Price (USD/tonne)	Cantaloupes and other melons	2020	USD	3392.200000	A
PP	Japan	Producer Price (USD/tonne)	Cantaloupes and other melons	2021	USD	3524.200000	A
PP	Japan	Producer Price (USD/tonne)	Cantaloupes and other melons	2022	USD	3082.900000	A
PP	Japan	Producer Price (USD/tonne)	Cantaloupes and other melons	2023	USD	2986.700000	A
PP	Japan	Producer Price (USD/tonne)	Cantaloupes and other melons	2024	USD	2980.800000	A
PP	Japan	Producer Price (USD/tonne)	Carrots and turnips	2017	USD	819.300000	A
PP	Japan	Producer Price (USD/tonne)	Carrots and turnips	2018	USD	1198.100000	A
PP	Japan	Producer Price (USD/tonne)	Carrots and turnips	2019	USD	786.200000	A
PP	Japan	Producer Price (USD/tonne)	Carrots and turnips	2020	USD	1110.800000	A
PP	Japan	Producer Price (USD/tonne)	Carrots and turnips	2021	USD	908.400000	A
PP	Japan	Producer Price (USD/tonne)	Carrots and turnips	2022	USD	863.100000	A
PP	Japan	Producer Price (USD/tonne)	Carrots and turnips	2023	USD	993.700000	A
PP	Japan	Producer Price (USD/tonne)	Carrots and turnips	2024	USD	1008.800000	A
PP	Japan	Producer Price (USD/tonne)	Cherries	2017	USD	15753.400000	A
PP	Japan	Producer Price (USD/tonne)	Cherries	2018	USD	12669.400000	A
PP	Japan	Producer Price (USD/tonne)	Cherries	2019	USD	15494.000000	A
PP	Japan	Producer Price (USD/tonne)	Cherries	2020	USD	18403.300000	A
PP	Japan	Producer Price (USD/tonne)	Cherries	2021	USD	25830.400000	A
PP	Japan	Producer Price (USD/tonne)	Cherries	2022	USD	15517.300000	A
PP	Japan	Producer Price (USD/tonne)	Cherries	2023	USD	17040.200000	A
PP	Japan	Producer Price (USD/tonne)	Cherries	2024	USD	18914.400000	A
PP	Japan	Producer Price (USD/tonne)	Chestnuts, in shell	2017	USD	5595.300000	A
PP	Japan	Producer Price (USD/tonne)	Chestnuts, in shell	2018	USD	4527.100000	A
PP	Japan	Producer Price (USD/tonne)	Chestnuts, in shell	2019	USD	4550.100000	A
PP	Japan	Producer Price (USD/tonne)	Chestnuts, in shell	2020	USD	9241.000000	A
PP	Japan	Producer Price (USD/tonne)	Chestnuts, in shell	2021	USD	9575.900000	A
PP	Japan	Producer Price (USD/tonne)	Chestnuts, in shell	2022	USD	9460.200000	A
PP	Japan	Producer Price (USD/tonne)	Chestnuts, in shell	2023	USD	9310.200000	A
PP	Japan	Producer Price (USD/tonne)	Chestnuts, in shell	2024	USD	8562.000000	A
PP	Japan	Producer Price (USD/tonne)	Chillies and peppers, green (Capsicum spp. and Pimenta spp.)	2017	USD	3279.100000	A
PP	Japan	Producer Price (USD/tonne)	Chillies and peppers, green (Capsicum spp. and Pimenta spp.)	2018	USD	3646.000000	A
PP	Japan	Producer Price (USD/tonne)	Chillies and peppers, green (Capsicum spp. and Pimenta spp.)	2019	USD	3459.300000	A
PP	Japan	Producer Price (USD/tonne)	Chillies and peppers, green (Capsicum spp. and Pimenta spp.)	2020	USD	4215.400000	A
PP	Japan	Producer Price (USD/tonne)	Chillies and peppers, green (Capsicum spp. and Pimenta spp.)	2021	USD	3152.500000	A
PP	Japan	Producer Price (USD/tonne)	Chillies and peppers, green (Capsicum spp. and Pimenta spp.)	2022	USD	2856.300000	A
PP	Japan	Producer Price (USD/tonne)	Chillies and peppers, green (Capsicum spp. and Pimenta spp.)	2023	USD	3232.900000	A
PP	Japan	Producer Price (USD/tonne)	Chillies and peppers, green (Capsicum spp. and Pimenta spp.)	2024	USD	3468.400000	A
PP	Japan	Producer Price (USD/tonne)	Cucumbers and gherkins	2017	USD	2234.200000	A
PP	Japan	Producer Price (USD/tonne)	Cucumbers and gherkins	2018	USD	2570.100000	A
PP	Japan	Producer Price (USD/tonne)	Cucumbers and gherkins	2019	USD	2423.600000	A
PP	Japan	Producer Price (USD/tonne)	Cucumbers and gherkins	2020	USD	2641.100000	A
PP	Japan	Producer Price (USD/tonne)	Cucumbers and gherkins	2021	USD	2126.600000	A
PP	Japan	Producer Price (USD/tonne)	Cucumbers and gherkins	2022	USD	1886.000000	A
PP	Japan	Producer Price (USD/tonne)	Cucumbers and gherkins	2023	USD	2022.900000	A
PP	Japan	Producer Price (USD/tonne)	Cucumbers and gherkins	2024	USD	2432.500000	A
PP	Japan	Producer Price (USD/tonne)	Eggplants (aubergines)	2017	USD	2890.400000	A
PP	Japan	Producer Price (USD/tonne)	Eggplants (aubergines)	2018	USD	3126.200000	A
PP	Japan	Producer Price (USD/tonne)	Eggplants (aubergines)	2019	USD	2944.700000	A
PP	Japan	Producer Price (USD/tonne)	Eggplants (aubergines)	2020	USD	3171.200000	A
PP	Japan	Producer Price (USD/tonne)	Eggplants (aubergines)	2021	USD	2819.000000	A
PP	Japan	Producer Price (USD/tonne)	Eggplants (aubergines)	2022	USD	2296.600000	A
PP	Japan	Producer Price (USD/tonne)	Eggplants (aubergines)	2023	USD	2427.200000	A
PP	Japan	Producer Price (USD/tonne)	Eggplants (aubergines)	2024	USD	2546.100000	A
PP	Japan	Producer Price (USD/tonne)	Ginger, raw	2017	USD	5282.300000	A
PP	Japan	Producer Price (USD/tonne)	Ginger, raw	2018	USD	5478.000000	A
PP	Japan	Producer Price (USD/tonne)	Ginger, raw	2019	USD	5376.600000	A
PP	Japan	Producer Price (USD/tonne)	Ginger, raw	2020	USD	5440.400000	A
PP	Japan	Producer Price (USD/tonne)	Ginger, raw	2021	USD	5105.000000	A
PP	Japan	Producer Price (USD/tonne)	Ginger, raw	2022	USD	3387.100000	A
PP	Japan	Producer Price (USD/tonne)	Ginger, raw	2023	USD	3039.300000	A
PP	Japan	Producer Price (USD/tonne)	Ginger, raw	2024	USD	3308.500000	A
PP	Japan	Producer Price (USD/tonne)	Grapes	2017	USD	6563.900000	A
PP	Japan	Producer Price (USD/tonne)	Grapes	2018	USD	6656.200000	A
PP	Japan	Producer Price (USD/tonne)	Grapes	2019	USD	7341.100000	A
PP	Japan	Producer Price (USD/tonne)	Grapes	2020	USD	8194.800000	A
PP	Japan	Producer Price (USD/tonne)	Grapes	2021	USD	7594.200000	A
PP	Japan	Producer Price (USD/tonne)	Grapes	2022	USD	7045.700000	A
PP	Japan	Producer Price (USD/tonne)	Grapes	2023	USD	6528.900000	A
PP	Japan	Producer Price (USD/tonne)	Grapes	2024	USD	6599.900000	A
PP	Japan	Producer Price (USD/tonne)	Green corn (maize)	2017	USD	1829.400000	A
PP	Japan	Producer Price (USD/tonne)	Green corn (maize)	2018	USD	1979.700000	A
PP	Japan	Producer Price (USD/tonne)	Green corn (maize)	2019	USD	1917.300000	A
PP	Japan	Producer Price (USD/tonne)	Green corn (maize)	2020	USD	2286.100000	A
PP	Japan	Producer Price (USD/tonne)	Green corn (maize)	2021	USD	2173.900000	A
PP	Japan	Producer Price (USD/tonne)	Green corn (maize)	2022	USD	1945.300000	A
PP	Japan	Producer Price (USD/tonne)	Green corn (maize)	2023	USD	1689.800000	A
PP	Japan	Producer Price (USD/tonne)	Green corn (maize)	2024	USD	1689.300000	A
PP	Japan	Producer Price (USD/tonne)	Green garlic	2017	USD	14826.200000	A
PP	Japan	Producer Price (USD/tonne)	Green garlic	2018	USD	14589.300000	A
PP	Japan	Producer Price (USD/tonne)	Green garlic	2019	USD	10292.700000	A
PP	Japan	Producer Price (USD/tonne)	Green garlic	2020	USD	13196.000000	A
PP	Japan	Producer Price (USD/tonne)	Green garlic	2021	USD	17994.700000	A
PP	Japan	Producer Price (USD/tonne)	Green garlic	2022	USD	9414.600000	A
PP	Japan	Producer Price (USD/tonne)	Green garlic	2023	USD	7801.200000	A
PP	Japan	Producer Price (USD/tonne)	Green garlic	2024	USD	10273.100000	A
PP	Japan	Producer Price (USD/tonne)	Groundnuts, excluding shelled	2017	USD	6365.600000	A
PP	Japan	Producer Price (USD/tonne)	Groundnuts, excluding shelled	2018	USD	6846.400000	A
PP	Japan	Producer Price (USD/tonne)	Groundnuts, excluding shelled	2019	USD	6637.000000	A
PP	Japan	Producer Price (USD/tonne)	Groundnuts, excluding shelled	2020	USD	6641.700000	A
PP	Japan	Producer Price (USD/tonne)	Groundnuts, excluding shelled	2021	USD	6842.600000	A
PP	Japan	Producer Price (USD/tonne)	Groundnuts, excluding shelled	2022	USD	5282.700000	A
PP	Japan	Producer Price (USD/tonne)	Groundnuts, excluding shelled	2023	USD	3678.800000	A
PP	Japan	Producer Price (USD/tonne)	Groundnuts, excluding shelled	2024	USD	3782.200000	A
PP	Japan	Producer Price (USD/tonne)	Hen eggs in shell, fresh	2017	USD	1900.800000	A
PP	Japan	Producer Price (USD/tonne)	Hen eggs in shell, fresh	2018	USD	1752.300000	A
PP	Japan	Producer Price (USD/tonne)	Hen eggs in shell, fresh	2019	USD	1668.700000	A
PP	Japan	Producer Price (USD/tonne)	Hen eggs in shell, fresh	2020	USD	1724.200000	A
PP	Japan	Producer Price (USD/tonne)	Hen eggs in shell, fresh	2021	USD	2112.000000	A
PP	Japan	Producer Price (USD/tonne)	Hen eggs in shell, fresh	2022	USD	1802.300000	A
PP	Japan	Producer Price (USD/tonne)	Hen eggs in shell, fresh	2023	USD	2340.400000	A
PP	Japan	Producer Price (USD/tonne)	Hen eggs in shell, fresh	2024	USD	1698.500000	A
PP	Japan	Producer Price (USD/tonne)	Kiwi fruit	2017	USD	4120.900000	A
PP	Japan	Producer Price (USD/tonne)	Kiwi fruit	2018	USD	3813.600000	A
PP	Japan	Producer Price (USD/tonne)	Kiwi fruit	2019	USD	4151.000000	A
PP	Japan	Producer Price (USD/tonne)	Kiwi fruit	2020	USD	4498.100000	A
PP	Japan	Producer Price (USD/tonne)	Kiwi fruit	2021	USD	4474.600000	A
PP	Japan	Producer Price (USD/tonne)	Kiwi fruit	2022	USD	4353.700000	A
PP	Japan	Producer Price (USD/tonne)	Kiwi fruit	2023	USD	3596.500000	A
PP	Japan	Producer Price (USD/tonne)	Kiwi fruit	2024	USD	3774.900000	A
PP	Japan	Producer Price (USD/tonne)	Leeks and other alliaceous vegetables	2017	USD	2943.800000	A
PP	Japan	Producer Price (USD/tonne)	Leeks and other alliaceous vegetables	2018	USD	3387.000000	A
PP	Japan	Producer Price (USD/tonne)	Leeks and other alliaceous vegetables	2019	USD	2726.400000	A
PP	Japan	Producer Price (USD/tonne)	Leeks and other alliaceous vegetables	2020	USD	2813.400000	A
PP	Japan	Producer Price (USD/tonne)	Leeks and other alliaceous vegetables	2021	USD	2919.200000	A
PP	Japan	Producer Price (USD/tonne)	Leeks and other alliaceous vegetables	2022	USD	2390.900000	A
PP	Japan	Producer Price (USD/tonne)	Leeks and other alliaceous vegetables	2023	USD	2482.700000	A
PP	Japan	Producer Price (USD/tonne)	Leeks and other alliaceous vegetables	2024	USD	2441.800000	A
PP	Japan	Producer Price (USD/tonne)	Lettuce and chicory	2017	USD	1238.300000	A
PP	Japan	Producer Price (USD/tonne)	Lettuce and chicory	2018	USD	1223.500000	A
PP	Japan	Producer Price (USD/tonne)	Lettuce and chicory	2019	USD	1075.100000	A
PP	Japan	Producer Price (USD/tonne)	Lettuce and chicory	2020	USD	1103.300000	A
PP	Japan	Producer Price (USD/tonne)	Lettuce and chicory	2021	USD	970.300000	A
PP	Japan	Producer Price (USD/tonne)	Lettuce and chicory	2022	USD	936.900000	A
PP	Japan	Producer Price (USD/tonne)	Lettuce and chicory	2023	USD	912.500000	A
PP	Japan	Producer Price (USD/tonne)	Lettuce and chicory	2024	USD	1053.100000	A
PP	Japan	Producer Price (USD/tonne)	Mangoes, guavas and mangosteens	2017	USD	23193.300000	A
PP	Japan	Producer Price (USD/tonne)	Mangoes, guavas and mangosteens	2018	USD	24492.100000	A
PP	Japan	Producer Price (USD/tonne)	Mangoes, guavas and mangosteens	2019	USD	22612.700000	A
PP	Japan	Producer Price (USD/tonne)	Mangoes, guavas and mangosteens	2020	USD	23582.400000	A
PP	Japan	Producer Price (USD/tonne)	Mangoes, guavas and mangosteens	2021	USD	27561.600000	A
PP	Japan	Producer Price (USD/tonne)	Mangoes, guavas and mangosteens	2022	USD	26970.000000	A
PP	Japan	Producer Price (USD/tonne)	Mangoes, guavas and mangosteens	2023	USD	24311.100000	A
PP	Japan	Producer Price (USD/tonne)	Mangoes, guavas and mangosteens	2024	USD	23634.700000	A
PP	Japan	Producer Price (USD/tonne)	Meat of cattle with the bone, fresh or chilled (biological)	2017	USD	15173.900000	A
PP	Japan	Producer Price (USD/tonne)	Meat of cattle with the bone, fresh or chilled (biological)	2018	USD	15531.200000	A
PP	Japan	Producer Price (USD/tonne)	Meat of cattle with the bone, fresh or chilled (biological)	2019	USD	15558.300000	A
PP	Japan	Producer Price (USD/tonne)	Meat of cattle with the bone, fresh or chilled (biological)	2020	USD	14273.100000	A
PP	Japan	Producer Price (USD/tonne)	Meat of cattle with the bone, fresh or chilled (biological)	2021	USD	15744.300000	A
PP	Japan	Producer Price (USD/tonne)	Meat of cattle with the bone, fresh or chilled (biological)	2022	USD	12517.300000	A
PP	Japan	Producer Price (USD/tonne)	Meat of cattle with the bone, fresh or chilled (biological)	2023	USD	11374.400000	A
PP	Japan	Producer Price (USD/tonne)	Meat of cattle with the bone, fresh or chilled (biological)	2024	USD	10755.400000	A
PP	Japan	Producer Price (USD/tonne)	Meat of chickens, fresh or chilled (biological)	2017	USD	2036.300000	A
PP	Japan	Producer Price (USD/tonne)	Meat of chickens, fresh or chilled (biological)	2018	USD	2039.400000	A
PP	Japan	Producer Price (USD/tonne)	Meat of chickens, fresh or chilled (biological)	2019	USD	1663.200000	A
PP	Japan	Producer Price (USD/tonne)	Meat of chickens, fresh or chilled (biological)	2020	USD	1753.200000	A
PP	Japan	Producer Price (USD/tonne)	Meat of chickens, fresh or chilled (biological)	2021	USD	1735.700000	A
PP	Japan	Producer Price (USD/tonne)	Meat of chickens, fresh or chilled (biological)	2022	USD	1477.600000	A
PP	Japan	Producer Price (USD/tonne)	Meat of chickens, fresh or chilled (biological)	2023	USD	1463.400000	A
PP	Japan	Producer Price (USD/tonne)	Meat of chickens, fresh or chilled (biological)	2024	USD	1325.300000	A
PP	Japan	Producer Price (USD/tonne)	Meat of pig with the bone, fresh or chilled (biological)	2017	USD	3479.700000	A
PP	Japan	Producer Price (USD/tonne)	Meat of pig with the bone, fresh or chilled (biological)	2018	USD	3120.700000	A
PP	Japan	Producer Price (USD/tonne)	Meat of pig with the bone, fresh or chilled (biological)	2019	USD	3216.200000	A
PP	Japan	Producer Price (USD/tonne)	Meat of pig with the bone, fresh or chilled (biological)	2020	USD	3645.100000	A
PP	Japan	Producer Price (USD/tonne)	Meat of pig with the bone, fresh or chilled (biological)	2021	USD	3459.500000	A
PP	Japan	Producer Price (USD/tonne)	Meat of pig with the bone, fresh or chilled (biological)	2022	USD	3155.200000	A
PP	Japan	Producer Price (USD/tonne)	Meat of pig with the bone, fresh or chilled (biological)	2023	USD	3092.700000	A
PP	Japan	Producer Price (USD/tonne)	Meat of pig with the bone, fresh or chilled (biological)	2024	USD	3046.900000	A
PP	Japan	Producer Price (USD/tonne)	Onions and shallots, green	2017	USD	734.600000	A
PP	Japan	Producer Price (USD/tonne)	Onions and shallots, green	2018	USD	888.400000	A
PP	Japan	Producer Price (USD/tonne)	Onions and shallots, green	2019	USD	860.500000	A
PP	Japan	Producer Price (USD/tonne)	Onions and shallots, green	2020	USD	698.700000	A
PP	Japan	Producer Price (USD/tonne)	Onions and shallots, green	2021	USD	994.900000	A
PP	Japan	Producer Price (USD/tonne)	Onions and shallots, green	2022	USD	1325.500000	A
PP	Japan	Producer Price (USD/tonne)	Onions and shallots, green	2023	USD	970.900000	A
PP	Japan	Producer Price (USD/tonne)	Onions and shallots, green	2024	USD	1009.500000	A
PP	Japan	Producer Price (USD/tonne)	Oranges	2017	USD	1105.500000	A
PP	Japan	Producer Price (USD/tonne)	Oranges	2018	USD	1142.000000	A
PP	Japan	Producer Price (USD/tonne)	Oranges	2019	USD	1090.700000	A
PP	Japan	Producer Price (USD/tonne)	Oranges	2020	USD	1129.500000	A
PP	Japan	Producer Price (USD/tonne)	Oranges	2021	USD	1249.200000	A
PP	Japan	Producer Price (USD/tonne)	Oranges	2022	USD	906.500000	A
PP	Japan	Producer Price (USD/tonne)	Oranges	2023	USD	912.500000	A
PP	Japan	Producer Price (USD/tonne)	Oranges	2024	USD	859.500000	A
PP	Japan	Producer Price (USD/tonne)	Other beans, green	2017	USD	5610.400000	A
PP	Japan	Producer Price (USD/tonne)	Other beans, green	2018	USD	6159.000000	A
PP	Japan	Producer Price (USD/tonne)	Other beans, green	2019	USD	5773.800000	A
PP	Japan	Producer Price (USD/tonne)	Other beans, green	2020	USD	6592.400000	A
PP	Japan	Producer Price (USD/tonne)	Other beans, green	2021	USD	6165.600000	A
PP	Japan	Producer Price (USD/tonne)	Other beans, green	2022	USD	5225.900000	A
PP	Japan	Producer Price (USD/tonne)	Other beans, green	2023	USD	5404.600000	A
PP	Japan	Producer Price (USD/tonne)	Other beans, green	2024	USD	5523.700000	A
PP	Japan	Producer Price (USD/tonne)	Peaches and nectarines	2017	USD	3979.800000	A
PP	Japan	Producer Price (USD/tonne)	Peaches and nectarines	2018	USD	4564.300000	A
PP	Japan	Producer Price (USD/tonne)	Peaches and nectarines	2019	USD	5050.900000	A
PP	Japan	Producer Price (USD/tonne)	Peaches and nectarines	2020	USD	6775.000000	A
PP	Japan	Producer Price (USD/tonne)	Peaches and nectarines	2021	USD	6332.300000	A
PP	Japan	Producer Price (USD/tonne)	Peaches and nectarines	2022	USD	4952.200000	A
PP	Japan	Producer Price (USD/tonne)	Peaches and nectarines	2023	USD	4760.400000	A
PP	Japan	Producer Price (USD/tonne)	Peaches and nectarines	2024	USD	4820.100000	A
PP	Japan	Producer Price (USD/tonne)	Pears	2017	USD	3005.400000	A
PP	Japan	Producer Price (USD/tonne)	Pears	2018	USD	3202.200000	A
PP	Japan	Producer Price (USD/tonne)	Pears	2019	USD	3454.700000	A
PP	Japan	Producer Price (USD/tonne)	Pears	2020	USD	4887.900000	A
PP	Japan	Producer Price (USD/tonne)	Pears	2021	USD	4343.300000	A
PP	Japan	Producer Price (USD/tonne)	Pears	2022	USD	2708.000000	A
PP	Japan	Producer Price (USD/tonne)	Pears	2023	USD	2751.100000	A
PP	Japan	Producer Price (USD/tonne)	Pears	2024	USD	2799.200000	A
PP	Japan	Producer Price (USD/tonne)	Peas, green	2017	USD	11500.800000	A
PP	Japan	Producer Price (USD/tonne)	Peas, green	2018	USD	11102.700000	A
PP	Japan	Producer Price (USD/tonne)	Peas, green	2019	USD	10017.500000	A
PP	Japan	Producer Price (USD/tonne)	Peas, green	2020	USD	9412.400000	A
PP	Japan	Producer Price (USD/tonne)	Peas, green	2021	USD	10541.700000	A
PP	Japan	Producer Price (USD/tonne)	Peas, green	2022	USD	9292.900000	A
PP	Japan	Producer Price (USD/tonne)	Peas, green	2023	USD	10662.600000	A
PP	Japan	Producer Price (USD/tonne)	Peas, green	2024	USD	10160.800000	A
PP	Japan	Producer Price (USD/tonne)	Persimmons	2017	USD	2024.700000	A
PP	Japan	Producer Price (USD/tonne)	Persimmons	2018	USD	2092.900000	A
PP	Japan	Producer Price (USD/tonne)	Persimmons	2019	USD	2042.000000	A
PP	Japan	Producer Price (USD/tonne)	Persimmons	2020	USD	2136.300000	A
PP	Japan	Producer Price (USD/tonne)	Persimmons	2021	USD	2191.300000	A
PP	Japan	Producer Price (USD/tonne)	Persimmons	2022	USD	1641.800000	A
PP	Japan	Producer Price (USD/tonne)	Persimmons	2023	USD	2171.700000	A
PP	Japan	Producer Price (USD/tonne)	Persimmons	2024	USD	2601.600000	A
PP	Japan	Producer Price (USD/tonne)	Pineapples	2017	USD	1332.800000	A
PP	Japan	Producer Price (USD/tonne)	Pineapples	2018	USD	1368.400000	A
PP	Japan	Producer Price (USD/tonne)	Pineapples	2019	USD	1417.300000	A
PP	Japan	Producer Price (USD/tonne)	Pineapples	2020	USD	1447.000000	A
PP	Japan	Producer Price (USD/tonne)	Pineapples	2021	USD	1394.000000	A
PP	Japan	Producer Price (USD/tonne)	Pineapples	2022	USD	1180.200000	A
PP	Japan	Producer Price (USD/tonne)	Pineapples	2023	USD	1133.200000	A
PP	Japan	Producer Price (USD/tonne)	Pineapples	2024	USD	936.800000	A
PP	Japan	Producer Price (USD/tonne)	Plums and sloes	2017	USD	4701.300000	A
PP	Japan	Producer Price (USD/tonne)	Plums and sloes	2018	USD	4696.200000	A
PP	Japan	Producer Price (USD/tonne)	Plums and sloes	2019	USD	5283.000000	A
PP	Japan	Producer Price (USD/tonne)	Plums and sloes	2020	USD	5922.000000	A
PP	Japan	Producer Price (USD/tonne)	Plums and sloes	2021	USD	5714.100000	A
PP	Japan	Producer Price (USD/tonne)	Plums and sloes	2022	USD	4640.200000	A
PP	Japan	Producer Price (USD/tonne)	Plums and sloes	2023	USD	4480.500000	A
PP	Japan	Producer Price (USD/tonne)	Plums and sloes	2024	USD	4683.500000	A
PP	Japan	Producer Price (USD/tonne)	Potatoes	2017	USD	1009.200000	A
PP	Japan	Producer Price (USD/tonne)	Potatoes	2018	USD	775.200000	A
PP	Japan	Producer Price (USD/tonne)	Potatoes	2019	USD	801.800000	A
PP	Japan	Producer Price (USD/tonne)	Potatoes	2020	USD	1254.000000	A
PP	Japan	Producer Price (USD/tonne)	Potatoes	2021	USD	1531.600000	A
PP	Japan	Producer Price (USD/tonne)	Potatoes	2022	USD	1016.000000	A
PP	Japan	Producer Price (USD/tonne)	Potatoes	2023	USD	898.300000	A
PP	Japan	Producer Price (USD/tonne)	Potatoes	2024	USD	918.300000	A
PP	Japan	Producer Price (USD/tonne)	Pumpkins, squash and gourds	2017	USD	1366.700000	A
PP	Japan	Producer Price (USD/tonne)	Pumpkins, squash and gourds	2018	USD	1948.900000	A
PP	Japan	Producer Price (USD/tonne)	Pumpkins, squash and gourds	2019	USD	1454.000000	A
PP	Japan	Producer Price (USD/tonne)	Pumpkins, squash and gourds	2020	USD	1756.000000	A
PP	Japan	Producer Price (USD/tonne)	Pumpkins, squash and gourds	2021	USD	1547.100000	A
PP	Japan	Producer Price (USD/tonne)	Pumpkins, squash and gourds	2022	USD	1295.800000	A
PP	Japan	Producer Price (USD/tonne)	Pumpkins, squash and gourds	2023	USD	1523.900000	A
PP	Japan	Producer Price (USD/tonne)	Pumpkins, squash and gourds	2024	USD	1449.500000	A
PP	Japan	Producer Price (USD/tonne)	Raw milk of cattle	2017	USD	912.900000	A
PP	Japan	Producer Price (USD/tonne)	Raw milk of cattle	2018	USD	933.700000	A
PP	Japan	Producer Price (USD/tonne)	Raw milk of cattle	2019	USD	963.200000	A
PP	Japan	Producer Price (USD/tonne)	Raw milk of cattle	2020	USD	976.800000	A
PP	Japan	Producer Price (USD/tonne)	Raw milk of cattle	2021	USD	944.800000	A
PP	Japan	Producer Price (USD/tonne)	Raw milk of cattle	2022	USD	792.400000	A
PP	Japan	Producer Price (USD/tonne)	Raw milk of cattle	2023	USD	816.400000	A
PP	Japan	Producer Price (USD/tonne)	Raw milk of cattle	2024	USD	807.300000	A
PP	Japan	Producer Price (USD/tonne)	Rice	2017	USD	2014.900000	A
PP	Japan	Producer Price (USD/tonne)	Rice	2018	USD	2184.000000	A
PP	Japan	Producer Price (USD/tonne)	Rice	2019	USD	2220.000000	A
PP	Japan	Producer Price (USD/tonne)	Rice	2020	USD	2225.900000	A
PP	Japan	Producer Price (USD/tonne)	Rice	2021	USD	1849.600000	A
PP	Japan	Producer Price (USD/tonne)	Rice	2022	USD	1413.200000	A
PP	Japan	Producer Price (USD/tonne)	Rice	2023	USD	1434.300000	A
PP	Japan	Producer Price (USD/tonne)	Rice	2024	USD	1693.500000	A
PP	Japan	Producer Price (USD/tonne)	Soya beans	2017	USD	1125.900000	A
PP	Japan	Producer Price (USD/tonne)	Soya beans	2018	USD	1042.500000	A
PP	Japan	Producer Price (USD/tonne)	Soya beans	2019	USD	1182.300000	A
PP	Japan	Producer Price (USD/tonne)	Soya beans	2020	USD	1381.600000	A
PP	Japan	Producer Price (USD/tonne)	Soya beans	2021	USD	1332.700000	A
PP	Japan	Producer Price (USD/tonne)	Soya beans	2022	USD	1155.300000	A
PP	Japan	Producer Price (USD/tonne)	Soya beans	2023	USD	1056.500000	A
PP	Japan	Producer Price (USD/tonne)	Soya beans	2024	USD	837.500000	A
PP	Japan	Producer Price (USD/tonne)	Spinach	2017	USD	4405.100000	A
PP	Japan	Producer Price (USD/tonne)	Spinach	2018	USD	4465.500000	A
PP	Japan	Producer Price (USD/tonne)	Spinach	2019	USD	4200.500000	A
PP	Japan	Producer Price (USD/tonne)	Spinach	2020	USD	4332.500000	A
PP	Japan	Producer Price (USD/tonne)	Spinach	2021	USD	3795.800000	A
PP	Japan	Producer Price (USD/tonne)	Spinach	2022	USD	3452.500000	A
PP	Japan	Producer Price (USD/tonne)	Spinach	2023	USD	3415.900000	A
PP	Japan	Producer Price (USD/tonne)	Spinach	2024	USD	3465.100000	A
PP	Japan	Producer Price (USD/tonne)	Strawberries	2017	USD	10208.100000	A
PP	Japan	Producer Price (USD/tonne)	Strawberries	2018	USD	10188.100000	A
PP	Japan	Producer Price (USD/tonne)	Strawberries	2019	USD	10925.600000	A
PP	Japan	Producer Price (USD/tonne)	Strawberries	2020	USD	11594.500000	A
PP	Japan	Producer Price (USD/tonne)	Strawberries	2021	USD	10842.400000	A
PP	Japan	Producer Price (USD/tonne)	Strawberries	2022	USD	9696.000000	A
PP	Japan	Producer Price (USD/tonne)	Strawberries	2023	USD	9708.800000	A
PP	Japan	Producer Price (USD/tonne)	Strawberries	2024	USD	9632.300000	A
PP	Japan	Producer Price (USD/tonne)	String beans	2017	USD	7491.600000	A
PP	Japan	Producer Price (USD/tonne)	String beans	2018	USD	7762.000000	A
PP	Japan	Producer Price (USD/tonne)	String beans	2019	USD	7644.300000	A
PP	Japan	Producer Price (USD/tonne)	String beans	2020	USD	7872.700000	A
PP	Japan	Producer Price (USD/tonne)	String beans	2021	USD	7906.700000	A
PP	Japan	Producer Price (USD/tonne)	String beans	2022	USD	6664.700000	A
PP	Japan	Producer Price (USD/tonne)	String beans	2023	USD	6741.400000	A
PP	Japan	Producer Price (USD/tonne)	String beans	2024	USD	6672.600000	A
PP	Japan	Producer Price (USD/tonne)	Sugar beet	2017	USD	103.200000	A
PP	Japan	Producer Price (USD/tonne)	Sugar beet	2018	USD	99.700000	A
PP	Japan	Producer Price (USD/tonne)	Sugar beet	2019	USD	98.600000	A
PP	Japan	Producer Price (USD/tonne)	Sugar beet	2020	USD	99.100000	A
PP	Japan	Producer Price (USD/tonne)	Sugar beet	2021	USD	103.000000	A
PP	Japan	Producer Price (USD/tonne)	Sugar beet	2022	USD	98.100000	A
PP	Japan	Producer Price (USD/tonne)	Sugar beet	2023	USD	91.900000	A
PP	Japan	Producer Price (USD/tonne)	Sugar beet	2024	USD	100.300000	A
PP	Japan	Producer Price (USD/tonne)	Sugar cane	2017	USD	197.800000	A
PP	Japan	Producer Price (USD/tonne)	Sugar cane	2018	USD	191.300000	A
PP	Japan	Producer Price (USD/tonne)	Sugar cane	2019	USD	196.000000	A
PP	Japan	Producer Price (USD/tonne)	Sugar cane	2020	USD	202.700000	A
PP	Japan	Producer Price (USD/tonne)	Sugar cane	2021	USD	200.300000	A
PP	Japan	Producer Price (USD/tonne)	Sugar cane	2022	USD	173.900000	A
PP	Japan	Producer Price (USD/tonne)	Sugar cane	2023	USD	167.100000	A
PP	Japan	Producer Price (USD/tonne)	Sugar cane	2024	USD	162.200000	A
PP	Japan	Producer Price (USD/tonne)	Sweet potatoes	2017	USD	1807.100000	A
PP	Japan	Producer Price (USD/tonne)	Sweet potatoes	2018	USD	1934.400000	A
PP	Japan	Producer Price (USD/tonne)	Sweet potatoes	2019	USD	2192.500000	A
PP	Japan	Producer Price (USD/tonne)	Sweet potatoes	2020	USD	2300.200000	A
PP	Japan	Producer Price (USD/tonne)	Sweet potatoes	2021	USD	2457.300000	A
PP	Japan	Producer Price (USD/tonne)	Sweet potatoes	2022	USD	2124.000000	A
PP	Japan	Producer Price (USD/tonne)	Sweet potatoes	2023	USD	1851.400000	A
PP	Japan	Producer Price (USD/tonne)	Sweet potatoes	2024	USD	1697.900000	A
PP	Japan	Producer Price (USD/tonne)	Tangerines, mandarins, clementines	2017	USD	2384.000000	A
PP	Japan	Producer Price (USD/tonne)	Tangerines, mandarins, clementines	2018	USD	2659.800000	A
PP	Japan	Producer Price (USD/tonne)	Tangerines, mandarins, clementines	2019	USD	2369.500000	A
PP	Japan	Producer Price (USD/tonne)	Tangerines, mandarins, clementines	2020	USD	2461.300000	A
PP	Japan	Producer Price (USD/tonne)	Tangerines, mandarins, clementines	2021	USD	2376.200000	A
PP	Japan	Producer Price (USD/tonne)	Tangerines, mandarins, clementines	2022	USD	2166.600000	A
PP	Japan	Producer Price (USD/tonne)	Tangerines, mandarins, clementines	2023	USD	2109.700000	A
PP	Japan	Producer Price (USD/tonne)	Tangerines, mandarins, clementines	2024	USD	2377.700000	A
PP	Japan	Producer Price (USD/tonne)	Taro	2017	USD	2815.500000	A
PP	Japan	Producer Price (USD/tonne)	Taro	2018	USD	2931.400000	A
PP	Japan	Producer Price (USD/tonne)	Taro	2019	USD	3002.500000	A
PP	Japan	Producer Price (USD/tonne)	Taro	2020	USD	2798.400000	A
PP	Japan	Producer Price (USD/tonne)	Taro	2021	USD	2779.800000	A
PP	Japan	Producer Price (USD/tonne)	Taro	2022	USD	2436.500000	A
PP	Japan	Producer Price (USD/tonne)	Taro	2023	USD	2393.000000	A
PP	Japan	Producer Price (USD/tonne)	Taro	2024	USD	2730.500000	A
PP	Japan	Producer Price (USD/tonne)	Tea leaves	2017	USD	16529.100000	A
PP	Japan	Producer Price (USD/tonne)	Tea leaves	2018	USD	14453.500000	A
PP	Japan	Producer Price (USD/tonne)	Tea leaves	2019	USD	13980.400000	A
PP	Japan	Producer Price (USD/tonne)	Tea leaves	2020	USD	12390.600000	A
PP	Japan	Producer Price (USD/tonne)	Tea leaves	2021	USD	14960.700000	A
PP	Japan	Producer Price (USD/tonne)	Tea leaves	2022	USD	12319.600000	A
PP	Japan	Producer Price (USD/tonne)	Tea leaves	2023	USD	11047.000000	A
PP	Japan	Producer Price (USD/tonne)	Tea leaves	2024	USD	9830.500000	A
PP	Japan	Producer Price (USD/tonne)	Tomatoes	2017	USD	2489.600000	A
PP	Japan	Producer Price (USD/tonne)	Tomatoes	2018	USD	2562.900000	A
PP	Japan	Producer Price (USD/tonne)	Tomatoes	2019	USD	2336.900000	A
PP	Japan	Producer Price (USD/tonne)	Tomatoes	2020	USD	2718.300000	A
PP	Japan	Producer Price (USD/tonne)	Tomatoes	2021	USD	2414.500000	A
PP	Japan	Producer Price (USD/tonne)	Tomatoes	2022	USD	2182.500000	A
PP	Japan	Producer Price (USD/tonne)	Tomatoes	2023	USD	2308.000000	A
PP	Japan	Producer Price (USD/tonne)	Tomatoes	2024	USD	2394.900000	A
PP	Japan	Producer Price (USD/tonne)	Unmanufactured tobacco	2017	USD	19506.800000	A
PP	Japan	Producer Price (USD/tonne)	Unmanufactured tobacco	2018	USD	20339.900000	A
PP	Japan	Producer Price (USD/tonne)	Unmanufactured tobacco	2019	USD	21034.800000	A
PP	Japan	Producer Price (USD/tonne)	Unmanufactured tobacco	2020	USD	21896.600000	A
PP	Japan	Producer Price (USD/tonne)	Unmanufactured tobacco	2021	USD	21402.300000	A
PP	Japan	Producer Price (USD/tonne)	Unmanufactured tobacco	2022	USD	17878.600000	A
PP	Japan	Producer Price (USD/tonne)	Unmanufactured tobacco	2023	USD	16734.200000	A
PP	Japan	Producer Price (USD/tonne)	Unmanufactured tobacco	2024	USD	15545.100000	A
PP	Japan	Producer Price (USD/tonne)	Watermelons	2017	USD	1617.200000	A
PP	Japan	Producer Price (USD/tonne)	Watermelons	2018	USD	1650.900000	A
PP	Japan	Producer Price (USD/tonne)	Watermelons	2019	USD	1509.000000	A
PP	Japan	Producer Price (USD/tonne)	Watermelons	2020	USD	1798.200000	A
PP	Japan	Producer Price (USD/tonne)	Watermelons	2021	USD	1785.800000	A
PP	Japan	Producer Price (USD/tonne)	Watermelons	2022	USD	1688.200000	A
PP	Japan	Producer Price (USD/tonne)	Watermelons	2023	USD	1574.500000	A
PP	Japan	Producer Price (USD/tonne)	Watermelons	2024	USD	1707.800000	A
PP	Japan	Producer Price (USD/tonne)	Wheat	2017	USD	286.300000	A
PP	Japan	Producer Price (USD/tonne)	Wheat	2018	USD	379.300000	A
PP	Japan	Producer Price (USD/tonne)	Wheat	2019	USD	375.700000	A
PP	Japan	Producer Price (USD/tonne)	Wheat	2020	USD	389.000000	A
PP	Japan	Producer Price (USD/tonne)	Wheat	2021	USD	410.500000	A
PP	Japan	Producer Price (USD/tonne)	Wheat	2022	USD	388.500000	A
PP	Japan	Producer Price (USD/tonne)	Wheat	2023	USD	331.200000	A
PP	Japan	Producer Price (USD/tonne)	Wheat	2024	USD	287.500000	A
PP	Japan	Producer Price (USD/tonne)	Yams	2017	USD	2977.700000	A
PP	Japan	Producer Price (USD/tonne)	Yams	2018	USD	2269.500000	A
PP	Japan	Producer Price (USD/tonne)	Yams	2019	USD	2046.600000	A
PP	Japan	Producer Price (USD/tonne)	Yams	2020	USD	2008.900000	A
PP	Japan	Producer Price (USD/tonne)	Yams	2021	USD	1827.700000	A
PP	Japan	Producer Price (USD/tonne)	Yams	2022	USD	1525.500000	A
PP	Japan	Producer Price (USD/tonne)	Yams	2023	USD	2210.100000	A
PP	Japan	Producer Price (USD/tonne)	Yams	2024	USD	1865.700000	A
PP	Malaysia	Producer Price (USD/tonne)	Bananas	2017	USD	377.900000	A
PP	Malaysia	Producer Price (USD/tonne)	Bananas	2018	USD	359.300000	A
PP	Malaysia	Producer Price (USD/tonne)	Bananas	2019	USD	543.200000	A
PP	Malaysia	Producer Price (USD/tonne)	Bananas	2020	USD	535.300000	A
PP	Malaysia	Producer Price (USD/tonne)	Bananas	2021	USD	531.000000	A
PP	Malaysia	Producer Price (USD/tonne)	Bananas	2022	USD	499.900000	A
PP	Malaysia	Producer Price (USD/tonne)	Bananas cavendish	2017	USD	512.000000	A
PP	Malaysia	Producer Price (USD/tonne)	Bananas cavendish	2018	USD	632.000000	A
PP	Malaysia	Producer Price (USD/tonne)	Bananas cavendish	2019	USD	604.000000	A
PP	Malaysia	Producer Price (USD/tonne)	Bananas cavendish	2020	USD	607.000000	A
PP	Malaysia	Producer Price (USD/tonne)	Bananas cavendish	2021	USD	615.000000	A
PP	Malaysia	Producer Price (USD/tonne)	Bananas cavendish	2022	USD	534.000000	A
PP	Malaysia	Producer Price (USD/tonne)	Cabbages	2017	USD	381.400000	A
PP	Malaysia	Producer Price (USD/tonne)	Cabbages	2018	USD	359.300000	A
PP	Malaysia	Producer Price (USD/tonne)	Cabbages	2019	USD	350.000000	A
PP	Malaysia	Producer Price (USD/tonne)	Cabbages	2020	USD	440.100000	A
PP	Malaysia	Producer Price (USD/tonne)	Cabbages	2021	USD	518.900000	A
PP	Malaysia	Producer Price (USD/tonne)	Cabbages	2022	USD	511.200000	A
PP	Malaysia	Producer Price (USD/tonne)	Cassava, fresh	2017	USD	305.800000	A
PP	Malaysia	Producer Price (USD/tonne)	Cassava, fresh	2018	USD	223.000000	A
PP	Malaysia	Producer Price (USD/tonne)	Cassava, fresh	2019	USD	265.500000	A
PP	Malaysia	Producer Price (USD/tonne)	Cassava, fresh	2020	USD	273.600000	A
PP	Malaysia	Producer Price (USD/tonne)	Cassava, fresh	2021	USD	277.600000	A
PP	Malaysia	Producer Price (USD/tonne)	Cassava, fresh	2022	USD	272.700000	A
PP	Malaysia	Producer Price (USD/tonne)	Chillies and peppers, green (Capsicum spp. and Pimenta spp.)	2017	USD	1397.500000	A
PP	Malaysia	Producer Price (USD/tonne)	Chillies and peppers, green (Capsicum spp. and Pimenta spp.)	2018	USD	1462.200000	A
PP	Malaysia	Producer Price (USD/tonne)	Chillies and peppers, green (Capsicum spp. and Pimenta spp.)	2019	USD	1943.300000	A
PP	Malaysia	Producer Price (USD/tonne)	Chillies and peppers, green (Capsicum spp. and Pimenta spp.)	2020	USD	1974.600000	A
PP	Malaysia	Producer Price (USD/tonne)	Chillies and peppers, green (Capsicum spp. and Pimenta spp.)	2021	USD	1942.900000	A
PP	Malaysia	Producer Price (USD/tonne)	Chillies and peppers, green (Capsicum spp. and Pimenta spp.)	2022	USD	1920.000000	A
PP	Malaysia	Producer Price (USD/tonne)	Cocoa beans	2017	USD	1436.600000	A
PP	Malaysia	Producer Price (USD/tonne)	Cocoa beans	2018	USD	1525.600000	A
PP	Malaysia	Producer Price (USD/tonne)	Cocoa beans	2019	USD	1719.300000	A
PP	Malaysia	Producer Price (USD/tonne)	Cocoa beans	2020	USD	1750.900000	A
PP	Malaysia	Producer Price (USD/tonne)	Cocoa beans	2021	USD	1692.600000	A
PP	Malaysia	Producer Price (USD/tonne)	Cocoa beans	2022	USD	1661.900000	A
PP	Malaysia	Producer Price (USD/tonne)	Cocoa beans	2023	USD	2208.700000	A
PP	Malaysia	Producer Price (USD/tonne)	Cocoa beans	2024	USD	5304.100000	A
PP	Malaysia	Producer Price (USD/tonne)	Coconuts, in shell	2017	USD	281.400000	A
PP	Malaysia	Producer Price (USD/tonne)	Coconuts, in shell	2018	USD	297.400000	A
PP	Malaysia	Producer Price (USD/tonne)	Coconuts, in shell	2019	USD	289.700000	A
PP	Malaysia	Producer Price (USD/tonne)	Coconuts, in shell	2020	USD	297.400000	A
PP	Malaysia	Producer Price (USD/tonne)	Cucumbers and gherkins	2017	USD	295.300000	A
PP	Malaysia	Producer Price (USD/tonne)	Cucumbers and gherkins	2018	USD	309.800000	A
PP	Malaysia	Producer Price (USD/tonne)	Cucumbers and gherkins	2019	USD	301.800000	A
PP	Malaysia	Producer Price (USD/tonne)	Cucumbers and gherkins	2020	USD	309.300000	A
PP	Malaysia	Producer Price (USD/tonne)	Cucumbers and gherkins	2021	USD	337.900000	A
PP	Malaysia	Producer Price (USD/tonne)	Cucumbers and gherkins	2022	USD	352.200000	A
PP	Malaysia	Producer Price (USD/tonne)	Eggplants (aubergines)	2017	USD	579.000000	A
PP	Malaysia	Producer Price (USD/tonne)	Eggplants (aubergines)	2018	USD	706.300000	A
PP	Malaysia	Producer Price (USD/tonne)	Eggplants (aubergines)	2019	USD	579.400000	A
PP	Malaysia	Producer Price (USD/tonne)	Eggplants (aubergines)	2020	USD	642.300000	A
PP	Malaysia	Producer Price (USD/tonne)	Eggplants (aubergines)	2021	USD	724.100000	A
PP	Malaysia	Producer Price (USD/tonne)	Eggplants (aubergines)	2022	USD	795.300000	A
PP	Malaysia	Producer Price (USD/tonne)	Ginger, raw	2019	USD	1858.800000	A
PP	Malaysia	Producer Price (USD/tonne)	Ginger, raw	2020	USD	1903.200000	A
PP	Malaysia	Producer Price (USD/tonne)	Ginger, raw	2021	USD	1955.000000	A
PP	Malaysia	Producer Price (USD/tonne)	Ginger, raw	2022	USD	1715.500000	A
PP	Malaysia	Producer Price (USD/tonne)	Hen eggs in shell, fresh	2017	USD	1240.100000	A
PP	Malaysia	Producer Price (USD/tonne)	Hen eggs in shell, fresh	2018	USD	1404.400000	A
PP	Malaysia	Producer Price (USD/tonne)	Hen eggs in shell, fresh	2019	USD	1425.200000	A
PP	Malaysia	Producer Price (USD/tonne)	Hen eggs in shell, fresh	2020	USD	1229.100000	A
PP	Malaysia	Producer Price (USD/tonne)	Hen eggs in shell, fresh	2021	USD	1277.200000	A
PP	Malaysia	Producer Price (USD/tonne)	Hen eggs in shell, fresh	2022	USD	1352.100000	A
PP	Malaysia	Producer Price (USD/tonne)	Hen eggs in shell, fresh	2023	USD	1400.200000	A
PP	Malaysia	Producer Price (USD/tonne)	Hen eggs in shell, fresh	2024	USD	1219.000000	A
PP	Malaysia	Producer Price (USD/tonne)	Kenaf, and other textile bast fibres, raw or retted	2022	USD	473.500000	A
PP	Malaysia	Producer Price (USD/tonne)	Kenaf, and other textile bast fibres, raw or retted	2023	USD	1110.600000	A
PP	Malaysia	Producer Price (USD/tonne)	Kenaf, and other textile bast fibres, raw or retted	2024	USD	1228.100000	A
PP	Malaysia	Producer Price (USD/tonne)	Leeks and other alliaceous vegetables	2019	USD	724.200000	A
PP	Malaysia	Producer Price (USD/tonne)	Leeks and other alliaceous vegetables	2020	USD	785.100000	A
PP	Malaysia	Producer Price (USD/tonne)	Leeks and other alliaceous vegetables	2021	USD	893.000000	A
PP	Malaysia	Producer Price (USD/tonne)	Leeks and other alliaceous vegetables	2022	USD	1272.400000	A
PP	Malaysia	Producer Price (USD/tonne)	Lemons and limes	2017	USD	672.000000	A
PP	Malaysia	Producer Price (USD/tonne)	Lemons and limes	2018	USD	718.700000	A
PP	Malaysia	Producer Price (USD/tonne)	Lemons and limes	2019	USD	736.300000	A
PP	Malaysia	Producer Price (USD/tonne)	Lemons and limes	2020	USD	523.400000	A
PP	Malaysia	Producer Price (USD/tonne)	Lemons and limes	2021	USD	639.600000	A
PP	Malaysia	Producer Price (USD/tonne)	Lemons and limes	2022	USD	749.800000	A
PP	Malaysia	Producer Price (USD/tonne)	Lettuce and chicory	2019	USD	519.000000	A
PP	Malaysia	Producer Price (USD/tonne)	Lettuce and chicory	2020	USD	606.600000	A
PP	Malaysia	Producer Price (USD/tonne)	Lettuce and chicory	2021	USD	531.000000	A
PP	Malaysia	Producer Price (USD/tonne)	Lettuce and chicory	2022	USD	1817.700000	A
PP	Malaysia	Producer Price (USD/tonne)	Mangoes, guavas and mangosteens	2017	USD	959.200000	A
PP	Malaysia	Producer Price (USD/tonne)	Mangoes, guavas and mangosteens	2018	USD	1486.900000	A
PP	Malaysia	Producer Price (USD/tonne)	Mangoes, guavas and mangosteens	2019	USD	651.800000	A
PP	Malaysia	Producer Price (USD/tonne)	Mangoes, guavas and mangosteens	2020	USD	440.100000	A
PP	Malaysia	Producer Price (USD/tonne)	Mangoes, guavas and mangosteens	2021	USD	410.300000	A
PP	Malaysia	Producer Price (USD/tonne)	Mangoes, guavas and mangosteens	2022	USD	636.200000	A
PP	Malaysia	Producer Price (USD/tonne)	Meat of buffalo, fresh or chilled	2017	USD	4127.500000	A
PP	Malaysia	Producer Price (USD/tonne)	Meat of buffalo, fresh or chilled	2018	USD	6939.100000	A
PP	Malaysia	Producer Price (USD/tonne)	Meat of buffalo, fresh or chilled	2019	USD	8215.300000	A
PP	Malaysia	Producer Price (USD/tonne)	Meat of buffalo, fresh or chilled (biological)	2017	USD	2557.900000	A
PP	Malaysia	Producer Price (USD/tonne)	Meat of buffalo, fresh or chilled (biological)	2018	USD	3469.500000	A
PP	Malaysia	Producer Price (USD/tonne)	Meat of buffalo, fresh or chilled (biological)	2019	USD	4079.700000	A
PP	Malaysia	Producer Price (USD/tonne)	Meat of buffalo, fresh or chilled (biological)	2020	USD	4219.500000	A
PP	Malaysia	Producer Price (USD/tonne)	Meat of buffalo, fresh or chilled (biological)	2021	USD	4284.000000	A
PP	Malaysia	Producer Price (USD/tonne)	Meat of buffalo, fresh or chilled (biological)	2022	USD	3987.400000	A
PP	Malaysia	Producer Price (USD/tonne)	Meat of buffalo, fresh or chilled (biological)	2023	USD	4033.700000	A
PP	Malaysia	Producer Price (USD/tonne)	Meat of buffalo, fresh or chilled (biological)	2024	USD	4137.000000	A
PP	Malaysia	Producer Price (USD/tonne)	Meat of cattle with the bone, fresh or chilled	2017	USD	6511.000000	A
PP	Malaysia	Producer Price (USD/tonne)	Meat of cattle with the bone, fresh or chilled	2018	USD	7781.700000	A
PP	Malaysia	Producer Price (USD/tonne)	Meat of cattle with the bone, fresh or chilled	2019	USD	7834.400000	A
PP	Malaysia	Producer Price (USD/tonne)	Meat of cattle with the bone, fresh or chilled (biological)	2017	USD	2906.700000	A
PP	Malaysia	Producer Price (USD/tonne)	Meat of cattle with the bone, fresh or chilled (biological)	2018	USD	3717.400000	A
PP	Malaysia	Producer Price (USD/tonne)	Meat of cattle with the bone, fresh or chilled (biological)	2019	USD	3376.200000	A
PP	Malaysia	Producer Price (USD/tonne)	Meat of cattle with the bone, fresh or chilled (biological)	2020	USD	3822.000000	A
PP	Malaysia	Producer Price (USD/tonne)	Meat of cattle with the bone, fresh or chilled (biological)	2021	USD	4103.000000	A
PP	Malaysia	Producer Price (USD/tonne)	Meat of cattle with the bone, fresh or chilled (biological)	2022	USD	4036.400000	A
PP	Malaysia	Producer Price (USD/tonne)	Meat of cattle with the bone, fresh or chilled (biological)	2023	USD	4048.900000	A
PP	Malaysia	Producer Price (USD/tonne)	Meat of cattle with the bone, fresh or chilled (biological)	2024	USD	4091.000000	A
PP	Malaysia	Producer Price (USD/tonne)	Meat of chickens, fresh or chilled	2017	USD	2011.400000	A
PP	Malaysia	Producer Price (USD/tonne)	Meat of chickens, fresh or chilled	2018	USD	2218.000000	A
PP	Malaysia	Producer Price (USD/tonne)	Meat of chickens, fresh or chilled	2019	USD	1676.700000	A
PP	Malaysia	Producer Price (USD/tonne)	Meat of chickens, fresh or chilled	2022	USD	2747.200000	A
PP	Malaysia	Producer Price (USD/tonne)	Meat of chickens, fresh or chilled	2023	USD	2333.000000	A
PP	Malaysia	Producer Price (USD/tonne)	Meat of chickens, fresh or chilled	2024	USD	2689.400000	A
PP	Malaysia	Producer Price (USD/tonne)	Meat of chickens, fresh or chilled (biological)	2017	USD	1255.700000	A
PP	Malaysia	Producer Price (USD/tonne)	Meat of chickens, fresh or chilled (biological)	2018	USD	1313.500000	A
PP	Malaysia	Producer Price (USD/tonne)	Meat of chickens, fresh or chilled (biological)	2019	USD	1083.700000	A
PP	Malaysia	Producer Price (USD/tonne)	Meat of chickens, fresh or chilled (biological)	2020	USD	1189.500000	A
PP	Malaysia	Producer Price (USD/tonne)	Meat of chickens, fresh or chilled (biological)	2021	USD	1404.900000	A
PP	Malaysia	Producer Price (USD/tonne)	Meat of chickens, fresh or chilled (biological)	2022	USD	1387.200000	A
PP	Malaysia	Producer Price (USD/tonne)	Meat of chickens, fresh or chilled (biological)	2023	USD	1375.700000	A
PP	Malaysia	Producer Price (USD/tonne)	Meat of chickens, fresh or chilled (biological)	2024	USD	1318.600000	A
PP	Malaysia	Producer Price (USD/tonne)	Meat of ducks, fresh or chilled	2017	USD	2790.400000	A
PP	Malaysia	Producer Price (USD/tonne)	Meat of ducks, fresh or chilled	2018	USD	2750.800000	A
PP	Malaysia	Producer Price (USD/tonne)	Meat of ducks, fresh or chilled	2019	USD	2172.600000	A
PP	Malaysia	Producer Price (USD/tonne)	Meat of ducks, fresh or chilled (biological)	2017	USD	2092.800000	A
PP	Malaysia	Producer Price (USD/tonne)	Meat of ducks, fresh or chilled (biological)	2018	USD	1982.600000	A
PP	Malaysia	Producer Price (USD/tonne)	Meat of ducks, fresh or chilled (biological)	2019	USD	1046.100000	A
PP	Malaysia	Producer Price (USD/tonne)	Meat of ducks, fresh or chilled (biological)	2020	USD	1080.100000	A
PP	Malaysia	Producer Price (USD/tonne)	Meat of ducks, fresh or chilled (biological)	2021	USD	1872.600000	A
PP	Malaysia	Producer Price (USD/tonne)	Meat of ducks, fresh or chilled (biological)	2022	USD	2007.400000	A
PP	Malaysia	Producer Price (USD/tonne)	Meat of ducks, fresh or chilled (biological)	2023	USD	2535.900000	A
PP	Malaysia	Producer Price (USD/tonne)	Meat of ducks, fresh or chilled (biological)	2024	USD	2048.400000	A
PP	Malaysia	Producer Price (USD/tonne)	Meat of goat, fresh or chilled	2017	USD	8150.300000	A
PP	Malaysia	Producer Price (USD/tonne)	Meat of goat, fresh or chilled	2018	USD	8785.300000	A
PP	Malaysia	Producer Price (USD/tonne)	Meat of goat, fresh or chilled	2019	USD	10610.600000	A
PP	Malaysia	Producer Price (USD/tonne)	Meat of goat, fresh or chilled (biological)	2017	USD	5813.400000	A
PP	Malaysia	Producer Price (USD/tonne)	Meat of goat, fresh or chilled (biological)	2018	USD	6691.200000	A
PP	Malaysia	Producer Price (USD/tonne)	Meat of goat, fresh or chilled (biological)	2019	USD	6633.500000	A
PP	Malaysia	Producer Price (USD/tonne)	Meat of goat, fresh or chilled (biological)	2020	USD	5435.400000	A
PP	Malaysia	Producer Price (USD/tonne)	Meat of goat, fresh or chilled (biological)	2021	USD	6275.200000	A
PP	Malaysia	Producer Price (USD/tonne)	Meat of goat, fresh or chilled (biological)	2022	USD	6337.600000	A
PP	Malaysia	Producer Price (USD/tonne)	Meat of goat, fresh or chilled (biological)	2023	USD	6110.700000	A
PP	Malaysia	Producer Price (USD/tonne)	Meat of goat, fresh or chilled (biological)	2024	USD	6088.500000	A
PP	Malaysia	Producer Price (USD/tonne)	Meat of pig with the bone, fresh or chilled	2019	USD	4734.200000	A
PP	Malaysia	Producer Price (USD/tonne)	Meat of pig with the bone, fresh or chilled (biological)	2017	USD	1832.400000	A
PP	Malaysia	Producer Price (USD/tonne)	Meat of pig with the bone, fresh or chilled (biological)	2018	USD	1623.200000	A
PP	Malaysia	Producer Price (USD/tonne)	Meat of pig with the bone, fresh or chilled (biological)	2019	USD	1582.200000	A
PP	Malaysia	Producer Price (USD/tonne)	Meat of pig with the bone, fresh or chilled (biological)	2020	USD	1879.400000	A
PP	Malaysia	Producer Price (USD/tonne)	Meat of pig with the bone, fresh or chilled (biological)	2021	USD	1754.600000	A
PP	Malaysia	Producer Price (USD/tonne)	Meat of pig with the bone, fresh or chilled (biological)	2022	USD	2678.000000	A
PP	Malaysia	Producer Price (USD/tonne)	Meat of pig with the bone, fresh or chilled (biological)	2023	USD	3587.300000	A
PP	Malaysia	Producer Price (USD/tonne)	Meat of pig with the bone, fresh or chilled (biological)	2024	USD	3562.400000	A
PP	Malaysia	Producer Price (USD/tonne)	Meat of sheep, fresh or chilled	2017	USD	5208.800000	A
PP	Malaysia	Producer Price (USD/tonne)	Meat of sheep, fresh or chilled	2018	USD	5811.500000	A
PP	Malaysia	Producer Price (USD/tonne)	Meat of sheep, fresh or chilled	2019	USD	10610.600000	A
PP	Malaysia	Producer Price (USD/tonne)	Meat of sheep, fresh or chilled (biological)	2017	USD	5115.800000	A
PP	Malaysia	Producer Price (USD/tonne)	Meat of sheep, fresh or chilled (biological)	2018	USD	5947.800000	A
PP	Malaysia	Producer Price (USD/tonne)	Meat of sheep, fresh or chilled (biological)	2019	USD	6386.500000	A
PP	Malaysia	Producer Price (USD/tonne)	Meat of sheep, fresh or chilled (biological)	2020	USD	6135.000000	A
PP	Malaysia	Producer Price (USD/tonne)	Meat of sheep, fresh or chilled (biological)	2021	USD	6255.100000	A
PP	Malaysia	Producer Price (USD/tonne)	Meat of sheep, fresh or chilled (biological)	2022	USD	6224.000000	A
PP	Malaysia	Producer Price (USD/tonne)	Meat of sheep, fresh or chilled (biological)	2023	USD	6075.600000	A
PP	Malaysia	Producer Price (USD/tonne)	Meat of sheep, fresh or chilled (biological)	2024	USD	6160.600000	A
PP	Malaysia	Producer Price (USD/tonne)	Natural rubber in primary forms	2017	USD	1636.400000	A
PP	Malaysia	Producer Price (USD/tonne)	Natural rubber in primary forms	2018	USD	1347.100000	A
PP	Malaysia	Producer Price (USD/tonne)	Natural rubber in primary forms	2019	USD	526.900000	A
PP	Malaysia	Producer Price (USD/tonne)	Natural rubber in primary forms	2020	USD	484.100000	A
PP	Malaysia	Producer Price (USD/tonne)	Natural rubber in primary forms	2021	USD	669.900000	A
PP	Malaysia	Producer Price (USD/tonne)	Natural rubber in primary forms	2022	USD	613.100000	A
PP	Malaysia	Producer Price (USD/tonne)	Oil palm fruit	2017	USD	140.900000	A
PP	Malaysia	Producer Price (USD/tonne)	Oil palm fruit	2018	USD	116.000000	A
PP	Malaysia	Producer Price (USD/tonne)	Oil palm fruit	2019	USD	101.900000	A
PP	Malaysia	Producer Price (USD/tonne)	Oil palm fruit	2020	USD	133.500000	A
PP	Malaysia	Producer Price (USD/tonne)	Oil palm fruit	2021	USD	230.500000	A
PP	Malaysia	Producer Price (USD/tonne)	Oil palm fruit	2022	USD	247.000000	A
PP	Malaysia	Producer Price (USD/tonne)	Oil palm fruit	2023	USD	170.600000	A
PP	Malaysia	Producer Price (USD/tonne)	Oil palm fruit	2024	USD	191.200000	A
PP	Malaysia	Producer Price (USD/tonne)	Okra	2017	USD	829.000000	A
PP	Malaysia	Producer Price (USD/tonne)	Okra	2018	USD	817.800000	A
PP	Malaysia	Producer Price (USD/tonne)	Okra	2019	USD	748.300000	A
PP	Malaysia	Producer Price (USD/tonne)	Okra	2020	USD	773.200000	A
PP	Malaysia	Producer Price (USD/tonne)	Okra	2021	USD	856.800000	A
PP	Malaysia	Producer Price (USD/tonne)	Okra	2022	USD	931.600000	A
PP	Malaysia	Producer Price (USD/tonne)	Other bananas (excluding cavendish and cooking bananas)	2017	USD	509.000000	A
PP	Malaysia	Producer Price (USD/tonne)	Other bananas (excluding cavendish and cooking bananas)	2018	USD	533.000000	A
PP	Malaysia	Producer Price (USD/tonne)	Other bananas (excluding cavendish and cooking bananas)	2019	USD	507.000000	A
PP	Malaysia	Producer Price (USD/tonne)	Other bananas (excluding cavendish and cooking bananas)	2020	USD	476.000000	A
PP	Malaysia	Producer Price (USD/tonne)	Other bananas (excluding cavendish and cooking bananas)	2021	USD	459.000000	A
PP	Malaysia	Producer Price (USD/tonne)	Other bananas (excluding cavendish and cooking bananas)	2022	USD	466.000000	A
PP	Malaysia	Producer Price (USD/tonne)	Palm kernels	2017	USD	589.700000	A
PP	Malaysia	Producer Price (USD/tonne)	Palm kernels	2018	USD	452.900000	A
PP	Malaysia	Producer Price (USD/tonne)	Palm kernels	2019	USD	293.100000	A
PP	Malaysia	Producer Price (USD/tonne)	Palm kernels	2020	USD	364.500000	A
PP	Malaysia	Producer Price (USD/tonne)	Palm kernels	2021	USD	669.300000	A
PP	Malaysia	Producer Price (USD/tonne)	Palm kernels	2022	USD	708.500000	A
PP	Malaysia	Producer Price (USD/tonne)	Palm kernels	2023	USD	442.000000	A
PP	Malaysia	Producer Price (USD/tonne)	Palm kernels	2024	USD	578.100000	A
PP	Malaysia	Producer Price (USD/tonne)	Palm oil	2017	USD	647.100000	A
PP	Malaysia	Producer Price (USD/tonne)	Palm oil	2018	USD	553.300000	A
PP	Malaysia	Producer Price (USD/tonne)	Palm oil	2019	USD	501.900000	A
PP	Malaysia	Producer Price (USD/tonne)	Palm oil	2020	USD	638.900000	A
PP	Malaysia	Producer Price (USD/tonne)	Palm oil	2021	USD	1063.600000	A
PP	Malaysia	Producer Price (USD/tonne)	Palm oil	2022	USD	1156.000000	A
PP	Malaysia	Producer Price (USD/tonne)	Palm oil	2023	USD	835.300000	A
PP	Malaysia	Producer Price (USD/tonne)	Palm oil	2024	USD	913.300000	A
PP	Malaysia	Producer Price (USD/tonne)	Papayas	2017	USD	317.400000	A
PP	Malaysia	Producer Price (USD/tonne)	Papayas	2018	USD	359.300000	A
PP	Malaysia	Producer Price (USD/tonne)	Papayas	2019	USD	374.200000	A
PP	Malaysia	Producer Price (USD/tonne)	Papayas	2020	USD	321.200000	A
PP	Malaysia	Producer Price (USD/tonne)	Papayas	2021	USD	386.200000	A
PP	Malaysia	Producer Price (USD/tonne)	Papayas	2022	USD	443.100000	A
PP	Malaysia	Producer Price (USD/tonne)	Pepper (Piper spp.), raw	2017	USD	3784.500000	A
PP	Malaysia	Producer Price (USD/tonne)	Pepper (Piper spp.), raw	2018	USD	2550.600000	A
PP	Malaysia	Producer Price (USD/tonne)	Pepper (Piper spp.), raw	2019	USD	2025.100000	A
PP	Malaysia	Producer Price (USD/tonne)	Pepper (Piper spp.), raw	2020	USD	3368.200000	A
PP	Malaysia	Producer Price (USD/tonne)	Pepper (Piper spp.), raw	2021	USD	5460.900000	A
PP	Malaysia	Producer Price (USD/tonne)	Pepper (Piper spp.), raw	2022	USD	4554.100000	A
PP	Malaysia	Producer Price (USD/tonne)	Pepper (Piper spp.), raw	2023	USD	4189.300000	A
PP	Malaysia	Producer Price (USD/tonne)	Pepper (Piper spp.), raw	2024	USD	5910.900000	A
PP	Malaysia	Producer Price (USD/tonne)	Pineapples	2017	USD	337.200000	A
PP	Malaysia	Producer Price (USD/tonne)	Pineapples	2018	USD	347.000000	A
PP	Malaysia	Producer Price (USD/tonne)	Pineapples	2019	USD	374.200000	A
PP	Malaysia	Producer Price (USD/tonne)	Pineapples	2020	USD	345.000000	A
PP	Malaysia	Producer Price (USD/tonne)	Pineapples	2021	USD	362.000000	A
PP	Malaysia	Producer Price (USD/tonne)	Pineapples	2022	USD	397.600000	A
PP	Malaysia	Producer Price (USD/tonne)	Pomelos and grapefruits	2017	USD	512.700000	A
PP	Malaysia	Producer Price (USD/tonne)	Pomelos and grapefruits	2018	USD	532.800000	A
PP	Malaysia	Producer Price (USD/tonne)	Pomelos and grapefruits	2019	USD	615.600000	A
PP	Malaysia	Producer Price (USD/tonne)	Pomelos and grapefruits	2020	USD	571.000000	A
PP	Malaysia	Producer Price (USD/tonne)	Pomelos and grapefruits	2021	USD	687.900000	A
PP	Malaysia	Producer Price (USD/tonne)	Pomelos and grapefruits	2022	USD	681.700000	A
PP	Malaysia	Producer Price (USD/tonne)	Pumpkins, squash and gourds	2017	USD	306.900000	A
PP	Malaysia	Producer Price (USD/tonne)	Pumpkins, squash and gourds	2018	USD	334.600000	A
PP	Malaysia	Producer Price (USD/tonne)	Pumpkins, squash and gourds	2019	USD	338.000000	A
PP	Malaysia	Producer Price (USD/tonne)	Pumpkins, squash and gourds	2020	USD	345.000000	A
PP	Malaysia	Producer Price (USD/tonne)	Pumpkins, squash and gourds	2021	USD	398.200000	A
PP	Malaysia	Producer Price (USD/tonne)	Pumpkins, squash and gourds	2022	USD	420.400000	A
PP	Malaysia	Producer Price (USD/tonne)	Raw milk of cattle	2017	USD	581.300000	A
PP	Malaysia	Producer Price (USD/tonne)	Raw milk of cattle	2018	USD	619.600000	A
PP	Malaysia	Producer Price (USD/tonne)	Raw milk of cattle	2019	USD	603.500000	A
PP	Malaysia	Producer Price (USD/tonne)	Raw milk of cattle	2020	USD	594.700000	A
PP	Malaysia	Producer Price (USD/tonne)	Raw milk of cattle	2021	USD	724.100000	A
PP	Malaysia	Producer Price (USD/tonne)	Raw milk of cattle	2022	USD	681.700000	A
PP	Malaysia	Producer Price (USD/tonne)	Raw milk of cattle	2023	USD	657.800000	A
PP	Malaysia	Producer Price (USD/tonne)	Raw milk of cattle	2024	USD	655.500000	A
PP	Malaysia	Producer Price (USD/tonne)	Rice	2017	USD	279.000000	A
PP	Malaysia	Producer Price (USD/tonne)	Rice	2018	USD	297.400000	A
PP	Malaysia	Producer Price (USD/tonne)	Rice	2019	USD	289.700000	A
PP	Malaysia	Producer Price (USD/tonne)	Rice	2020	USD	285.500000	A
PP	Malaysia	Producer Price (USD/tonne)	Rice	2021	USD	289.600000	A
PP	Malaysia	Producer Price (USD/tonne)	Rice	2022	USD	272.700000	A
PP	Malaysia	Producer Price (USD/tonne)	Spinach	2017	USD	387.200000	A
PP	Malaysia	Producer Price (USD/tonne)	Spinach	2018	USD	446.100000	A
PP	Malaysia	Producer Price (USD/tonne)	Spinach	2019	USD	410.400000	A
PP	Malaysia	Producer Price (USD/tonne)	Spinach	2020	USD	428.200000	A
PP	Malaysia	Producer Price (USD/tonne)	Spinach	2021	USD	458.600000	A
PP	Malaysia	Producer Price (USD/tonne)	Spinach	2022	USD	534.000000	A
PP	Malaysia	Producer Price (USD/tonne)	Sugar cane	2017	USD	218.600000	A
PP	Malaysia	Producer Price (USD/tonne)	Sweet potatoes	2017	USD	391.800000	A
PP	Malaysia	Producer Price (USD/tonne)	Sweet potatoes	2018	USD	396.500000	A
PP	Malaysia	Producer Price (USD/tonne)	Sweet potatoes	2019	USD	567.300000	A
PP	Malaysia	Producer Price (USD/tonne)	Sweet potatoes	2020	USD	511.500000	A
PP	Malaysia	Producer Price (USD/tonne)	Sweet potatoes	2021	USD	494.800000	A
PP	Malaysia	Producer Price (USD/tonne)	Sweet potatoes	2022	USD	522.600000	A
PP	Malaysia	Producer Price (USD/tonne)	Tomatoes	2017	USD	538.300000	A
PP	Malaysia	Producer Price (USD/tonne)	Tomatoes	2018	USD	631.900000	A
PP	Malaysia	Producer Price (USD/tonne)	Tomatoes	2019	USD	555.200000	A
PP	Malaysia	Producer Price (USD/tonne)	Tomatoes	2020	USD	630.400000	A
PP	Malaysia	Producer Price (USD/tonne)	Tomatoes	2021	USD	639.600000	A
PP	Malaysia	Producer Price (USD/tonne)	Tomatoes	2022	USD	761.200000	A
PP	Malaysia	Producer Price (USD/tonne)	Unmanufactured tobacco	2019	USD	4828.000000	A
PP	Malaysia	Producer Price (USD/tonne)	Unmanufactured tobacco	2020	USD	4758.000000	A
PP	Malaysia	Producer Price (USD/tonne)	Unmanufactured tobacco	2021	USD	4827.100000	A
PP	Malaysia	Producer Price (USD/tonne)	Unmanufactured tobacco	2022	USD	4544.300000	A
PP	Malaysia	Producer Price (USD/tonne)	Watermelons	2017	USD	300.000000	A
PP	Malaysia	Producer Price (USD/tonne)	Watermelons	2018	USD	297.400000	A
PP	Malaysia	Producer Price (USD/tonne)	Watermelons	2019	USD	325.900000	A
PP	Malaysia	Producer Price (USD/tonne)	Watermelons	2020	USD	333.100000	A
PP	Malaysia	Producer Price (USD/tonne)	Watermelons	2021	USD	374.100000	A
PP	Malaysia	Producer Price (USD/tonne)	Watermelons	2022	USD	420.400000	A
PP	Malaysia	Producer Price (USD/tonne)	Yams	2017	USD	509.300000	A
PP	Malaysia	Producer Price (USD/tonne)	Yams	2018	USD	594.800000	A
PP	Malaysia	Producer Price (USD/tonne)	Yams	2019	USD	567.300000	A
PP	Malaysia	Producer Price (USD/tonne)	Yams	2020	USD	749.400000	A
PP	Malaysia	Producer Price (USD/tonne)	Yams	2021	USD	844.700000	A
PP	Malaysia	Producer Price (USD/tonne)	Yams	2022	USD	1306.500000	A
PP	Mexico	Producer Price (USD/tonne)	Anise, badian, coriander, cumin, caraway, fennel and juniper berries, raw	2017	USD	1170.500000	A
PP	Mexico	Producer Price (USD/tonne)	Anise, badian, coriander, cumin, caraway, fennel and juniper berries, raw	2018	USD	1281.200000	A
PP	Mexico	Producer Price (USD/tonne)	Anise, badian, coriander, cumin, caraway, fennel and juniper berries, raw	2019	USD	2055.900000	A
PP	Mexico	Producer Price (USD/tonne)	Anise, badian, coriander, cumin, caraway, fennel and juniper berries, raw	2020	USD	1263.200000	A
PP	Mexico	Producer Price (USD/tonne)	Anise, badian, coriander, cumin, caraway, fennel and juniper berries, raw	2021	USD	1437.000000	A
PP	Mexico	Producer Price (USD/tonne)	Anise, badian, coriander, cumin, caraway, fennel and juniper berries, raw	2022	USD	2137.800000	A
PP	Mexico	Producer Price (USD/tonne)	Anise, badian, coriander, cumin, caraway, fennel and juniper berries, raw	2023	USD	2394.400000	A
PP	Mexico	Producer Price (USD/tonne)	Anise, badian, coriander, cumin, caraway, fennel and juniper berries, raw	2024	USD	2234.700000	A
PP	Mexico	Producer Price (USD/tonne)	Apples	2017	USD	461.000000	A
PP	Mexico	Producer Price (USD/tonne)	Apples	2018	USD	613.000000	A
PP	Mexico	Producer Price (USD/tonne)	Apples	2019	USD	572.700000	A
PP	Mexico	Producer Price (USD/tonne)	Apples	2020	USD	424.000000	A
PP	Mexico	Producer Price (USD/tonne)	Apples	2021	USD	621.300000	A
PP	Mexico	Producer Price (USD/tonne)	Apples	2022	USD	544.900000	A
PP	Mexico	Producer Price (USD/tonne)	Apples	2023	USD	703.700000	A
PP	Mexico	Producer Price (USD/tonne)	Apples	2024	USD	598.400000	A
PP	Mexico	Producer Price (USD/tonne)	Apricots	2017	USD	323.900000	A
PP	Mexico	Producer Price (USD/tonne)	Apricots	2018	USD	346.900000	A
PP	Mexico	Producer Price (USD/tonne)	Apricots	2019	USD	440.600000	A
PP	Mexico	Producer Price (USD/tonne)	Apricots	2020	USD	329.700000	A
PP	Mexico	Producer Price (USD/tonne)	Apricots	2021	USD	371.700000	A
PP	Mexico	Producer Price (USD/tonne)	Apricots	2022	USD	396.000000	A
PP	Mexico	Producer Price (USD/tonne)	Apricots	2023	USD	537.200000	A
PP	Mexico	Producer Price (USD/tonne)	Apricots	2024	USD	530.100000	A
PP	Mexico	Producer Price (USD/tonne)	Artichokes	2017	USD	542.000000	A
PP	Mexico	Producer Price (USD/tonne)	Artichokes	2018	USD	610.400000	A
PP	Mexico	Producer Price (USD/tonne)	Artichokes	2019	USD	649.500000	A
PP	Mexico	Producer Price (USD/tonne)	Artichokes	2020	USD	544.100000	A
PP	Mexico	Producer Price (USD/tonne)	Artichokes	2021	USD	591.300000	A
PP	Mexico	Producer Price (USD/tonne)	Artichokes	2022	USD	665.800000	A
PP	Mexico	Producer Price (USD/tonne)	Artichokes	2023	USD	811.000000	A
PP	Mexico	Producer Price (USD/tonne)	Artichokes	2024	USD	747.300000	A
PP	Mexico	Producer Price (USD/tonne)	Asparagus	2017	USD	2154.600000	A
PP	Mexico	Producer Price (USD/tonne)	Asparagus	2018	USD	1898.200000	A
PP	Mexico	Producer Price (USD/tonne)	Asparagus	2019	USD	1990.300000	A
PP	Mexico	Producer Price (USD/tonne)	Asparagus	2020	USD	1848.800000	A
PP	Mexico	Producer Price (USD/tonne)	Asparagus	2021	USD	2026.300000	A
PP	Mexico	Producer Price (USD/tonne)	Asparagus	2022	USD	2398.000000	A
PP	Mexico	Producer Price (USD/tonne)	Asparagus	2023	USD	2524.200000	A
PP	Mexico	Producer Price (USD/tonne)	Asparagus	2024	USD	2431.400000	A
PP	Mexico	Producer Price (USD/tonne)	Avocados	2017	USD	1033.500000	A
PP	Mexico	Producer Price (USD/tonne)	Avocados	2018	USD	996.800000	A
PP	Mexico	Producer Price (USD/tonne)	Avocados	2019	USD	1116.400000	A
PP	Mexico	Producer Price (USD/tonne)	Avocados	2020	USD	959.900000	A
PP	Mexico	Producer Price (USD/tonne)	Avocados	2021	USD	1020.500000	A
PP	Mexico	Producer Price (USD/tonne)	Avocados	2022	USD	1240.700000	A
PP	Mexico	Producer Price (USD/tonne)	Avocados	2023	USD	1138.100000	A
PP	Mexico	Producer Price (USD/tonne)	Avocados	2024	USD	1127.200000	A
PP	Mexico	Producer Price (USD/tonne)	Bananas	2020	USD	157.800000	A
PP	Mexico	Producer Price (USD/tonne)	Bananas	2021	USD	160.400000	A
PP	Mexico	Producer Price (USD/tonne)	Bananas	2022	USD	202.100000	A
PP	Mexico	Producer Price (USD/tonne)	Bananas	2023	USD	237.500000	A
PP	Mexico	Producer Price (USD/tonne)	Bananas	2024	USD	239.800000	A
PP	Mexico	Producer Price (USD/tonne)	Bananas cavendish	2020	USD	213.000000	A
PP	Mexico	Producer Price (USD/tonne)	Bananas cavendish	2021	USD	223.000000	A
PP	Mexico	Producer Price (USD/tonne)	Bananas cavendish	2022	USD	249.000000	A
PP	Mexico	Producer Price (USD/tonne)	Bananas cavendish	2023	USD	294.000000	A
PP	Mexico	Producer Price (USD/tonne)	Bananas cavendish	2024	USD	294.000000	A
PP	Mexico	Producer Price (USD/tonne)	Barley	2017	USD	222.800000	A
PP	Mexico	Producer Price (USD/tonne)	Barley	2018	USD	228.900000	A
PP	Mexico	Producer Price (USD/tonne)	Barley	2019	USD	227.900000	A
PP	Mexico	Producer Price (USD/tonne)	Barley	2020	USD	209.900000	A
PP	Mexico	Producer Price (USD/tonne)	Barley	2021	USD	234.600000	A
PP	Mexico	Producer Price (USD/tonne)	Barley	2022	USD	309.600000	A
PP	Mexico	Producer Price (USD/tonne)	Barley	2023	USD	337.900000	A
PP	Mexico	Producer Price (USD/tonne)	Barley	2024	USD	332.000000	A
PP	Mexico	Producer Price (USD/tonne)	Beans, dry	2017	USD	730.800000	A
PP	Mexico	Producer Price (USD/tonne)	Beans, dry	2018	USD	582.300000	A
PP	Mexico	Producer Price (USD/tonne)	Beans, dry	2019	USD	769.800000	A
PP	Mexico	Producer Price (USD/tonne)	Beans, dry	2020	USD	745.100000	A
PP	Mexico	Producer Price (USD/tonne)	Beans, dry	2021	USD	785.200000	A
PP	Mexico	Producer Price (USD/tonne)	Beans, dry	2022	USD	874.100000	A
PP	Mexico	Producer Price (USD/tonne)	Beans, dry	2023	USD	1087.000000	A
PP	Mexico	Producer Price (USD/tonne)	Beans, dry	2024	USD	1065.400000	A
PP	Mexico	Producer Price (USD/tonne)	Beeswax	2017	USD	3792.300000	A
PP	Mexico	Producer Price (USD/tonne)	Beeswax	2018	USD	3835.600000	A
PP	Mexico	Producer Price (USD/tonne)	Beeswax	2019	USD	3796.600000	A
PP	Mexico	Producer Price (USD/tonne)	Beeswax	2020	USD	3467.000000	A
PP	Mexico	Producer Price (USD/tonne)	Beeswax	2021	USD	3735.500000	A
PP	Mexico	Producer Price (USD/tonne)	Beeswax	2022	USD	3849.500000	A
PP	Mexico	Producer Price (USD/tonne)	Beeswax	2023	USD	4324.800000	A
PP	Mexico	Producer Price (USD/tonne)	Beeswax	2024	USD	4214.100000	A
PP	Mexico	Producer Price (USD/tonne)	Blueberries	2017	USD	3095.600000	A
PP	Mexico	Producer Price (USD/tonne)	Blueberries	2018	USD	2720.000000	A
PP	Mexico	Producer Price (USD/tonne)	Blueberries	2019	USD	2875.100000	A
PP	Mexico	Producer Price (USD/tonne)	Blueberries	2020	USD	2555.800000	A
PP	Mexico	Producer Price (USD/tonne)	Blueberries	2021	USD	2769.900000	A
PP	Mexico	Producer Price (USD/tonne)	Blueberries	2022	USD	3428.900000	A
PP	Mexico	Producer Price (USD/tonne)	Blueberries	2023	USD	3664.500000	A
PP	Mexico	Producer Price (USD/tonne)	Blueberries	2024	USD	3363.500000	A
PP	Mexico	Producer Price (USD/tonne)	Broad beans and horse beans, dry	2017	USD	660.600000	A
PP	Mexico	Producer Price (USD/tonne)	Broad beans and horse beans, dry	2018	USD	641.500000	A
PP	Mexico	Producer Price (USD/tonne)	Broad beans and horse beans, dry	2019	USD	657.300000	A
PP	Mexico	Producer Price (USD/tonne)	Broad beans and horse beans, dry	2020	USD	578.900000	A
PP	Mexico	Producer Price (USD/tonne)	Broad beans and horse beans, dry	2021	USD	614.100000	A
PP	Mexico	Producer Price (USD/tonne)	Broad beans and horse beans, dry	2022	USD	612.100000	A
PP	Mexico	Producer Price (USD/tonne)	Broad beans and horse beans, dry	2023	USD	688.300000	A
PP	Mexico	Producer Price (USD/tonne)	Broad beans and horse beans, dry	2024	USD	652.900000	A
PP	Mexico	Producer Price (USD/tonne)	Broad beans and horse beans, green	2017	USD	277.000000	A
PP	Mexico	Producer Price (USD/tonne)	Broad beans and horse beans, green	2018	USD	291.200000	A
PP	Mexico	Producer Price (USD/tonne)	Broad beans and horse beans, green	2019	USD	293.800000	A
PP	Mexico	Producer Price (USD/tonne)	Broad beans and horse beans, green	2020	USD	255.000000	A
PP	Mexico	Producer Price (USD/tonne)	Broad beans and horse beans, green	2021	USD	273.400000	A
PP	Mexico	Producer Price (USD/tonne)	Broad beans and horse beans, green	2022	USD	292.400000	A
PP	Mexico	Producer Price (USD/tonne)	Broad beans and horse beans, green	2023	USD	344.000000	A
PP	Mexico	Producer Price (USD/tonne)	Broad beans and horse beans, green	2024	USD	323.700000	A
PP	Mexico	Producer Price (USD/tonne)	Cabbages	2017	USD	129.700000	A
PP	Mexico	Producer Price (USD/tonne)	Cabbages	2018	USD	163.300000	A
PP	Mexico	Producer Price (USD/tonne)	Cabbages	2019	USD	152.400000	A
PP	Mexico	Producer Price (USD/tonne)	Cabbages	2020	USD	207.600000	A
PP	Mexico	Producer Price (USD/tonne)	Cabbages	2021	USD	224.500000	A
PP	Mexico	Producer Price (USD/tonne)	Cabbages	2022	USD	280.600000	A
PP	Mexico	Producer Price (USD/tonne)	Cabbages	2023	USD	341.500000	A
PP	Mexico	Producer Price (USD/tonne)	Cabbages	2024	USD	346.300000	A
PP	Mexico	Producer Price (USD/tonne)	Canary seed	2017	USD	277.900000	A
PP	Mexico	Producer Price (USD/tonne)	Canary seed	2018	USD	605.300000	A
PP	Mexico	Producer Price (USD/tonne)	Canary seed	2019	USD	407.000000	A
PP	Mexico	Producer Price (USD/tonne)	Canary seed	2020	USD	305.900000	A
PP	Mexico	Producer Price (USD/tonne)	Canary seed	2021	USD	355.100000	A
PP	Mexico	Producer Price (USD/tonne)	Canary seed	2022	USD	383.900000	A
PP	Mexico	Producer Price (USD/tonne)	Canary seed	2023	USD	456.800000	A
PP	Mexico	Producer Price (USD/tonne)	Canary seed	2024	USD	636.700000	A
PP	Mexico	Producer Price (USD/tonne)	Cantaloupes and other melons	2017	USD	257.300000	A
PP	Mexico	Producer Price (USD/tonne)	Cantaloupes and other melons	2018	USD	253.500000	A
PP	Mexico	Producer Price (USD/tonne)	Cantaloupes and other melons	2019	USD	253.000000	A
PP	Mexico	Producer Price (USD/tonne)	Cantaloupes and other melons	2020	USD	232.500000	A
PP	Mexico	Producer Price (USD/tonne)	Cantaloupes and other melons	2021	USD	280.700000	A
PP	Mexico	Producer Price (USD/tonne)	Cantaloupes and other melons	2022	USD	315.800000	A
PP	Mexico	Producer Price (USD/tonne)	Cantaloupes and other melons	2023	USD	409.400000	A
PP	Mexico	Producer Price (USD/tonne)	Cantaloupes and other melons	2024	USD	372.800000	A
PP	Mexico	Producer Price (USD/tonne)	Carrots and turnips	2017	USD	166.700000	A
PP	Mexico	Producer Price (USD/tonne)	Carrots and turnips	2018	USD	163.700000	A
PP	Mexico	Producer Price (USD/tonne)	Carrots and turnips	2019	USD	170.900000	A
PP	Mexico	Producer Price (USD/tonne)	Carrots and turnips	2020	USD	156.800000	A
PP	Mexico	Producer Price (USD/tonne)	Carrots and turnips	2021	USD	157.300000	A
PP	Mexico	Producer Price (USD/tonne)	Carrots and turnips	2022	USD	171.900000	A
PP	Mexico	Producer Price (USD/tonne)	Carrots and turnips	2023	USD	210.400000	A
PP	Mexico	Producer Price (USD/tonne)	Carrots and turnips	2024	USD	206.100000	A
PP	Mexico	Producer Price (USD/tonne)	Cashew nuts, in shell	2017	USD	243.800000	A
PP	Mexico	Producer Price (USD/tonne)	Cashew nuts, in shell	2018	USD	251.500000	A
PP	Mexico	Producer Price (USD/tonne)	Cashew nuts, in shell	2019	USD	274.000000	A
PP	Mexico	Producer Price (USD/tonne)	Cashew nuts, in shell	2020	USD	229.700000	A
PP	Mexico	Producer Price (USD/tonne)	Cashew nuts, in shell	2021	USD	248.900000	A
PP	Mexico	Producer Price (USD/tonne)	Cashew nuts, in shell	2022	USD	277.300000	A
PP	Mexico	Producer Price (USD/tonne)	Cashew nuts, in shell	2023	USD	414.100000	A
PP	Mexico	Producer Price (USD/tonne)	Cashew nuts, in shell	2024	USD	487.600000	A
PP	Mexico	Producer Price (USD/tonne)	Cassava, fresh	2017	USD	195.600000	A
PP	Mexico	Producer Price (USD/tonne)	Cassava, fresh	2018	USD	198.000000	A
PP	Mexico	Producer Price (USD/tonne)	Cassava, fresh	2019	USD	198.800000	A
PP	Mexico	Producer Price (USD/tonne)	Cassava, fresh	2020	USD	176.500000	A
PP	Mexico	Producer Price (USD/tonne)	Cassava, fresh	2021	USD	188.400000	A
PP	Mexico	Producer Price (USD/tonne)	Cassava, fresh	2022	USD	194.000000	A
PP	Mexico	Producer Price (USD/tonne)	Cassava, fresh	2023	USD	225.700000	A
PP	Mexico	Producer Price (USD/tonne)	Cassava, fresh	2024	USD	218.900000	A
PP	Mexico	Producer Price (USD/tonne)	Cauliflowers and broccoli	2017	USD	229.000000	A
PP	Mexico	Producer Price (USD/tonne)	Cauliflowers and broccoli	2018	USD	303.800000	A
PP	Mexico	Producer Price (USD/tonne)	Cauliflowers and broccoli	2019	USD	304.000000	A
PP	Mexico	Producer Price (USD/tonne)	Cauliflowers and broccoli	2020	USD	295.400000	A
PP	Mexico	Producer Price (USD/tonne)	Cauliflowers and broccoli	2021	USD	319.600000	A
PP	Mexico	Producer Price (USD/tonne)	Cauliflowers and broccoli	2022	USD	339.500000	A
PP	Mexico	Producer Price (USD/tonne)	Cauliflowers and broccoli	2023	USD	397.700000	A
PP	Mexico	Producer Price (USD/tonne)	Cauliflowers and broccoli	2024	USD	386.100000	A
PP	Mexico	Producer Price (USD/tonne)	Cherries	2017	USD	3607.200000	A
PP	Mexico	Producer Price (USD/tonne)	Cherries	2018	USD	3574.300000	A
PP	Mexico	Producer Price (USD/tonne)	Cherries	2019	USD	3832.600000	A
PP	Mexico	Producer Price (USD/tonne)	Cherries	2020	USD	3320.600000	A
PP	Mexico	Producer Price (USD/tonne)	Cherries	2021	USD	3585.400000	A
PP	Mexico	Producer Price (USD/tonne)	Cherries	2022	USD	4648.600000	A
PP	Mexico	Producer Price (USD/tonne)	Cherries	2023	USD	3575.700000	A
PP	Mexico	Producer Price (USD/tonne)	Cherries	2024	USD	4093.300000	A
PP	Mexico	Producer Price (USD/tonne)	Chestnuts, in shell	2017	USD	1490.200000	A
PP	Mexico	Producer Price (USD/tonne)	Chestnuts, in shell	2018	USD	1429.300000	A
PP	Mexico	Producer Price (USD/tonne)	Chestnuts, in shell	2019	USD	1505.000000	A
PP	Mexico	Producer Price (USD/tonne)	Chestnuts, in shell	2021	USD	1570.800000	A
PP	Mexico	Producer Price (USD/tonne)	Chestnuts, in shell	2022	USD	1642.600000	A
PP	Mexico	Producer Price (USD/tonne)	Chestnuts, in shell	2023	USD	2272.200000	A
PP	Mexico	Producer Price (USD/tonne)	Chick peas, dry	2017	USD	949.100000	A
PP	Mexico	Producer Price (USD/tonne)	Chick peas, dry	2018	USD	830.600000	A
PP	Mexico	Producer Price (USD/tonne)	Chick peas, dry	2019	USD	631.700000	A
PP	Mexico	Producer Price (USD/tonne)	Chick peas, dry	2020	USD	696.100000	A
PP	Mexico	Producer Price (USD/tonne)	Chick peas, dry	2021	USD	741.700000	A
PP	Mexico	Producer Price (USD/tonne)	Chick peas, dry	2022	USD	879.500000	A
PP	Mexico	Producer Price (USD/tonne)	Chick peas, dry	2023	USD	1076.200000	A
PP	Mexico	Producer Price (USD/tonne)	Chick peas, dry	2024	USD	916.400000	A
PP	Mexico	Producer Price (USD/tonne)	Chillies and peppers, dry (Capsicum spp., Pimenta spp.), raw	2022	USD	3797.000000	A
PP	Mexico	Producer Price (USD/tonne)	Chillies and peppers, dry (Capsicum spp., Pimenta spp.), raw	2023	USD	4274.400000	A
PP	Mexico	Producer Price (USD/tonne)	Chillies and peppers, dry (Capsicum spp., Pimenta spp.), raw	2024	USD	4154.500000	A
PP	Mexico	Producer Price (USD/tonne)	Chillies and peppers, green (Capsicum spp. and Pimenta spp.)	2017	USD	466.800000	A
PP	Mexico	Producer Price (USD/tonne)	Chillies and peppers, green (Capsicum spp. and Pimenta spp.)	2018	USD	548.100000	A
PP	Mexico	Producer Price (USD/tonne)	Chillies and peppers, green (Capsicum spp. and Pimenta spp.)	2019	USD	625.900000	A
PP	Mexico	Producer Price (USD/tonne)	Chillies and peppers, green (Capsicum spp. and Pimenta spp.)	2020	USD	476.200000	A
PP	Mexico	Producer Price (USD/tonne)	Chillies and peppers, green (Capsicum spp. and Pimenta spp.)	2021	USD	489.700000	A
PP	Mexico	Producer Price (USD/tonne)	Chillies and peppers, green (Capsicum spp. and Pimenta spp.)	2022	USD	536.000000	A
PP	Mexico	Producer Price (USD/tonne)	Chillies and peppers, green (Capsicum spp. and Pimenta spp.)	2023	USD	663.600000	A
PP	Mexico	Producer Price (USD/tonne)	Chillies and peppers, green (Capsicum spp. and Pimenta spp.)	2024	USD	627.200000	A
PP	Mexico	Producer Price (USD/tonne)	Cocoa beans	2017	USD	2080.200000	A
PP	Mexico	Producer Price (USD/tonne)	Cocoa beans	2018	USD	1969.400000	A
PP	Mexico	Producer Price (USD/tonne)	Cocoa beans	2019	USD	1996.800000	A
PP	Mexico	Producer Price (USD/tonne)	Cocoa beans	2020	USD	1885.100000	A
PP	Mexico	Producer Price (USD/tonne)	Cocoa beans	2021	USD	2065.400000	A
PP	Mexico	Producer Price (USD/tonne)	Cocoa beans	2022	USD	2047.200000	A
PP	Mexico	Producer Price (USD/tonne)	Cocoa beans	2023	USD	2316.500000	A
PP	Mexico	Producer Price (USD/tonne)	Cocoa beans	2024	USD	2324.900000	A
PP	Mexico	Producer Price (USD/tonne)	Coconuts, in shell	2017	USD	121.000000	A
PP	Mexico	Producer Price (USD/tonne)	Coconuts, in shell	2018	USD	134.400000	A
PP	Mexico	Producer Price (USD/tonne)	Coconuts, in shell	2019	USD	172.500000	A
PP	Mexico	Producer Price (USD/tonne)	Coconuts, in shell	2020	USD	128.500000	A
PP	Mexico	Producer Price (USD/tonne)	Coconuts, in shell	2021	USD	143.100000	A
PP	Mexico	Producer Price (USD/tonne)	Coconuts, in shell	2022	USD	184.900000	A
PP	Mexico	Producer Price (USD/tonne)	Coconuts, in shell	2023	USD	205.100000	A
PP	Mexico	Producer Price (USD/tonne)	Coconuts, in shell	2024	USD	287.600000	A
PP	Mexico	Producer Price (USD/tonne)	Coffee, green	2017	USD	310.300000	A
PP	Mexico	Producer Price (USD/tonne)	Coffee, green	2018	USD	301.900000	A
PP	Mexico	Producer Price (USD/tonne)	Coffee, green	2019	USD	272.500000	A
PP	Mexico	Producer Price (USD/tonne)	Coffee, green	2020	USD	250.600000	A
PP	Mexico	Producer Price (USD/tonne)	Coffee, green	2021	USD	271.400000	A
PP	Mexico	Producer Price (USD/tonne)	Coffee, green	2022	USD	316.700000	A
PP	Mexico	Producer Price (USD/tonne)	Coffee, green	2023	USD	378.800000	A
PP	Mexico	Producer Price (USD/tonne)	Coffee, green	2024	USD	350.300000	A
PP	Mexico	Producer Price (USD/tonne)	Cooking bananas	2017	USD	149.000000	A
PP	Mexico	Producer Price (USD/tonne)	Cooking bananas	2018	USD	157.000000	A
PP	Mexico	Producer Price (USD/tonne)	Cooking bananas	2019	USD	178.000000	A
PP	Mexico	Producer Price (USD/tonne)	Cooking bananas	2020	USD	158.000000	A
PP	Mexico	Producer Price (USD/tonne)	Cooking bananas	2022	USD	184.000000	A
PP	Mexico	Producer Price (USD/tonne)	Cooking bananas	2023	USD	240.000000	A
PP	Mexico	Producer Price (USD/tonne)	Cooking bananas	2024	USD	242.000000	A
PP	Mexico	Producer Price (USD/tonne)	Cucumbers and gherkins	2017	USD	304.100000	A
PP	Mexico	Producer Price (USD/tonne)	Cucumbers and gherkins	2018	USD	306.800000	A
PP	Mexico	Producer Price (USD/tonne)	Cucumbers and gherkins	2019	USD	345.100000	A
PP	Mexico	Producer Price (USD/tonne)	Cucumbers and gherkins	2020	USD	308.600000	A
PP	Mexico	Producer Price (USD/tonne)	Cucumbers and gherkins	2021	USD	356.800000	A
PP	Mexico	Producer Price (USD/tonne)	Cucumbers and gherkins	2022	USD	380.300000	A
PP	Mexico	Producer Price (USD/tonne)	Cucumbers and gherkins	2023	USD	482.800000	A
PP	Mexico	Producer Price (USD/tonne)	Cucumbers and gherkins	2024	USD	439.000000	A
PP	Mexico	Producer Price (USD/tonne)	Dates	2017	USD	2622.100000	A
PP	Mexico	Producer Price (USD/tonne)	Dates	2018	USD	2607.300000	A
PP	Mexico	Producer Price (USD/tonne)	Dates	2019	USD	3001.900000	A
PP	Mexico	Producer Price (USD/tonne)	Dates	2020	USD	2572.300000	A
PP	Mexico	Producer Price (USD/tonne)	Dates	2021	USD	2776.500000	A
PP	Mexico	Producer Price (USD/tonne)	Dates	2022	USD	3285.400000	A
PP	Mexico	Producer Price (USD/tonne)	Dates	2023	USD	3703.200000	A
PP	Mexico	Producer Price (USD/tonne)	Dates	2024	USD	3602.400000	A
PP	Mexico	Producer Price (USD/tonne)	Edible roots and tubers with high starch or inulin content, n.e.c., fresh	2022	USD	160.500000	A
PP	Mexico	Producer Price (USD/tonne)	Edible roots and tubers with high starch or inulin content, n.e.c., fresh	2023	USD	201.300000	A
PP	Mexico	Producer Price (USD/tonne)	Edible roots and tubers with high starch or inulin content, n.e.c., fresh	2024	USD	177.900000	A
PP	Mexico	Producer Price (USD/tonne)	Eggplants (aubergines)	2017	USD	396.100000	A
PP	Mexico	Producer Price (USD/tonne)	Eggplants (aubergines)	2018	USD	401.000000	A
PP	Mexico	Producer Price (USD/tonne)	Eggplants (aubergines)	2019	USD	446.600000	A
PP	Mexico	Producer Price (USD/tonne)	Eggplants (aubergines)	2020	USD	494.600000	A
PP	Mexico	Producer Price (USD/tonne)	Eggplants (aubergines)	2021	USD	610.400000	A
PP	Mexico	Producer Price (USD/tonne)	Eggplants (aubergines)	2022	USD	564.500000	A
PP	Mexico	Producer Price (USD/tonne)	Eggplants (aubergines)	2023	USD	691.000000	A
PP	Mexico	Producer Price (USD/tonne)	Eggplants (aubergines)	2024	USD	592.100000	A
PP	Mexico	Producer Price (USD/tonne)	Figs	2017	USD	525.700000	A
PP	Mexico	Producer Price (USD/tonne)	Figs	2018	USD	1143.100000	A
PP	Mexico	Producer Price (USD/tonne)	Figs	2019	USD	1178.200000	A
PP	Mexico	Producer Price (USD/tonne)	Figs	2020	USD	809.200000	A
PP	Mexico	Producer Price (USD/tonne)	Figs	2021	USD	984.100000	A
PP	Mexico	Producer Price (USD/tonne)	Figs	2022	USD	1166.900000	A
PP	Mexico	Producer Price (USD/tonne)	Figs	2023	USD	1417.300000	A
PP	Mexico	Producer Price (USD/tonne)	Figs	2024	USD	1467.000000	A
PP	Mexico	Producer Price (USD/tonne)	Ginger, raw	2017	USD	1027.000000	A
PP	Mexico	Producer Price (USD/tonne)	Ginger, raw	2018	USD	1046.200000	A
PP	Mexico	Producer Price (USD/tonne)	Ginger, raw	2019	USD	992.200000	A
PP	Mexico	Producer Price (USD/tonne)	Ginger, raw	2020	USD	932.400000	A
PP	Mexico	Producer Price (USD/tonne)	Ginger, raw	2021	USD	980.500000	A
PP	Mexico	Producer Price (USD/tonne)	Ginger, raw	2022	USD	963.600000	A
PP	Mexico	Producer Price (USD/tonne)	Ginger, raw	2023	USD	1122.000000	A
PP	Mexico	Producer Price (USD/tonne)	Ginger, raw	2024	USD	1101.000000	A
PP	Mexico	Producer Price (USD/tonne)	Grapes	2017	USD	924.800000	A
PP	Mexico	Producer Price (USD/tonne)	Grapes	2018	USD	1073.800000	A
PP	Mexico	Producer Price (USD/tonne)	Grapes	2019	USD	1212.200000	A
PP	Mexico	Producer Price (USD/tonne)	Grapes	2020	USD	1125.200000	A
PP	Mexico	Producer Price (USD/tonne)	Grapes	2021	USD	1171.100000	A
PP	Mexico	Producer Price (USD/tonne)	Grapes	2022	USD	1390.100000	A
PP	Mexico	Producer Price (USD/tonne)	Grapes	2023	USD	1633.800000	A
PP	Mexico	Producer Price (USD/tonne)	Grapes	2024	USD	1592.600000	A
PP	Mexico	Producer Price (USD/tonne)	Green corn (maize)	2017	USD	120.900000	A
PP	Mexico	Producer Price (USD/tonne)	Green corn (maize)	2018	USD	114.400000	A
PP	Mexico	Producer Price (USD/tonne)	Green corn (maize)	2019	USD	127.300000	A
PP	Mexico	Producer Price (USD/tonne)	Green corn (maize)	2020	USD	121.300000	A
PP	Mexico	Producer Price (USD/tonne)	Green corn (maize)	2021	USD	136.200000	A
PP	Mexico	Producer Price (USD/tonne)	Green corn (maize)	2022	USD	155.800000	A
PP	Mexico	Producer Price (USD/tonne)	Green corn (maize)	2023	USD	189.200000	A
PP	Mexico	Producer Price (USD/tonne)	Green corn (maize)	2024	USD	187.500000	A
PP	Mexico	Producer Price (USD/tonne)	Green garlic	2017	USD	891.700000	A
PP	Mexico	Producer Price (USD/tonne)	Green garlic	2018	USD	871.200000	A
PP	Mexico	Producer Price (USD/tonne)	Green garlic	2019	USD	868.300000	A
PP	Mexico	Producer Price (USD/tonne)	Green garlic	2020	USD	894.500000	A
PP	Mexico	Producer Price (USD/tonne)	Green garlic	2021	USD	1012.300000	A
PP	Mexico	Producer Price (USD/tonne)	Green garlic	2022	USD	1065.400000	A
PP	Mexico	Producer Price (USD/tonne)	Green garlic	2023	USD	1164.300000	A
PP	Mexico	Producer Price (USD/tonne)	Green garlic	2024	USD	1166.700000	A
PP	Mexico	Producer Price (USD/tonne)	Groundnuts, excluding shelled	2017	USD	652.800000	A
PP	Mexico	Producer Price (USD/tonne)	Groundnuts, excluding shelled	2018	USD	645.300000	A
PP	Mexico	Producer Price (USD/tonne)	Groundnuts, excluding shelled	2019	USD	652.200000	A
PP	Mexico	Producer Price (USD/tonne)	Groundnuts, excluding shelled	2020	USD	579.800000	A
PP	Mexico	Producer Price (USD/tonne)	Groundnuts, excluding shelled	2021	USD	614.700000	A
PP	Mexico	Producer Price (USD/tonne)	Groundnuts, excluding shelled	2022	USD	752.000000	A
PP	Mexico	Producer Price (USD/tonne)	Groundnuts, excluding shelled	2023	USD	904.200000	A
PP	Mexico	Producer Price (USD/tonne)	Groundnuts, excluding shelled	2024	USD	821.500000	A
PP	Mexico	Producer Price (USD/tonne)	Hen eggs in shell, fresh	2017	USD	1004.200000	A
PP	Mexico	Producer Price (USD/tonne)	Hen eggs in shell, fresh	2018	USD	1034.100000	A
PP	Mexico	Producer Price (USD/tonne)	Hen eggs in shell, fresh	2019	USD	1080.600000	A
PP	Mexico	Producer Price (USD/tonne)	Hen eggs in shell, fresh	2020	USD	1021.000000	A
PP	Mexico	Producer Price (USD/tonne)	Hen eggs in shell, fresh	2021	USD	1109.000000	A
PP	Mexico	Producer Price (USD/tonne)	Hen eggs in shell, fresh	2022	USD	1273.700000	A
PP	Mexico	Producer Price (USD/tonne)	Hen eggs in shell, fresh	2023	USD	1561.800000	A
PP	Mexico	Producer Price (USD/tonne)	Hen eggs in shell, fresh	2024	USD	1615.100000	A
PP	Mexico	Producer Price (USD/tonne)	Leeks and other alliaceous vegetables	2017	USD	398.600000	A
PP	Mexico	Producer Price (USD/tonne)	Leeks and other alliaceous vegetables	2018	USD	413.000000	A
PP	Mexico	Producer Price (USD/tonne)	Leeks and other alliaceous vegetables	2019	USD	313.000000	A
PP	Mexico	Producer Price (USD/tonne)	Leeks and other alliaceous vegetables	2020	USD	364.700000	A
PP	Mexico	Producer Price (USD/tonne)	Leeks and other alliaceous vegetables	2021	USD	390.800000	A
PP	Mexico	Producer Price (USD/tonne)	Leeks and other alliaceous vegetables	2022	USD	379.500000	A
PP	Mexico	Producer Price (USD/tonne)	Leeks and other alliaceous vegetables	2023	USD	445.500000	A
PP	Mexico	Producer Price (USD/tonne)	Leeks and other alliaceous vegetables	2024	USD	518.300000	A
PP	Mexico	Producer Price (USD/tonne)	Lemons and limes	2017	USD	265.400000	A
PP	Mexico	Producer Price (USD/tonne)	Lemons and limes	2018	USD	284.600000	A
PP	Mexico	Producer Price (USD/tonne)	Lemons and limes	2019	USD	336.600000	A
PP	Mexico	Producer Price (USD/tonne)	Lemons and limes	2020	USD	305.700000	A
PP	Mexico	Producer Price (USD/tonne)	Lemons and limes	2021	USD	328.300000	A
PP	Mexico	Producer Price (USD/tonne)	Lemons and limes	2022	USD	450.400000	A
PP	Mexico	Producer Price (USD/tonne)	Lemons and limes	2023	USD	541.800000	A
PP	Mexico	Producer Price (USD/tonne)	Lemons and limes	2024	USD	485.900000	A
PP	Mexico	Producer Price (USD/tonne)	Lentils, dry	2017	USD	592.800000	A
PP	Mexico	Producer Price (USD/tonne)	Lentils, dry	2018	USD	540.800000	A
PP	Mexico	Producer Price (USD/tonne)	Lentils, dry	2019	USD	471.200000	A
PP	Mexico	Producer Price (USD/tonne)	Lentils, dry	2020	USD	480.000000	A
PP	Mexico	Producer Price (USD/tonne)	Lentils, dry	2021	USD	490.700000	A
PP	Mexico	Producer Price (USD/tonne)	Lentils, dry	2022	USD	387.900000	A
PP	Mexico	Producer Price (USD/tonne)	Lentils, dry	2023	USD	549.500000	A
PP	Mexico	Producer Price (USD/tonne)	Lentils, dry	2024	USD	625.200000	A
PP	Mexico	Producer Price (USD/tonne)	Lettuce and chicory	2017	USD	202.600000	A
PP	Mexico	Producer Price (USD/tonne)	Lettuce and chicory	2018	USD	207.300000	A
PP	Mexico	Producer Price (USD/tonne)	Lettuce and chicory	2019	USD	209.600000	A
PP	Mexico	Producer Price (USD/tonne)	Lettuce and chicory	2020	USD	210.800000	A
PP	Mexico	Producer Price (USD/tonne)	Lettuce and chicory	2021	USD	229.400000	A
PP	Mexico	Producer Price (USD/tonne)	Lettuce and chicory	2022	USD	262.600000	A
PP	Mexico	Producer Price (USD/tonne)	Lettuce and chicory	2023	USD	303.800000	A
PP	Mexico	Producer Price (USD/tonne)	Lettuce and chicory	2024	USD	303.400000	A
PP	Mexico	Producer Price (USD/tonne)	Linseed	2017	USD	528.400000	A
PP	Mexico	Producer Price (USD/tonne)	Linseed	2018	USD	530.000000	A
PP	Mexico	Producer Price (USD/tonne)	Linseed	2019	USD	538.500000	A
PP	Mexico	Producer Price (USD/tonne)	Linseed	2020	USD	467.700000	A
PP	Mexico	Producer Price (USD/tonne)	Linseed	2021	USD	499.300000	A
PP	Mexico	Producer Price (USD/tonne)	Linseed	2022	USD	520.100000	A
PP	Mexico	Producer Price (USD/tonne)	Linseed	2023	USD	524.100000	A
PP	Mexico	Producer Price (USD/tonne)	Linseed	2024	USD	460.500000	A
PP	Mexico	Producer Price (USD/tonne)	Locust beans (carobs)	2018	USD	448.500000	A
PP	Mexico	Producer Price (USD/tonne)	Locust beans (carobs)	2019	USD	441.200000	A
PP	Mexico	Producer Price (USD/tonne)	Locust beans (carobs)	2020	USD	396.800000	A
PP	Mexico	Producer Price (USD/tonne)	Locust beans (carobs)	2021	USD	420.500000	A
PP	Mexico	Producer Price (USD/tonne)	Locust beans (carobs)	2022	USD	421.500000	A
PP	Mexico	Producer Price (USD/tonne)	Locust beans (carobs)	2023	USD	538.100000	A
PP	Mexico	Producer Price (USD/tonne)	Locust beans (carobs)	2024	USD	464.400000	A
PP	Mexico	Producer Price (USD/tonne)	Maize (corn)	2017	USD	190.700000	A
PP	Mexico	Producer Price (USD/tonne)	Maize (corn)	2018	USD	200.600000	A
PP	Mexico	Producer Price (USD/tonne)	Maize (corn)	2019	USD	202.600000	A
PP	Mexico	Producer Price (USD/tonne)	Maize (corn)	2020	USD	195.000000	A
PP	Mexico	Producer Price (USD/tonne)	Maize (corn)	2021	USD	266.500000	A
PP	Mexico	Producer Price (USD/tonne)	Maize (corn)	2022	USD	322.000000	A
PP	Mexico	Producer Price (USD/tonne)	Maize (corn)	2023	USD	352.300000	A
PP	Mexico	Producer Price (USD/tonne)	Maize (corn)	2024	USD	310.600000	A
PP	Mexico	Producer Price (USD/tonne)	Mangoes, guavas and mangosteens	2017	USD	200.600000	A
PP	Mexico	Producer Price (USD/tonne)	Mangoes, guavas and mangosteens	2018	USD	242.400000	A
PP	Mexico	Producer Price (USD/tonne)	Mangoes, guavas and mangosteens	2019	USD	236.900000	A
PP	Mexico	Producer Price (USD/tonne)	Mangoes, guavas and mangosteens	2020	USD	244.200000	A
PP	Mexico	Producer Price (USD/tonne)	Mangoes, guavas and mangosteens	2021	USD	253.000000	A
PP	Mexico	Producer Price (USD/tonne)	Mangoes, guavas and mangosteens	2022	USD	284.000000	A
PP	Mexico	Producer Price (USD/tonne)	Mangoes, guavas and mangosteens	2023	USD	337.400000	A
PP	Mexico	Producer Price (USD/tonne)	Mangoes, guavas and mangosteens	2024	USD	346.300000	A
PP	Mexico	Producer Price (USD/tonne)	Meat of cattle with the bone, fresh or chilled	2017	USD	3492.700000	A
PP	Mexico	Producer Price (USD/tonne)	Meat of cattle with the bone, fresh or chilled	2018	USD	3527.100000	A
PP	Mexico	Producer Price (USD/tonne)	Meat of cattle with the bone, fresh or chilled	2019	USD	3574.300000	A
PP	Mexico	Producer Price (USD/tonne)	Meat of cattle with the bone, fresh or chilled	2020	USD	3243.200000	A
PP	Mexico	Producer Price (USD/tonne)	Meat of cattle with the bone, fresh or chilled	2021	USD	3513.700000	A
PP	Mexico	Producer Price (USD/tonne)	Meat of cattle with the bone, fresh or chilled	2022	USD	3741.000000	A
PP	Mexico	Producer Price (USD/tonne)	Meat of cattle with the bone, fresh or chilled	2023	USD	4360.200000	A
PP	Mexico	Producer Price (USD/tonne)	Meat of cattle with the bone, fresh or chilled	2024	USD	4429.700000	A
PP	Mexico	Producer Price (USD/tonne)	Meat of cattle with the bone, fresh or chilled (biological)	2017	USD	1803.600000	A
PP	Mexico	Producer Price (USD/tonne)	Meat of cattle with the bone, fresh or chilled (biological)	2018	USD	1819.800000	A
PP	Mexico	Producer Price (USD/tonne)	Meat of cattle with the bone, fresh or chilled (biological)	2019	USD	1851.700000	A
PP	Mexico	Producer Price (USD/tonne)	Meat of cattle with the bone, fresh or chilled (biological)	2020	USD	1667.200000	A
PP	Mexico	Producer Price (USD/tonne)	Meat of cattle with the bone, fresh or chilled (biological)	2021	USD	1790.600000	A
PP	Mexico	Producer Price (USD/tonne)	Meat of cattle with the bone, fresh or chilled (biological)	2022	USD	1894.900000	A
PP	Mexico	Producer Price (USD/tonne)	Meat of cattle with the bone, fresh or chilled (biological)	2023	USD	2223.000000	A
PP	Mexico	Producer Price (USD/tonne)	Meat of cattle with the bone, fresh or chilled (biological)	2024	USD	2277.900000	A
PP	Mexico	Producer Price (USD/tonne)	Meat of chickens, fresh or chilled	2017	USD	1634.000000	A
PP	Mexico	Producer Price (USD/tonne)	Meat of chickens, fresh or chilled	2018	USD	1668.000000	A
PP	Mexico	Producer Price (USD/tonne)	Meat of chickens, fresh or chilled	2019	USD	1705.100000	A
PP	Mexico	Producer Price (USD/tonne)	Meat of chickens, fresh or chilled	2020	USD	1578.000000	A
PP	Mexico	Producer Price (USD/tonne)	Meat of chickens, fresh or chilled	2021	USD	1732.500000	A
PP	Mexico	Producer Price (USD/tonne)	Meat of chickens, fresh or chilled	2022	USD	1846.700000	A
PP	Mexico	Producer Price (USD/tonne)	Meat of chickens, fresh or chilled	2023	USD	2142.900000	A
PP	Mexico	Producer Price (USD/tonne)	Meat of chickens, fresh or chilled	2024	USD	2279.600000	A
PP	Mexico	Producer Price (USD/tonne)	Meat of chickens, fresh or chilled (biological)	2017	USD	1159.100000	A
PP	Mexico	Producer Price (USD/tonne)	Meat of chickens, fresh or chilled (biological)	2018	USD	1179.900000	A
PP	Mexico	Producer Price (USD/tonne)	Meat of chickens, fresh or chilled (biological)	2019	USD	1188.000000	A
PP	Mexico	Producer Price (USD/tonne)	Meat of chickens, fresh or chilled (biological)	2020	USD	1135.300000	A
PP	Mexico	Producer Price (USD/tonne)	Meat of chickens, fresh or chilled (biological)	2021	USD	1214.400000	A
PP	Mexico	Producer Price (USD/tonne)	Meat of chickens, fresh or chilled (biological)	2022	USD	1314.800000	A
PP	Mexico	Producer Price (USD/tonne)	Meat of chickens, fresh or chilled (biological)	2023	USD	1532.600000	A
PP	Mexico	Producer Price (USD/tonne)	Meat of chickens, fresh or chilled (biological)	2024	USD	1627.000000	A
PP	Mexico	Producer Price (USD/tonne)	Meat of goat, fresh or chilled	2017	USD	3305.400000	A
PP	Mexico	Producer Price (USD/tonne)	Meat of goat, fresh or chilled	2018	USD	3424.900000	A
PP	Mexico	Producer Price (USD/tonne)	Meat of goat, fresh or chilled	2019	USD	3504.300000	A
PP	Mexico	Producer Price (USD/tonne)	Meat of goat, fresh or chilled	2020	USD	3145.400000	A
PP	Mexico	Producer Price (USD/tonne)	Meat of goat, fresh or chilled	2021	USD	3413.700000	A
PP	Mexico	Producer Price (USD/tonne)	Meat of goat, fresh or chilled	2022	USD	3700.500000	A
PP	Mexico	Producer Price (USD/tonne)	Meat of goat, fresh or chilled	2023	USD	4257.500000	A
PP	Mexico	Producer Price (USD/tonne)	Meat of goat, fresh or chilled	2024	USD	4244.500000	A
PP	Mexico	Producer Price (USD/tonne)	Meat of goat, fresh or chilled (biological)	2017	USD	1621.300000	A
PP	Mexico	Producer Price (USD/tonne)	Meat of goat, fresh or chilled (biological)	2018	USD	1660.000000	A
PP	Mexico	Producer Price (USD/tonne)	Meat of goat, fresh or chilled (biological)	2019	USD	1690.000000	A
PP	Mexico	Producer Price (USD/tonne)	Meat of goat, fresh or chilled (biological)	2020	USD	1516.300000	A
PP	Mexico	Producer Price (USD/tonne)	Meat of goat, fresh or chilled (biological)	2021	USD	1617.100000	A
PP	Mexico	Producer Price (USD/tonne)	Meat of goat, fresh or chilled (biological)	2022	USD	1766.200000	A
PP	Mexico	Producer Price (USD/tonne)	Meat of goat, fresh or chilled (biological)	2023	USD	1999.900000	A
PP	Mexico	Producer Price (USD/tonne)	Meat of goat, fresh or chilled (biological)	2024	USD	2051.900000	A
PP	Mexico	Producer Price (USD/tonne)	Meat of pig with the bone, fresh or chilled	2017	USD	2279.000000	A
PP	Mexico	Producer Price (USD/tonne)	Meat of pig with the bone, fresh or chilled	2018	USD	2320.600000	A
PP	Mexico	Producer Price (USD/tonne)	Meat of pig with the bone, fresh or chilled	2019	USD	2368.800000	A
PP	Mexico	Producer Price (USD/tonne)	Meat of pig with the bone, fresh or chilled	2020	USD	2122.200000	A
PP	Mexico	Producer Price (USD/tonne)	Meat of pig with the bone, fresh or chilled	2021	USD	2306.100000	A
PP	Mexico	Producer Price (USD/tonne)	Meat of pig with the bone, fresh or chilled	2022	USD	2504.300000	A
PP	Mexico	Producer Price (USD/tonne)	Meat of pig with the bone, fresh or chilled	2023	USD	2919.200000	A
PP	Mexico	Producer Price (USD/tonne)	Meat of pig with the bone, fresh or chilled	2024	USD	2937.900000	A
PP	Mexico	Producer Price (USD/tonne)	Meat of pig with the bone, fresh or chilled (biological)	2017	USD	1404.000000	A
PP	Mexico	Producer Price (USD/tonne)	Meat of pig with the bone, fresh or chilled (biological)	2018	USD	1437.000000	A
PP	Mexico	Producer Price (USD/tonne)	Meat of pig with the bone, fresh or chilled (biological)	2019	USD	1464.200000	A
PP	Mexico	Producer Price (USD/tonne)	Meat of pig with the bone, fresh or chilled (biological)	2020	USD	1290.700000	A
PP	Mexico	Producer Price (USD/tonne)	Meat of pig with the bone, fresh or chilled (biological)	2021	USD	1388.200000	A
PP	Mexico	Producer Price (USD/tonne)	Meat of pig with the bone, fresh or chilled (biological)	2022	USD	1653.600000	A
PP	Mexico	Producer Price (USD/tonne)	Meat of pig with the bone, fresh or chilled (biological)	2023	USD	1949.400000	A
PP	Mexico	Producer Price (USD/tonne)	Meat of pig with the bone, fresh or chilled (biological)	2024	USD	2056.500000	A
PP	Mexico	Producer Price (USD/tonne)	Meat of sheep, fresh or chilled	2017	USD	3651.300000	A
PP	Mexico	Producer Price (USD/tonne)	Meat of sheep, fresh or chilled	2018	USD	3783.200000	A
PP	Mexico	Producer Price (USD/tonne)	Meat of sheep, fresh or chilled	2019	USD	3894.400000	A
PP	Mexico	Producer Price (USD/tonne)	Meat of sheep, fresh or chilled	2020	USD	3546.800000	A
PP	Mexico	Producer Price (USD/tonne)	Meat of sheep, fresh or chilled	2021	USD	3814.300000	A
PP	Mexico	Producer Price (USD/tonne)	Meat of sheep, fresh or chilled	2022	USD	4196.600000	A
PP	Mexico	Producer Price (USD/tonne)	Meat of sheep, fresh or chilled	2023	USD	5006.700000	A
PP	Mexico	Producer Price (USD/tonne)	Meat of sheep, fresh or chilled	2024	USD	5171.000000	A
PP	Mexico	Producer Price (USD/tonne)	Meat of sheep, fresh or chilled (biological)	2017	USD	1836.500000	A
PP	Mexico	Producer Price (USD/tonne)	Meat of sheep, fresh or chilled (biological)	2018	USD	1871.800000	A
PP	Mexico	Producer Price (USD/tonne)	Meat of sheep, fresh or chilled (biological)	2019	USD	1904.600000	A
PP	Mexico	Producer Price (USD/tonne)	Meat of sheep, fresh or chilled (biological)	2020	USD	1701.200000	A
PP	Mexico	Producer Price (USD/tonne)	Meat of sheep, fresh or chilled (biological)	2021	USD	1824.300000	A
PP	Mexico	Producer Price (USD/tonne)	Meat of sheep, fresh or chilled (biological)	2022	USD	1993.400000	A
PP	Mexico	Producer Price (USD/tonne)	Meat of sheep, fresh or chilled (biological)	2023	USD	2412.300000	A
PP	Mexico	Producer Price (USD/tonne)	Meat of sheep, fresh or chilled (biological)	2024	USD	2533.100000	A
PP	Mexico	Producer Price (USD/tonne)	Meat of turkeys, fresh or chilled	2017	USD	3045.100000	A
PP	Mexico	Producer Price (USD/tonne)	Meat of turkeys, fresh or chilled	2018	USD	3038.700000	A
PP	Mexico	Producer Price (USD/tonne)	Meat of turkeys, fresh or chilled	2019	USD	3090.000000	A
PP	Mexico	Producer Price (USD/tonne)	Meat of turkeys, fresh or chilled	2020	USD	2807.900000	A
PP	Mexico	Producer Price (USD/tonne)	Meat of turkeys, fresh or chilled	2021	USD	2987.600000	A
PP	Mexico	Producer Price (USD/tonne)	Meat of turkeys, fresh or chilled	2022	USD	3172.200000	A
PP	Mexico	Producer Price (USD/tonne)	Meat of turkeys, fresh or chilled	2023	USD	3662.200000	A
PP	Mexico	Producer Price (USD/tonne)	Meat of turkeys, fresh or chilled	2024	USD	3927.900000	A
PP	Mexico	Producer Price (USD/tonne)	Meat of turkeys, fresh or chilled (biological)	2017	USD	2011.100000	A
PP	Mexico	Producer Price (USD/tonne)	Meat of turkeys, fresh or chilled (biological)	2018	USD	2014.100000	A
PP	Mexico	Producer Price (USD/tonne)	Meat of turkeys, fresh or chilled (biological)	2019	USD	2019.400000	A
PP	Mexico	Producer Price (USD/tonne)	Meat of turkeys, fresh or chilled (biological)	2020	USD	1843.800000	A
PP	Mexico	Producer Price (USD/tonne)	Meat of turkeys, fresh or chilled (biological)	2021	USD	1983.300000	A
PP	Mexico	Producer Price (USD/tonne)	Meat of turkeys, fresh or chilled (biological)	2022	USD	2134.400000	A
PP	Mexico	Producer Price (USD/tonne)	Meat of turkeys, fresh or chilled (biological)	2023	USD	2450.800000	A
PP	Mexico	Producer Price (USD/tonne)	Meat of turkeys, fresh or chilled (biological)	2024	USD	2532.500000	A
PP	Mexico	Producer Price (USD/tonne)	Millet	2021	USD	27.600000	A
PP	Mexico	Producer Price (USD/tonne)	Millet	2022	USD	32.000000	A
PP	Mexico	Producer Price (USD/tonne)	Millet	2023	USD	39.800000	A
PP	Mexico	Producer Price (USD/tonne)	Natural honey	2017	USD	2266.400000	A
PP	Mexico	Producer Price (USD/tonne)	Natural honey	2018	USD	2227.700000	A
PP	Mexico	Producer Price (USD/tonne)	Natural honey	2019	USD	2084.300000	A
PP	Mexico	Producer Price (USD/tonne)	Natural honey	2020	USD	1879.200000	A
PP	Mexico	Producer Price (USD/tonne)	Natural honey	2021	USD	2239.300000	A
PP	Mexico	Producer Price (USD/tonne)	Natural honey	2022	USD	2361.800000	A
PP	Mexico	Producer Price (USD/tonne)	Natural honey	2023	USD	2447.600000	A
PP	Mexico	Producer Price (USD/tonne)	Natural honey	2024	USD	2349.400000	A
PP	Mexico	Producer Price (USD/tonne)	Natural rubber in primary forms	2017	USD	728.000000	A
PP	Mexico	Producer Price (USD/tonne)	Natural rubber in primary forms	2018	USD	606.800000	A
PP	Mexico	Producer Price (USD/tonne)	Natural rubber in primary forms	2019	USD	549.000000	A
PP	Mexico	Producer Price (USD/tonne)	Natural rubber in primary forms	2020	USD	564.700000	A
PP	Mexico	Producer Price (USD/tonne)	Natural rubber in primary forms	2021	USD	569.800000	A
PP	Mexico	Producer Price (USD/tonne)	Natural rubber in primary forms	2022	USD	629.100000	A
PP	Mexico	Producer Price (USD/tonne)	Natural rubber in primary forms	2023	USD	693.300000	A
PP	Mexico	Producer Price (USD/tonne)	Natural rubber in primary forms	2024	USD	600.100000	A
PP	Mexico	Producer Price (USD/tonne)	Oats	2017	USD	211.900000	A
PP	Mexico	Producer Price (USD/tonne)	Oats	2018	USD	268.200000	A
PP	Mexico	Producer Price (USD/tonne)	Oats	2019	USD	250.700000	A
PP	Mexico	Producer Price (USD/tonne)	Oats	2020	USD	216.300000	A
PP	Mexico	Producer Price (USD/tonne)	Oats	2021	USD	282.700000	A
PP	Mexico	Producer Price (USD/tonne)	Oats	2022	USD	310.800000	A
PP	Mexico	Producer Price (USD/tonne)	Oats	2023	USD	363.800000	A
PP	Mexico	Producer Price (USD/tonne)	Oats	2024	USD	329.000000	A
PP	Mexico	Producer Price (USD/tonne)	Oil palm fruit	2017	USD	80.000000	A
PP	Mexico	Producer Price (USD/tonne)	Oil palm fruit	2018	USD	79.600000	A
PP	Mexico	Producer Price (USD/tonne)	Oil palm fruit	2019	USD	73.300000	A
PP	Mexico	Producer Price (USD/tonne)	Oil palm fruit	2020	USD	68.500000	A
PP	Mexico	Producer Price (USD/tonne)	Oil palm fruit	2021	USD	72.400000	A
PP	Mexico	Producer Price (USD/tonne)	Oil palm fruit	2022	USD	82.300000	A
PP	Mexico	Producer Price (USD/tonne)	Oil palm fruit	2023	USD	127.400000	A
PP	Mexico	Producer Price (USD/tonne)	Oil palm fruit	2024	USD	133.100000	A
PP	Mexico	Producer Price (USD/tonne)	Okra	2017	USD	236.800000	A
PP	Mexico	Producer Price (USD/tonne)	Okra	2018	USD	241.700000	A
PP	Mexico	Producer Price (USD/tonne)	Okra	2019	USD	230.900000	A
PP	Mexico	Producer Price (USD/tonne)	Okra	2020	USD	210.700000	A
PP	Mexico	Producer Price (USD/tonne)	Okra	2021	USD	224.100000	A
PP	Mexico	Producer Price (USD/tonne)	Okra	2022	USD	330.600000	A
PP	Mexico	Producer Price (USD/tonne)	Okra	2023	USD	378.300000	A
PP	Mexico	Producer Price (USD/tonne)	Okra	2024	USD	516.000000	A
PP	Mexico	Producer Price (USD/tonne)	Olives	2017	USD	574.200000	A
PP	Mexico	Producer Price (USD/tonne)	Olives	2018	USD	555.900000	A
PP	Mexico	Producer Price (USD/tonne)	Olives	2019	USD	383.100000	A
PP	Mexico	Producer Price (USD/tonne)	Olives	2020	USD	424.400000	A
PP	Mexico	Producer Price (USD/tonne)	Olives	2021	USD	444.200000	A
PP	Mexico	Producer Price (USD/tonne)	Olives	2022	USD	642.000000	A
PP	Mexico	Producer Price (USD/tonne)	Olives	2023	USD	848.000000	A
PP	Mexico	Producer Price (USD/tonne)	Olives	2024	USD	721.700000	A
PP	Mexico	Producer Price (USD/tonne)	Onions and shallots, green	2017	USD	264.700000	A
PP	Mexico	Producer Price (USD/tonne)	Onions and shallots, green	2018	USD	262.900000	A
PP	Mexico	Producer Price (USD/tonne)	Onions and shallots, green	2019	USD	415.200000	A
PP	Mexico	Producer Price (USD/tonne)	Onions and shallots, green	2020	USD	277.700000	A
PP	Mexico	Producer Price (USD/tonne)	Onions and shallots, green	2021	USD	271.600000	A
PP	Mexico	Producer Price (USD/tonne)	Onions and shallots, green	2022	USD	365.500000	A
PP	Mexico	Producer Price (USD/tonne)	Onions and shallots, green	2023	USD	417.300000	A
PP	Mexico	Producer Price (USD/tonne)	Onions and shallots, green	2024	USD	399.100000	A
PP	Mexico	Producer Price (USD/tonne)	Oranges	2017	USD	98.400000	A
PP	Mexico	Producer Price (USD/tonne)	Oranges	2018	USD	111.700000	A
PP	Mexico	Producer Price (USD/tonne)	Oranges	2019	USD	103.700000	A
PP	Mexico	Producer Price (USD/tonne)	Oranges	2020	USD	139.900000	A
PP	Mexico	Producer Price (USD/tonne)	Oranges	2021	USD	140.600000	A
PP	Mexico	Producer Price (USD/tonne)	Oranges	2022	USD	165.200000	A
PP	Mexico	Producer Price (USD/tonne)	Oranges	2023	USD	224.400000	A
PP	Mexico	Producer Price (USD/tonne)	Oranges	2024	USD	223.000000	A
PP	Mexico	Producer Price (USD/tonne)	Other bananas (excluding cavendish and cooking bananas)	2017	USD	168.000000	A
PP	Mexico	Producer Price (USD/tonne)	Other bananas (excluding cavendish and cooking bananas)	2018	USD	180.000000	A
PP	Mexico	Producer Price (USD/tonne)	Other bananas (excluding cavendish and cooking bananas)	2019	USD	193.000000	A
PP	Mexico	Producer Price (USD/tonne)	Other bananas (excluding cavendish and cooking bananas)	2020	USD	180.000000	A
PP	Mexico	Producer Price (USD/tonne)	Other bananas (excluding cavendish and cooking bananas)	2021	USD	186.000000	A
PP	Mexico	Producer Price (USD/tonne)	Other bananas (excluding cavendish and cooking bananas)	2022	USD	203.000000	A
PP	Mexico	Producer Price (USD/tonne)	Other bananas (excluding cavendish and cooking bananas)	2023	USD	235.000000	A
PP	Mexico	Producer Price (USD/tonne)	Other bananas (excluding cavendish and cooking bananas)	2024	USD	237.000000	A
PP	Mexico	Producer Price (USD/tonne)	Other beans, green	2017	USD	369.500000	A
PP	Mexico	Producer Price (USD/tonne)	Other beans, green	2018	USD	391.500000	A
PP	Mexico	Producer Price (USD/tonne)	Other beans, green	2019	USD	403.500000	A
PP	Mexico	Producer Price (USD/tonne)	Other beans, green	2020	USD	348.100000	A
PP	Mexico	Producer Price (USD/tonne)	Other beans, green	2021	USD	374.600000	A
PP	Mexico	Producer Price (USD/tonne)	Other beans, green	2022	USD	418.600000	A
PP	Mexico	Producer Price (USD/tonne)	Other beans, green	2023	USD	601.900000	A
PP	Mexico	Producer Price (USD/tonne)	Other beans, green	2024	USD	584.300000	A
PP	Mexico	Producer Price (USD/tonne)	Other berries and fruits of the genus vaccinium n.e.c.	2022	USD	1070.400000	A
PP	Mexico	Producer Price (USD/tonne)	Other berries and fruits of the genus vaccinium n.e.c.	2023	USD	1320.200000	A
PP	Mexico	Producer Price (USD/tonne)	Other berries and fruits of the genus vaccinium n.e.c.	2024	USD	1231.400000	A
PP	Mexico	Producer Price (USD/tonne)	Papayas	2017	USD	271.800000	A
PP	Mexico	Producer Price (USD/tonne)	Papayas	2018	USD	309.100000	A
PP	Mexico	Producer Price (USD/tonne)	Papayas	2019	USD	302.800000	A
PP	Mexico	Producer Price (USD/tonne)	Papayas	2020	USD	263.400000	A
PP	Mexico	Producer Price (USD/tonne)	Papayas	2021	USD	293.800000	A
PP	Mexico	Producer Price (USD/tonne)	Papayas	2022	USD	310.300000	A
PP	Mexico	Producer Price (USD/tonne)	Papayas	2023	USD	372.900000	A
PP	Mexico	Producer Price (USD/tonne)	Papayas	2024	USD	364.700000	A
PP	Mexico	Producer Price (USD/tonne)	Peaches and nectarines	2017	USD	432.500000	A
PP	Mexico	Producer Price (USD/tonne)	Peaches and nectarines	2018	USD	453.700000	A
PP	Mexico	Producer Price (USD/tonne)	Peaches and nectarines	2019	USD	546.400000	A
PP	Mexico	Producer Price (USD/tonne)	Peaches and nectarines	2020	USD	482.300000	A
PP	Mexico	Producer Price (USD/tonne)	Peaches and nectarines	2021	USD	532.900000	A
PP	Mexico	Producer Price (USD/tonne)	Peaches and nectarines	2022	USD	555.700000	A
PP	Mexico	Producer Price (USD/tonne)	Peaches and nectarines	2023	USD	705.800000	A
PP	Mexico	Producer Price (USD/tonne)	Peaches and nectarines	2024	USD	632.600000	A
PP	Mexico	Producer Price (USD/tonne)	Pears	2017	USD	242.100000	A
PP	Mexico	Producer Price (USD/tonne)	Pears	2018	USD	218.700000	A
PP	Mexico	Producer Price (USD/tonne)	Pears	2019	USD	212.300000	A
PP	Mexico	Producer Price (USD/tonne)	Pears	2020	USD	224.100000	A
PP	Mexico	Producer Price (USD/tonne)	Pears	2021	USD	236.100000	A
PP	Mexico	Producer Price (USD/tonne)	Pears	2022	USD	263.800000	A
PP	Mexico	Producer Price (USD/tonne)	Pears	2023	USD	330.700000	A
PP	Mexico	Producer Price (USD/tonne)	Pears	2024	USD	352.100000	A
PP	Mexico	Producer Price (USD/tonne)	Peas, dry	2017	USD	422.600000	A
PP	Mexico	Producer Price (USD/tonne)	Peas, dry	2018	USD	439.300000	A
PP	Mexico	Producer Price (USD/tonne)	Peas, dry	2019	USD	453.400000	A
PP	Mexico	Producer Price (USD/tonne)	Peas, dry	2020	USD	388.700000	A
PP	Mexico	Producer Price (USD/tonne)	Peas, dry	2021	USD	419.100000	A
PP	Mexico	Producer Price (USD/tonne)	Peas, dry	2022	USD	446.400000	A
PP	Mexico	Producer Price (USD/tonne)	Peas, dry	2023	USD	522.400000	A
PP	Mexico	Producer Price (USD/tonne)	Peas, dry	2024	USD	459.700000	A
PP	Mexico	Producer Price (USD/tonne)	Peas, green	2017	USD	429.400000	A
PP	Mexico	Producer Price (USD/tonne)	Peas, green	2018	USD	444.100000	A
PP	Mexico	Producer Price (USD/tonne)	Peas, green	2019	USD	467.800000	A
PP	Mexico	Producer Price (USD/tonne)	Peas, green	2020	USD	402.800000	A
PP	Mexico	Producer Price (USD/tonne)	Peas, green	2021	USD	432.600000	A
PP	Mexico	Producer Price (USD/tonne)	Peas, green	2022	USD	481.700000	A
PP	Mexico	Producer Price (USD/tonne)	Peas, green	2023	USD	556.300000	A
PP	Mexico	Producer Price (USD/tonne)	Peas, green	2024	USD	466.900000	A
PP	Mexico	Producer Price (USD/tonne)	Pepper (Piper spp.), raw	2017	USD	772.400000	A
PP	Mexico	Producer Price (USD/tonne)	Pepper (Piper spp.), raw	2018	USD	640.100000	A
PP	Mexico	Producer Price (USD/tonne)	Pepper (Piper spp.), raw	2019	USD	757.000000	A
PP	Mexico	Producer Price (USD/tonne)	Pepper (Piper spp.), raw	2020	USD	648.000000	A
PP	Mexico	Producer Price (USD/tonne)	Pepper (Piper spp.), raw	2021	USD	677.100000	A
PP	Mexico	Producer Price (USD/tonne)	Pepper (Piper spp.), raw	2022	USD	781.100000	A
PP	Mexico	Producer Price (USD/tonne)	Pepper (Piper spp.), raw	2023	USD	880.300000	A
PP	Mexico	Producer Price (USD/tonne)	Pepper (Piper spp.), raw	2024	USD	856.900000	A
PP	Mexico	Producer Price (USD/tonne)	Persimmons	2017	USD	928.800000	A
PP	Mexico	Producer Price (USD/tonne)	Persimmons	2018	USD	904.700000	A
PP	Mexico	Producer Price (USD/tonne)	Persimmons	2019	USD	816.100000	A
PP	Mexico	Producer Price (USD/tonne)	Persimmons	2020	USD	786.700000	A
PP	Mexico	Producer Price (USD/tonne)	Persimmons	2021	USD	822.700000	A
PP	Mexico	Producer Price (USD/tonne)	Persimmons	2022	USD	834.500000	A
PP	Mexico	Producer Price (USD/tonne)	Persimmons	2023	USD	1080.800000	A
PP	Mexico	Producer Price (USD/tonne)	Persimmons	2024	USD	1092.600000	A
PP	Mexico	Producer Price (USD/tonne)	Pineapples	2017	USD	221.700000	A
PP	Mexico	Producer Price (USD/tonne)	Pineapples	2018	USD	221.300000	A
PP	Mexico	Producer Price (USD/tonne)	Pineapples	2019	USD	232.400000	A
PP	Mexico	Producer Price (USD/tonne)	Pineapples	2020	USD	211.500000	A
PP	Mexico	Producer Price (USD/tonne)	Pineapples	2021	USD	247.900000	A
PP	Mexico	Producer Price (USD/tonne)	Pineapples	2022	USD	253.700000	A
PP	Mexico	Producer Price (USD/tonne)	Pineapples	2023	USD	322.800000	A
PP	Mexico	Producer Price (USD/tonne)	Pineapples	2024	USD	303.600000	A
PP	Mexico	Producer Price (USD/tonne)	Pistachios, in shell	2017	USD	9090.900000	A
PP	Mexico	Producer Price (USD/tonne)	Pistachios, in shell	2018	USD	4867.200000	A
PP	Mexico	Producer Price (USD/tonne)	Pistachios, in shell	2019	USD	4681.000000	A
PP	Mexico	Producer Price (USD/tonne)	Pistachios, in shell	2020	USD	5500.900000	A
PP	Mexico	Producer Price (USD/tonne)	Pistachios, in shell	2021	USD	4968.200000	A
PP	Mexico	Producer Price (USD/tonne)	Pistachios, in shell	2022	USD	5633.500000	A
PP	Mexico	Producer Price (USD/tonne)	Pistachios, in shell	2023	USD	5681.500000	A
PP	Mexico	Producer Price (USD/tonne)	Pistachios, in shell	2024	USD	5947.000000	A
PP	Mexico	Producer Price (USD/tonne)	Plums and sloes	2017	USD	278.400000	A
PP	Mexico	Producer Price (USD/tonne)	Plums and sloes	2018	USD	293.200000	A
PP	Mexico	Producer Price (USD/tonne)	Plums and sloes	2019	USD	317.200000	A
PP	Mexico	Producer Price (USD/tonne)	Plums and sloes	2020	USD	265.700000	A
PP	Mexico	Producer Price (USD/tonne)	Plums and sloes	2021	USD	284.800000	A
PP	Mexico	Producer Price (USD/tonne)	Plums and sloes	2022	USD	340.900000	A
PP	Mexico	Producer Price (USD/tonne)	Plums and sloes	2023	USD	398.500000	A
PP	Mexico	Producer Price (USD/tonne)	Plums and sloes	2024	USD	362.900000	A
PP	Mexico	Producer Price (USD/tonne)	Pomelos and grapefruits	2017	USD	137.700000	A
PP	Mexico	Producer Price (USD/tonne)	Pomelos and grapefruits	2018	USD	148.600000	A
PP	Mexico	Producer Price (USD/tonne)	Pomelos and grapefruits	2019	USD	177.000000	A
PP	Mexico	Producer Price (USD/tonne)	Pomelos and grapefruits	2020	USD	152.100000	A
PP	Mexico	Producer Price (USD/tonne)	Pomelos and grapefruits	2021	USD	153.400000	A
PP	Mexico	Producer Price (USD/tonne)	Pomelos and grapefruits	2022	USD	192.800000	A
PP	Mexico	Producer Price (USD/tonne)	Pomelos and grapefruits	2023	USD	251.500000	A
PP	Mexico	Producer Price (USD/tonne)	Pomelos and grapefruits	2024	USD	235.500000	A
PP	Mexico	Producer Price (USD/tonne)	Potatoes	2017	USD	347.200000	A
PP	Mexico	Producer Price (USD/tonne)	Potatoes	2018	USD	408.300000	A
PP	Mexico	Producer Price (USD/tonne)	Potatoes	2019	USD	407.000000	A
PP	Mexico	Producer Price (USD/tonne)	Potatoes	2020	USD	362.100000	A
PP	Mexico	Producer Price (USD/tonne)	Potatoes	2021	USD	414.800000	A
PP	Mexico	Producer Price (USD/tonne)	Potatoes	2022	USD	427.600000	A
PP	Mexico	Producer Price (USD/tonne)	Potatoes	2023	USD	494.100000	A
PP	Mexico	Producer Price (USD/tonne)	Potatoes	2024	USD	521.100000	A
PP	Mexico	Producer Price (USD/tonne)	Pumpkins, squash and gourds	2017	USD	404.700000	A
PP	Mexico	Producer Price (USD/tonne)	Pumpkins, squash and gourds	2018	USD	450.400000	A
PP	Mexico	Producer Price (USD/tonne)	Pumpkins, squash and gourds	2019	USD	421.700000	A
PP	Mexico	Producer Price (USD/tonne)	Pumpkins, squash and gourds	2020	USD	291.500000	A
PP	Mexico	Producer Price (USD/tonne)	Pumpkins, squash and gourds	2021	USD	314.300000	A
PP	Mexico	Producer Price (USD/tonne)	Pumpkins, squash and gourds	2022	USD	333.600000	A
PP	Mexico	Producer Price (USD/tonne)	Pumpkins, squash and gourds	2023	USD	393.400000	A
PP	Mexico	Producer Price (USD/tonne)	Pumpkins, squash and gourds	2024	USD	380.400000	A
PP	Mexico	Producer Price (USD/tonne)	Quinces	2017	USD	511.200000	A
PP	Mexico	Producer Price (USD/tonne)	Quinces	2018	USD	417.800000	A
PP	Mexico	Producer Price (USD/tonne)	Quinces	2019	USD	516.700000	A
PP	Mexico	Producer Price (USD/tonne)	Quinces	2020	USD	430.400000	A
PP	Mexico	Producer Price (USD/tonne)	Quinces	2021	USD	450.100000	A
PP	Mexico	Producer Price (USD/tonne)	Quinces	2022	USD	473.000000	A
PP	Mexico	Producer Price (USD/tonne)	Quinces	2023	USD	781.300000	A
PP	Mexico	Producer Price (USD/tonne)	Quinces	2024	USD	691.100000	A
PP	Mexico	Producer Price (USD/tonne)	Rape or colza seed	2017	USD	365.100000	A
PP	Mexico	Producer Price (USD/tonne)	Rape or colza seed	2018	USD	355.800000	A
PP	Mexico	Producer Price (USD/tonne)	Rape or colza seed	2019	USD	395.400000	A
PP	Mexico	Producer Price (USD/tonne)	Rape or colza seed	2020	USD	333.500000	A
PP	Mexico	Producer Price (USD/tonne)	Rape or colza seed	2021	USD	360.100000	A
PP	Mexico	Producer Price (USD/tonne)	Rape or colza seed	2022	USD	580.100000	A
PP	Mexico	Producer Price (USD/tonne)	Rape or colza seed	2023	USD	676.100000	A
PP	Mexico	Producer Price (USD/tonne)	Rape or colza seed	2024	USD	370.700000	A
PP	Mexico	Producer Price (USD/tonne)	Raspberries	2017	USD	1976.800000	A
PP	Mexico	Producer Price (USD/tonne)	Raspberries	2018	USD	2046.900000	A
PP	Mexico	Producer Price (USD/tonne)	Raspberries	2019	USD	2076.500000	A
PP	Mexico	Producer Price (USD/tonne)	Raspberries	2020	USD	1510.700000	A
PP	Mexico	Producer Price (USD/tonne)	Raspberries	2021	USD	2004.200000	A
PP	Mexico	Producer Price (USD/tonne)	Raspberries	2022	USD	3504.100000	A
PP	Mexico	Producer Price (USD/tonne)	Raspberries	2023	USD	3983.700000	A
PP	Mexico	Producer Price (USD/tonne)	Raspberries	2024	USD	3990.300000	A
PP	Mexico	Producer Price (USD/tonne)	Raw milk of cattle	2017	USD	317.300000	A
PP	Mexico	Producer Price (USD/tonne)	Raw milk of cattle	2018	USD	318.900000	A
PP	Mexico	Producer Price (USD/tonne)	Raw milk of cattle	2019	USD	336.600000	A
PP	Mexico	Producer Price (USD/tonne)	Raw milk of cattle	2020	USD	314.000000	A
PP	Mexico	Producer Price (USD/tonne)	Raw milk of cattle	2021	USD	348.600000	A
PP	Mexico	Producer Price (USD/tonne)	Raw milk of cattle	2022	USD	386.900000	A
PP	Mexico	Producer Price (USD/tonne)	Raw milk of cattle	2023	USD	476.500000	A
PP	Mexico	Producer Price (USD/tonne)	Raw milk of cattle	2024	USD	501.300000	A
PP	Mexico	Producer Price (USD/tonne)	Raw milk of goats	2017	USD	270.400000	A
PP	Mexico	Producer Price (USD/tonne)	Raw milk of goats	2018	USD	286.600000	A
PP	Mexico	Producer Price (USD/tonne)	Raw milk of goats	2019	USD	316.600000	A
PP	Mexico	Producer Price (USD/tonne)	Raw milk of goats	2020	USD	300.700000	A
PP	Mexico	Producer Price (USD/tonne)	Raw milk of goats	2021	USD	336.700000	A
PP	Mexico	Producer Price (USD/tonne)	Raw milk of goats	2022	USD	361.400000	A
PP	Mexico	Producer Price (USD/tonne)	Raw milk of goats	2023	USD	444.900000	A
PP	Mexico	Producer Price (USD/tonne)	Raw milk of goats	2024	USD	451.200000	A
PP	Mexico	Producer Price (USD/tonne)	Rice	2017	USD	217.700000	A
PP	Mexico	Producer Price (USD/tonne)	Rice	2018	USD	232.900000	A
PP	Mexico	Producer Price (USD/tonne)	Rice	2019	USD	236.100000	A
PP	Mexico	Producer Price (USD/tonne)	Rice	2020	USD	232.100000	A
PP	Mexico	Producer Price (USD/tonne)	Rice	2021	USD	257.400000	A
PP	Mexico	Producer Price (USD/tonne)	Rice	2022	USD	297.800000	A
PP	Mexico	Producer Price (USD/tonne)	Rice	2023	USD	330.200000	A
PP	Mexico	Producer Price (USD/tonne)	Rice	2024	USD	323.900000	A
PP	Mexico	Producer Price (USD/tonne)	Rye	2017	USD	181.800000	A
PP	Mexico	Producer Price (USD/tonne)	Rye	2018	USD	187.100000	A
PP	Mexico	Producer Price (USD/tonne)	Rye	2019	USD	197.200000	A
PP	Mexico	Producer Price (USD/tonne)	Rye	2020	USD	168.200000	A
PP	Mexico	Producer Price (USD/tonne)	Rye	2021	USD	181.100000	A
PP	Mexico	Producer Price (USD/tonne)	Rye	2022	USD	193.800000	A
PP	Mexico	Producer Price (USD/tonne)	Rye	2023	USD	241.600000	A
PP	Mexico	Producer Price (USD/tonne)	Rye	2024	USD	176.000000	A
PP	Mexico	Producer Price (USD/tonne)	Safflower seed	2017	USD	295.900000	A
PP	Mexico	Producer Price (USD/tonne)	Safflower seed	2018	USD	346.700000	A
PP	Mexico	Producer Price (USD/tonne)	Safflower seed	2019	USD	362.200000	A
PP	Mexico	Producer Price (USD/tonne)	Safflower seed	2020	USD	368.400000	A
PP	Mexico	Producer Price (USD/tonne)	Safflower seed	2021	USD	402.500000	A
PP	Mexico	Producer Price (USD/tonne)	Safflower seed	2022	USD	536.000000	A
PP	Mexico	Producer Price (USD/tonne)	Safflower seed	2023	USD	633.400000	A
PP	Mexico	Producer Price (USD/tonne)	Safflower seed	2024	USD	471.700000	A
PP	Mexico	Producer Price (USD/tonne)	Seed cotton, unginned	2017	USD	647.500000	A
PP	Mexico	Producer Price (USD/tonne)	Seed cotton, unginned	2018	USD	646.000000	A
PP	Mexico	Producer Price (USD/tonne)	Seed cotton, unginned	2019	USD	614.500000	A
PP	Mexico	Producer Price (USD/tonne)	Seed cotton, unginned	2020	USD	621.100000	A
PP	Mexico	Producer Price (USD/tonne)	Seed cotton, unginned	2021	USD	902.000000	A
PP	Mexico	Producer Price (USD/tonne)	Seed cotton, unginned	2022	USD	795.500000	A
PP	Mexico	Producer Price (USD/tonne)	Seed cotton, unginned	2023	USD	899.400000	A
PP	Mexico	Producer Price (USD/tonne)	Seed cotton, unginned	2024	USD	736.200000	A
PP	Mexico	Producer Price (USD/tonne)	Sesame seed	2017	USD	850.200000	A
PP	Mexico	Producer Price (USD/tonne)	Sesame seed	2018	USD	948.700000	A
PP	Mexico	Producer Price (USD/tonne)	Sesame seed	2019	USD	1002.200000	A
PP	Mexico	Producer Price (USD/tonne)	Sesame seed	2020	USD	870.000000	A
PP	Mexico	Producer Price (USD/tonne)	Sesame seed	2021	USD	1045.200000	A
PP	Mexico	Producer Price (USD/tonne)	Sesame seed	2022	USD	1043.900000	A
PP	Mexico	Producer Price (USD/tonne)	Sesame seed	2023	USD	1273.600000	A
PP	Mexico	Producer Price (USD/tonne)	Sesame seed	2024	USD	1032.800000	A
PP	Mexico	Producer Price (USD/tonne)	Shorn wool, greasy, including fleece-washed shorn wool	2017	USD	269.400000	A
PP	Mexico	Producer Price (USD/tonne)	Shorn wool, greasy, including fleece-washed shorn wool	2018	USD	258.100000	A
PP	Mexico	Producer Price (USD/tonne)	Shorn wool, greasy, including fleece-washed shorn wool	2019	USD	266.300000	A
PP	Mexico	Producer Price (USD/tonne)	Shorn wool, greasy, including fleece-washed shorn wool	2020	USD	242.600000	A
PP	Mexico	Producer Price (USD/tonne)	Shorn wool, greasy, including fleece-washed shorn wool	2021	USD	259.800000	A
PP	Mexico	Producer Price (USD/tonne)	Shorn wool, greasy, including fleece-washed shorn wool	2022	USD	276.500000	A
PP	Mexico	Producer Price (USD/tonne)	Shorn wool, greasy, including fleece-washed shorn wool	2023	USD	328.100000	A
PP	Mexico	Producer Price (USD/tonne)	Shorn wool, greasy, including fleece-washed shorn wool	2024	USD	381.800000	A
PP	Mexico	Producer Price (USD/tonne)	Sisal, raw	2021	USD	564.100000	A
PP	Mexico	Producer Price (USD/tonne)	Sisal, raw	2022	USD	727.900000	A
PP	Mexico	Producer Price (USD/tonne)	Sisal, raw	2023	USD	866.200000	A
PP	Mexico	Producer Price (USD/tonne)	Sisal, raw	2024	USD	798.000000	A
PP	Mexico	Producer Price (USD/tonne)	Sorghum	2017	USD	166.600000	A
PP	Mexico	Producer Price (USD/tonne)	Sorghum	2018	USD	183.300000	A
PP	Mexico	Producer Price (USD/tonne)	Sorghum	2019	USD	172.000000	A
PP	Mexico	Producer Price (USD/tonne)	Sorghum	2020	USD	174.400000	A
PP	Mexico	Producer Price (USD/tonne)	Sorghum	2021	USD	250.500000	A
PP	Mexico	Producer Price (USD/tonne)	Sorghum	2022	USD	305.700000	A
PP	Mexico	Producer Price (USD/tonne)	Sorghum	2023	USD	304.500000	A
PP	Mexico	Producer Price (USD/tonne)	Sorghum	2024	USD	232.200000	A
PP	Mexico	Producer Price (USD/tonne)	Soya beans	2017	USD	370.600000	A
PP	Mexico	Producer Price (USD/tonne)	Soya beans	2018	USD	353.100000	A
PP	Mexico	Producer Price (USD/tonne)	Soya beans	2019	USD	355.800000	A
PP	Mexico	Producer Price (USD/tonne)	Soya beans	2020	USD	367.900000	A
PP	Mexico	Producer Price (USD/tonne)	Soya beans	2021	USD	467.000000	A
PP	Mexico	Producer Price (USD/tonne)	Soya beans	2022	USD	469.400000	A
PP	Mexico	Producer Price (USD/tonne)	Soya beans	2023	USD	521.900000	A
PP	Mexico	Producer Price (USD/tonne)	Soya beans	2024	USD	440.800000	A
PP	Mexico	Producer Price (USD/tonne)	Spinach	2017	USD	259.800000	A
PP	Mexico	Producer Price (USD/tonne)	Spinach	2018	USD	256.600000	A
PP	Mexico	Producer Price (USD/tonne)	Spinach	2019	USD	269.600000	A
PP	Mexico	Producer Price (USD/tonne)	Spinach	2020	USD	234.900000	A
PP	Mexico	Producer Price (USD/tonne)	Spinach	2021	USD	250.600000	A
PP	Mexico	Producer Price (USD/tonne)	Spinach	2022	USD	247.500000	A
PP	Mexico	Producer Price (USD/tonne)	Spinach	2023	USD	317.200000	A
PP	Mexico	Producer Price (USD/tonne)	Spinach	2024	USD	321.600000	A
PP	Mexico	Producer Price (USD/tonne)	Strawberries	2017	USD	1014.500000	A
PP	Mexico	Producer Price (USD/tonne)	Strawberries	2018	USD	1065.400000	A
PP	Mexico	Producer Price (USD/tonne)	Strawberries	2019	USD	1240.600000	A
PP	Mexico	Producer Price (USD/tonne)	Strawberries	2020	USD	895.000000	A
PP	Mexico	Producer Price (USD/tonne)	Strawberries	2021	USD	998.700000	A
PP	Mexico	Producer Price (USD/tonne)	Strawberries	2022	USD	1200.100000	A
PP	Mexico	Producer Price (USD/tonne)	Strawberries	2023	USD	1359.100000	A
PP	Mexico	Producer Price (USD/tonne)	Strawberries	2024	USD	1349.700000	A
PP	Mexico	Producer Price (USD/tonne)	Sugar cane	2017	USD	35.600000	A
PP	Mexico	Producer Price (USD/tonne)	Sugar cane	2018	USD	40.700000	A
PP	Mexico	Producer Price (USD/tonne)	Sugar cane	2019	USD	40.500000	A
PP	Mexico	Producer Price (USD/tonne)	Sugar cane	2020	USD	36.700000	A
PP	Mexico	Producer Price (USD/tonne)	Sugar cane	2021	USD	41.900000	A
PP	Mexico	Producer Price (USD/tonne)	Sugar cane	2022	USD	46.600000	A
PP	Mexico	Producer Price (USD/tonne)	Sugar cane	2023	USD	53.600000	A
PP	Mexico	Producer Price (USD/tonne)	Sugar cane	2024	USD	52.100000	A
PP	Mexico	Producer Price (USD/tonne)	Sunflower seed	2017	USD	289.400000	A
PP	Mexico	Producer Price (USD/tonne)	Sunflower seed	2018	USD	347.800000	A
PP	Mexico	Producer Price (USD/tonne)	Sunflower seed	2019	USD	368.800000	A
PP	Mexico	Producer Price (USD/tonne)	Sunflower seed	2020	USD	298.900000	A
PP	Mexico	Producer Price (USD/tonne)	Sunflower seed	2021	USD	323.800000	A
PP	Mexico	Producer Price (USD/tonne)	Sunflower seed	2022	USD	415.700000	A
PP	Mexico	Producer Price (USD/tonne)	Sunflower seed	2023	USD	479.300000	A
PP	Mexico	Producer Price (USD/tonne)	Sunflower seed	2024	USD	443.200000	A
PP	Mexico	Producer Price (USD/tonne)	Sweet potatoes	2017	USD	227.800000	A
PP	Mexico	Producer Price (USD/tonne)	Sweet potatoes	2018	USD	247.400000	A
PP	Mexico	Producer Price (USD/tonne)	Sweet potatoes	2019	USD	275.300000	A
PP	Mexico	Producer Price (USD/tonne)	Sweet potatoes	2020	USD	224.900000	A
PP	Mexico	Producer Price (USD/tonne)	Sweet potatoes	2021	USD	244.500000	A
PP	Mexico	Producer Price (USD/tonne)	Sweet potatoes	2022	USD	351.600000	A
PP	Mexico	Producer Price (USD/tonne)	Sweet potatoes	2023	USD	424.200000	A
PP	Mexico	Producer Price (USD/tonne)	Sweet potatoes	2024	USD	416.500000	A
PP	Mexico	Producer Price (USD/tonne)	Tangerines, mandarins, clementines	2017	USD	125.900000	A
PP	Mexico	Producer Price (USD/tonne)	Tangerines, mandarins, clementines	2018	USD	140.900000	A
PP	Mexico	Producer Price (USD/tonne)	Tangerines, mandarins, clementines	2019	USD	158.300000	A
PP	Mexico	Producer Price (USD/tonne)	Tangerines, mandarins, clementines	2020	USD	127.200000	A
PP	Mexico	Producer Price (USD/tonne)	Tangerines, mandarins, clementines	2021	USD	145.000000	A
PP	Mexico	Producer Price (USD/tonne)	Tangerines, mandarins, clementines	2022	USD	185.600000	A
PP	Mexico	Producer Price (USD/tonne)	Tangerines, mandarins, clementines	2023	USD	209.900000	A
PP	Mexico	Producer Price (USD/tonne)	Tangerines, mandarins, clementines	2024	USD	206.200000	A
PP	Mexico	Producer Price (USD/tonne)	Tea leaves	2017	USD	72.300000	A
PP	Mexico	Producer Price (USD/tonne)	Tea leaves	2018	USD	68.700000	A
PP	Mexico	Producer Price (USD/tonne)	Tea leaves	2019	USD	81.400000	A
PP	Mexico	Producer Price (USD/tonne)	Tea leaves	2020	USD	66.600000	A
PP	Mexico	Producer Price (USD/tonne)	Tea leaves	2021	USD	72.200000	A
PP	Mexico	Producer Price (USD/tonne)	Tea leaves	2022	USD	131.900000	A
PP	Mexico	Producer Price (USD/tonne)	Tea leaves	2023	USD	219.000000	A
PP	Mexico	Producer Price (USD/tonne)	Tea leaves	2024	USD	175.400000	A
PP	Mexico	Producer Price (USD/tonne)	Tomatoes	2017	USD	388.100000	A
PP	Mexico	Producer Price (USD/tonne)	Tomatoes	2018	USD	428.100000	A
PP	Mexico	Producer Price (USD/tonne)	Tomatoes	2019	USD	450.600000	A
PP	Mexico	Producer Price (USD/tonne)	Tomatoes	2020	USD	437.400000	A
PP	Mexico	Producer Price (USD/tonne)	Tomatoes	2021	USD	467.500000	A
PP	Mexico	Producer Price (USD/tonne)	Tomatoes	2022	USD	452.200000	A
PP	Mexico	Producer Price (USD/tonne)	Tomatoes	2023	USD	565.300000	A
PP	Mexico	Producer Price (USD/tonne)	Tomatoes	2024	USD	549.700000	A
PP	Mexico	Producer Price (USD/tonne)	Triticale	2017	USD	182.700000	A
PP	Mexico	Producer Price (USD/tonne)	Triticale	2018	USD	188.700000	A
PP	Mexico	Producer Price (USD/tonne)	Triticale	2019	USD	193.600000	A
PP	Mexico	Producer Price (USD/tonne)	Triticale	2021	USD	187.900000	A
PP	Mexico	Producer Price (USD/tonne)	Triticale	2022	USD	222.700000	A
PP	Mexico	Producer Price (USD/tonne)	Triticale	2023	USD	247.700000	A
PP	Mexico	Producer Price (USD/tonne)	Triticale	2024	USD	232.400000	A
PP	Mexico	Producer Price (USD/tonne)	Unmanufactured tobacco	2017	USD	1717.100000	A
PP	Mexico	Producer Price (USD/tonne)	Unmanufactured tobacco	2018	USD	2041.800000	A
PP	Mexico	Producer Price (USD/tonne)	Unmanufactured tobacco	2019	USD	2039.600000	A
PP	Mexico	Producer Price (USD/tonne)	Unmanufactured tobacco	2020	USD	1800.300000	A
PP	Mexico	Producer Price (USD/tonne)	Unmanufactured tobacco	2021	USD	1948.500000	A
PP	Mexico	Producer Price (USD/tonne)	Unmanufactured tobacco	2022	USD	1976.500000	A
PP	Mexico	Producer Price (USD/tonne)	Unmanufactured tobacco	2023	USD	2244.400000	A
PP	Mexico	Producer Price (USD/tonne)	Unmanufactured tobacco	2024	USD	2364.700000	A
PP	Mexico	Producer Price (USD/tonne)	Vanilla, raw	2017	USD	5476.000000	A
PP	Mexico	Producer Price (USD/tonne)	Vanilla, raw	2018	USD	5501.500000	A
PP	Mexico	Producer Price (USD/tonne)	Vanilla, raw	2019	USD	4317.900000	A
PP	Mexico	Producer Price (USD/tonne)	Vanilla, raw	2020	USD	4512.500000	A
PP	Mexico	Producer Price (USD/tonne)	Vanilla, raw	2021	USD	4712.000000	A
PP	Mexico	Producer Price (USD/tonne)	Vanilla, raw	2022	USD	5635.000000	A
PP	Mexico	Producer Price (USD/tonne)	Vanilla, raw	2023	USD	6318.100000	A
PP	Mexico	Producer Price (USD/tonne)	Vanilla, raw	2024	USD	6121.900000	A
PP	Mexico	Producer Price (USD/tonne)	Vetches	2017	USD	44.800000	A
PP	Mexico	Producer Price (USD/tonne)	Vetches	2018	USD	43.400000	A
PP	Mexico	Producer Price (USD/tonne)	Vetches	2019	USD	39.300000	A
PP	Mexico	Producer Price (USD/tonne)	Vetches	2020	USD	37.600000	A
PP	Mexico	Producer Price (USD/tonne)	Vetches	2021	USD	39.500000	A
PP	Mexico	Producer Price (USD/tonne)	Vetches	2022	USD	41.100000	A
PP	Mexico	Producer Price (USD/tonne)	Vetches	2023	USD	47.000000	A
PP	Mexico	Producer Price (USD/tonne)	Vetches	2024	USD	45.000000	A
PP	Mexico	Producer Price (USD/tonne)	Walnuts, in shell	2017	USD	4094.500000	A
PP	Mexico	Producer Price (USD/tonne)	Walnuts, in shell	2018	USD	4106.800000	A
PP	Mexico	Producer Price (USD/tonne)	Walnuts, in shell	2019	USD	3831.200000	A
PP	Mexico	Producer Price (USD/tonne)	Walnuts, in shell	2020	USD	3399.300000	A
PP	Mexico	Producer Price (USD/tonne)	Walnuts, in shell	2021	USD	4453.000000	A
PP	Mexico	Producer Price (USD/tonne)	Walnuts, in shell	2022	USD	3633.600000	A
PP	Mexico	Producer Price (USD/tonne)	Walnuts, in shell	2023	USD	3762.100000	A
PP	Mexico	Producer Price (USD/tonne)	Walnuts, in shell	2024	USD	4083.400000	A
PP	Mexico	Producer Price (USD/tonne)	Watermelons	2017	USD	183.100000	A
PP	Mexico	Producer Price (USD/tonne)	Watermelons	2018	USD	199.300000	A
PP	Mexico	Producer Price (USD/tonne)	Watermelons	2019	USD	190.100000	A
PP	Mexico	Producer Price (USD/tonne)	Watermelons	2020	USD	171.500000	A
PP	Mexico	Producer Price (USD/tonne)	Watermelons	2021	USD	202.600000	A
PP	Mexico	Producer Price (USD/tonne)	Watermelons	2022	USD	226.400000	A
PP	Mexico	Producer Price (USD/tonne)	Watermelons	2023	USD	287.900000	A
PP	Mexico	Producer Price (USD/tonne)	Watermelons	2024	USD	267.700000	A
PP	Mexico	Producer Price (USD/tonne)	Wheat	2017	USD	200.400000	A
PP	Mexico	Producer Price (USD/tonne)	Wheat	2018	USD	212.200000	A
PP	Mexico	Producer Price (USD/tonne)	Wheat	2019	USD	206.200000	A
PP	Mexico	Producer Price (USD/tonne)	Wheat	2020	USD	223.600000	A
PP	Mexico	Producer Price (USD/tonne)	Wheat	2021	USD	266.400000	A
PP	Mexico	Producer Price (USD/tonne)	Wheat	2022	USD	403.600000	A
PP	Mexico	Producer Price (USD/tonne)	Wheat	2023	USD	451.100000	A
PP	Mexico	Producer Price (USD/tonne)	Wheat	2024	USD	348.500000	A
PP	Mexico	Producer Price (USD/tonne)	Yautia	2017	USD	242.800000	A
PP	Mexico	Producer Price (USD/tonne)	Yautia	2018	USD	307.000000	A
PP	Mexico	Producer Price (USD/tonne)	Yautia	2019	USD	229.600000	A
PP	Mexico	Producer Price (USD/tonne)	Yautia	2020	USD	235.900000	A
PP	Mexico	Producer Price (USD/tonne)	Yautia	2021	USD	259.700000	A
PP	Mexico	Producer Price (USD/tonne)	Yautia	2022	USD	308.200000	A
PP	Mexico	Producer Price (USD/tonne)	Yautia	2023	USD	355.000000	A
PP	Mexico	Producer Price (USD/tonne)	Yautia	2024	USD	341.500000	A
PP	Mongolia	Producer Price (USD/tonne)	Barley	2017	USD	231.200000	A
PP	Mongolia	Producer Price (USD/tonne)	Barley	2018	USD	292.600000	A
PP	Mongolia	Producer Price (USD/tonne)	Barley	2019	USD	324.100000	A
PP	Mongolia	Producer Price (USD/tonne)	Barley	2020	USD	378.300000	A
PP	Mongolia	Producer Price (USD/tonne)	Barley	2021	USD	539.700000	A
PP	Mongolia	Producer Price (USD/tonne)	Barley	2022	USD	411.600000	A
PP	Mongolia	Producer Price (USD/tonne)	Barley	2023	USD	462.500000	A
PP	Mongolia	Producer Price (USD/tonne)	Barley	2024	USD	437.700000	A
PP	Mongolia	Producer Price (USD/tonne)	Cabbages	2017	USD	612.600000	A
PP	Mongolia	Producer Price (USD/tonne)	Cabbages	2018	USD	364.000000	A
PP	Mongolia	Producer Price (USD/tonne)	Cabbages	2019	USD	360.800000	A
PP	Mongolia	Producer Price (USD/tonne)	Cabbages	2020	USD	472.200000	A
PP	Mongolia	Producer Price (USD/tonne)	Cabbages	2021	USD	533.300000	A
PP	Mongolia	Producer Price (USD/tonne)	Cabbages	2022	USD	899.800000	A
PP	Mongolia	Producer Price (USD/tonne)	Cabbages	2023	USD	721.500000	A
PP	Mongolia	Producer Price (USD/tonne)	Cabbages	2024	USD	784.700000	A
PP	Mongolia	Producer Price (USD/tonne)	Carrots and turnips	2017	USD	500.500000	A
PP	Mongolia	Producer Price (USD/tonne)	Carrots and turnips	2018	USD	405.800000	A
PP	Mongolia	Producer Price (USD/tonne)	Carrots and turnips	2019	USD	360.700000	A
PP	Mongolia	Producer Price (USD/tonne)	Carrots and turnips	2020	USD	494.700000	A
PP	Mongolia	Producer Price (USD/tonne)	Carrots and turnips	2021	USD	575.300000	A
PP	Mongolia	Producer Price (USD/tonne)	Carrots and turnips	2022	USD	1044.400000	A
PP	Mongolia	Producer Price (USD/tonne)	Carrots and turnips	2023	USD	783.000000	A
PP	Mongolia	Producer Price (USD/tonne)	Carrots and turnips	2024	USD	879.300000	A
PP	Mongolia	Producer Price (USD/tonne)	Cucumbers and gherkins	2017	USD	1623.400000	A
PP	Mongolia	Producer Price (USD/tonne)	Cucumbers and gherkins	2018	USD	771.300000	A
PP	Mongolia	Producer Price (USD/tonne)	Cucumbers and gherkins	2019	USD	742.800000	A
PP	Mongolia	Producer Price (USD/tonne)	Cucumbers and gherkins	2020	USD	906.300000	A
PP	Mongolia	Producer Price (USD/tonne)	Cucumbers and gherkins	2021	USD	1421.200000	A
PP	Mongolia	Producer Price (USD/tonne)	Cucumbers and gherkins	2022	USD	2246.100000	A
PP	Mongolia	Producer Price (USD/tonne)	Cucumbers and gherkins	2023	USD	1921.800000	A
PP	Mongolia	Producer Price (USD/tonne)	Cucumbers and gherkins	2024	USD	1952.100000	A
PP	Mongolia	Producer Price (USD/tonne)	Green garlic	2017	USD	3941.100000	A
PP	Mongolia	Producer Price (USD/tonne)	Green garlic	2018	USD	2632.200000	A
PP	Mongolia	Producer Price (USD/tonne)	Green garlic	2019	USD	2366.000000	A
PP	Mongolia	Producer Price (USD/tonne)	Green garlic	2020	USD	2590.700000	A
PP	Mongolia	Producer Price (USD/tonne)	Green garlic	2021	USD	2039.800000	A
PP	Mongolia	Producer Price (USD/tonne)	Green garlic	2022	USD	4443.100000	A
PP	Mongolia	Producer Price (USD/tonne)	Green garlic	2023	USD	4814.300000	A
PP	Mongolia	Producer Price (USD/tonne)	Green garlic	2024	USD	2033.200000	A
PP	Mongolia	Producer Price (USD/tonne)	Horse meat, fresh or chilled	2022	USD	2922.600000	A
PP	Mongolia	Producer Price (USD/tonne)	Horse meat, fresh or chilled	2023	USD	2776.200000	A
PP	Mongolia	Producer Price (USD/tonne)	Horse meat, fresh or chilled	2024	USD	3006.200000	A
PP	Mongolia	Producer Price (USD/tonne)	Horse meat, fresh or chilled (biological)	2017	USD	638.700000	A
PP	Mongolia	Producer Price (USD/tonne)	Horse meat, fresh or chilled (biological)	2018	USD	830.100000	A
PP	Mongolia	Producer Price (USD/tonne)	Horse meat, fresh or chilled (biological)	2019	USD	870.500000	A
PP	Mongolia	Producer Price (USD/tonne)	Horse meat, fresh or chilled (biological)	2020	USD	741.700000	A
PP	Mongolia	Producer Price (USD/tonne)	Meat of camels, fresh or chilled	2022	USD	2899.900000	A
PP	Mongolia	Producer Price (USD/tonne)	Meat of camels, fresh or chilled	2023	USD	2749.600000	A
PP	Mongolia	Producer Price (USD/tonne)	Meat of camels, fresh or chilled	2024	USD	3249.000000	A
PP	Mongolia	Producer Price (USD/tonne)	Meat of camels, fresh or chilled (biological)	2017	USD	648.500000	A
PP	Mongolia	Producer Price (USD/tonne)	Meat of camels, fresh or chilled (biological)	2018	USD	762.700000	A
PP	Mongolia	Producer Price (USD/tonne)	Meat of camels, fresh or chilled (biological)	2019	USD	716.800000	A
PP	Mongolia	Producer Price (USD/tonne)	Meat of camels, fresh or chilled (biological)	2020	USD	829.900000	A
PP	Mongolia	Producer Price (USD/tonne)	Meat of cattle with the bone, fresh or chilled	2022	USD	3522.200000	A
PP	Mongolia	Producer Price (USD/tonne)	Meat of cattle with the bone, fresh or chilled	2023	USD	3525.700000	A
PP	Mongolia	Producer Price (USD/tonne)	Meat of cattle with the bone, fresh or chilled	2024	USD	4113.600000	A
PP	Mongolia	Producer Price (USD/tonne)	Meat of cattle with the bone, fresh or chilled (biological)	2017	USD	880.600000	A
PP	Mongolia	Producer Price (USD/tonne)	Meat of cattle with the bone, fresh or chilled (biological)	2018	USD	955.300000	A
PP	Mongolia	Producer Price (USD/tonne)	Meat of cattle with the bone, fresh or chilled (biological)	2019	USD	1051.600000	A
PP	Mongolia	Producer Price (USD/tonne)	Meat of cattle with the bone, fresh or chilled (biological)	2020	USD	1262.500000	A
PP	Mongolia	Producer Price (USD/tonne)	Meat of chickens, fresh or chilled	2022	USD	3562.600000	A
PP	Mongolia	Producer Price (USD/tonne)	Meat of chickens, fresh or chilled	2023	USD	3472.500000	A
PP	Mongolia	Producer Price (USD/tonne)	Meat of chickens, fresh or chilled	2024	USD	3342.300000	A
PP	Mongolia	Producer Price (USD/tonne)	Meat of goat, fresh or chilled	2022	USD	2695.300000	A
PP	Mongolia	Producer Price (USD/tonne)	Meat of goat, fresh or chilled	2023	USD	2560.400000	A
PP	Mongolia	Producer Price (USD/tonne)	Meat of goat, fresh or chilled	2024	USD	2683.800000	A
PP	Mongolia	Producer Price (USD/tonne)	Meat of goat, fresh or chilled (biological)	2017	USD	433.000000	A
PP	Mongolia	Producer Price (USD/tonne)	Meat of goat, fresh or chilled (biological)	2018	USD	497.900000	A
PP	Mongolia	Producer Price (USD/tonne)	Meat of goat, fresh or chilled (biological)	2019	USD	528.800000	A
PP	Mongolia	Producer Price (USD/tonne)	Meat of goat, fresh or chilled (biological)	2020	USD	606.500000	A
PP	Mongolia	Producer Price (USD/tonne)	Meat of pig with the bone, fresh or chilled	2022	USD	3921.900000	A
PP	Mongolia	Producer Price (USD/tonne)	Meat of pig with the bone, fresh or chilled	2023	USD	3730.900000	I
PP	Mongolia	Producer Price (USD/tonne)	Meat of pig with the bone, fresh or chilled	2024	USD	4004.600000	A
PP	Mongolia	Producer Price (USD/tonne)	Meat of pig with the bone, fresh or chilled (biological)	2017	USD	1782.700000	A
PP	Mongolia	Producer Price (USD/tonne)	Meat of pig with the bone, fresh or chilled (biological)	2018	USD	1866.500000	A
PP	Mongolia	Producer Price (USD/tonne)	Meat of pig with the bone, fresh or chilled (biological)	2019	USD	1993.200000	A
PP	Mongolia	Producer Price (USD/tonne)	Meat of pig with the bone, fresh or chilled (biological)	2020	USD	2067.900000	A
PP	Mongolia	Producer Price (USD/tonne)	Meat of sheep, fresh or chilled	2022	USD	3154.600000	A
PP	Mongolia	Producer Price (USD/tonne)	Meat of sheep, fresh or chilled	2023	USD	3074.500000	A
PP	Mongolia	Producer Price (USD/tonne)	Meat of sheep, fresh or chilled	2024	USD	3465.300000	A
PP	Mongolia	Producer Price (USD/tonne)	Meat of sheep, fresh or chilled (biological)	2017	USD	665.000000	A
PP	Mongolia	Producer Price (USD/tonne)	Meat of sheep, fresh or chilled (biological)	2018	USD	729.300000	A
PP	Mongolia	Producer Price (USD/tonne)	Meat of sheep, fresh or chilled (biological)	2019	USD	777.800000	A
PP	Mongolia	Producer Price (USD/tonne)	Meat of sheep, fresh or chilled (biological)	2020	USD	889.100000	A
PP	Mongolia	Producer Price (USD/tonne)	Natural honey	2017	USD	9294.800000	A
PP	Mongolia	Producer Price (USD/tonne)	Natural honey	2018	USD	9346.900000	A
PP	Mongolia	Producer Price (USD/tonne)	Natural honey	2019	USD	8112.500000	A
PP	Mongolia	Producer Price (USD/tonne)	Natural honey	2020	USD	7682.200000	A
PP	Mongolia	Producer Price (USD/tonne)	Natural honey	2021	USD	8326.800000	A
PP	Mongolia	Producer Price (USD/tonne)	Natural honey	2022	USD	8083.000000	A
PP	Mongolia	Producer Price (USD/tonne)	Natural honey	2023	USD	8222.100000	A
PP	Mongolia	Producer Price (USD/tonne)	Natural honey	2024	USD	8542.500000	A
PP	Mongolia	Producer Price (USD/tonne)	Oats	2017	USD	215.100000	A
PP	Mongolia	Producer Price (USD/tonne)	Oats	2018	USD	233.600000	A
PP	Mongolia	Producer Price (USD/tonne)	Oats	2019	USD	207.600000	A
PP	Mongolia	Producer Price (USD/tonne)	Oats	2020	USD	233.900000	A
PP	Mongolia	Producer Price (USD/tonne)	Oats	2021	USD	272.100000	A
PP	Mongolia	Producer Price (USD/tonne)	Oats	2022	USD	287.900000	A
PP	Mongolia	Producer Price (USD/tonne)	Oats	2023	USD	351.500000	A
PP	Mongolia	Producer Price (USD/tonne)	Oats	2024	USD	344.800000	A
PP	Mongolia	Producer Price (USD/tonne)	Onions and shallots, dry (excluding dehydrated)	2017	USD	819.200000	A
PP	Mongolia	Producer Price (USD/tonne)	Onions and shallots, dry (excluding dehydrated)	2018	USD	691.900000	A
PP	Mongolia	Producer Price (USD/tonne)	Onions and shallots, dry (excluding dehydrated)	2019	USD	750.900000	A
PP	Mongolia	Producer Price (USD/tonne)	Onions and shallots, dry (excluding dehydrated)	2020	USD	751.700000	A
PP	Mongolia	Producer Price (USD/tonne)	Onions and shallots, dry (excluding dehydrated)	2021	USD	822.700000	A
PP	Mongolia	Producer Price (USD/tonne)	Onions and shallots, dry (excluding dehydrated)	2022	USD	1019.800000	A
PP	Mongolia	Producer Price (USD/tonne)	Onions and shallots, dry (excluding dehydrated)	2023	USD	978.200000	A
PP	Mongolia	Producer Price (USD/tonne)	Onions and shallots, dry (excluding dehydrated)	2024	USD	900.700000	A
PP	Mongolia	Producer Price (USD/tonne)	Potatoes	2017	USD	364.000000	A
PP	Mongolia	Producer Price (USD/tonne)	Potatoes	2018	USD	166.600000	A
PP	Mongolia	Producer Price (USD/tonne)	Potatoes	2019	USD	143.700000	A
PP	Mongolia	Producer Price (USD/tonne)	Potatoes	2020	USD	146.900000	A
PP	Mongolia	Producer Price (USD/tonne)	Potatoes	2021	USD	141.000000	A
PP	Mongolia	Producer Price (USD/tonne)	Potatoes	2022	USD	534.200000	A
PP	Mongolia	Producer Price (USD/tonne)	Potatoes	2023	USD	516.700000	A
PP	Mongolia	Producer Price (USD/tonne)	Potatoes	2024	USD	582.400000	A
PP	Mongolia	Producer Price (USD/tonne)	Raw milk of camel	2017	USD	760.400000	A
PP	Mongolia	Producer Price (USD/tonne)	Raw milk of camel	2018	USD	1071.500000	A
PP	Mongolia	Producer Price (USD/tonne)	Raw milk of camel	2019	USD	1142.600000	A
PP	Mongolia	Producer Price (USD/tonne)	Raw milk of camel	2020	USD	1100.500000	A
PP	Mongolia	Producer Price (USD/tonne)	Raw milk of camel	2021	USD	1800.900000	A
PP	Mongolia	Producer Price (USD/tonne)	Raw milk of camel	2022	USD	3014.500000	A
PP	Mongolia	Producer Price (USD/tonne)	Raw milk of camel	2023	USD	3086.000000	A
PP	Mongolia	Producer Price (USD/tonne)	Raw milk of camel	2024	USD	3517.900000	A
PP	Mongolia	Producer Price (USD/tonne)	Raw milk of cattle	2017	USD	379.800000	A
PP	Mongolia	Producer Price (USD/tonne)	Raw milk of cattle	2018	USD	451.200000	A
PP	Mongolia	Producer Price (USD/tonne)	Raw milk of cattle	2019	USD	429.000000	A
PP	Mongolia	Producer Price (USD/tonne)	Raw milk of cattle	2020	USD	583.500000	A
PP	Mongolia	Producer Price (USD/tonne)	Raw milk of cattle	2021	USD	688.800000	A
PP	Mongolia	Producer Price (USD/tonne)	Raw milk of cattle	2022	USD	882.300000	A
PP	Mongolia	Producer Price (USD/tonne)	Raw milk of cattle	2023	USD	1055.200000	A
PP	Mongolia	Producer Price (USD/tonne)	Raw milk of cattle	2024	USD	1240.700000	A
PP	Mongolia	Producer Price (USD/tonne)	Raw milk of goats	2017	USD	494.300000	A
PP	Mongolia	Producer Price (USD/tonne)	Raw milk of goats	2018	USD	646.800000	A
PP	Mongolia	Producer Price (USD/tonne)	Raw milk of goats	2019	USD	584.200000	A
PP	Mongolia	Producer Price (USD/tonne)	Raw milk of goats	2020	USD	804.300000	A
PP	Mongolia	Producer Price (USD/tonne)	Raw milk of goats	2021	USD	896.500000	A
PP	Mongolia	Producer Price (USD/tonne)	Raw milk of goats	2022	USD	913.000000	A
PP	Mongolia	Producer Price (USD/tonne)	Raw milk of goats	2023	USD	1089.300000	A
PP	Mongolia	Producer Price (USD/tonne)	Raw milk of sheep	2017	USD	467.500000	A
PP	Mongolia	Producer Price (USD/tonne)	Raw milk of sheep	2018	USD	613.500000	A
PP	Mongolia	Producer Price (USD/tonne)	Raw milk of sheep	2019	USD	556.300000	A
PP	Mongolia	Producer Price (USD/tonne)	Raw milk of sheep	2020	USD	804.300000	A
PP	Mongolia	Producer Price (USD/tonne)	Raw milk of sheep	2021	USD	896.500000	A
PP	Mongolia	Producer Price (USD/tonne)	Raw milk of sheep	2022	USD	913.000000	A
PP	Mongolia	Producer Price (USD/tonne)	Raw milk of sheep	2023	USD	1089.300000	A
PP	Mongolia	Producer Price (USD/tonne)	Raw milk of sheep	2024	USD	1266.800000	A
PP	Mongolia	Producer Price (USD/tonne)	Shorn wool, greasy, including fleece-washed shorn wool	2017	USD	504.600000	A
PP	Mongolia	Producer Price (USD/tonne)	Wheat	2017	USD	222.000000	A
PP	Mongolia	Producer Price (USD/tonne)	Wheat	2018	USD	249.000000	A
PP	Mongolia	Producer Price (USD/tonne)	Wheat	2019	USD	258.500000	A
PP	Mongolia	Producer Price (USD/tonne)	Wheat	2020	USD	268.200000	A
PP	Mongolia	Producer Price (USD/tonne)	Wheat	2021	USD	284.200000	A
PP	Mongolia	Producer Price (USD/tonne)	Wheat	2022	USD	276.300000	A
PP	Mongolia	Producer Price (USD/tonne)	Wheat	2023	USD	300.200000	A
PP	Mongolia	Producer Price (USD/tonne)	Wheat	2024	USD	323.000000	A
PP	New Zealand	Producer Price (USD/tonne)	Apples	2017	USD	564.900000	A
PP	New Zealand	Producer Price (USD/tonne)	Apples	2018	USD	505.100000	A
PP	New Zealand	Producer Price (USD/tonne)	Apples	2019	USD	513.900000	A
PP	New Zealand	Producer Price (USD/tonne)	Apples	2021	USD	587.100000	A
PP	New Zealand	Producer Price (USD/tonne)	Apples	2022	USD	443.800000	A
PP	New Zealand	Producer Price (USD/tonne)	Barley	2017	USD	212.400000	A
PP	New Zealand	Producer Price (USD/tonne)	Barley	2018	USD	268.500000	A
PP	New Zealand	Producer Price (USD/tonne)	Barley	2019	USD	274.100000	A
PP	New Zealand	Producer Price (USD/tonne)	Barley	2020	USD	256.200000	A
PP	New Zealand	Producer Price (USD/tonne)	Barley	2021	USD	280.800000	A
PP	New Zealand	Producer Price (USD/tonne)	Barley	2022	USD	297.400000	A
PP	New Zealand	Producer Price (USD/tonne)	Barley	2023	USD	363.500000	A
PP	New Zealand	Producer Price (USD/tonne)	Barley	2024	USD	269.300000	A
PP	New Zealand	Producer Price (USD/tonne)	Game meat, fresh, chilled or frozen	2017	USD	2864.100000	A
PP	New Zealand	Producer Price (USD/tonne)	Game meat, fresh, chilled or frozen	2018	USD	3488.000000	A
PP	New Zealand	Producer Price (USD/tonne)	Game meat, fresh, chilled or frozen	2019	USD	3474.600000	A
PP	New Zealand	Producer Price (USD/tonne)	Game meat, fresh, chilled or frozen	2020	USD	2723.600000	A
PP	New Zealand	Producer Price (USD/tonne)	Game meat, fresh, chilled or frozen	2021	USD	2078.100000	A
PP	New Zealand	Producer Price (USD/tonne)	Game meat, fresh, chilled or frozen	2022	USD	2359.900000	A
PP	New Zealand	Producer Price (USD/tonne)	Game meat, fresh, chilled or frozen	2023	USD	2773.200000	A
PP	New Zealand	Producer Price (USD/tonne)	Game meat, fresh, chilled or frozen	2024	USD	2694.400000	A
PP	New Zealand	Producer Price (USD/tonne)	Kiwi fruit	2017	USD	1154.600000	A
PP	New Zealand	Producer Price (USD/tonne)	Kiwi fruit	2018	USD	1577.600000	A
PP	New Zealand	Producer Price (USD/tonne)	Kiwi fruit	2019	USD	1516.800000	A
PP	New Zealand	Producer Price (USD/tonne)	Kiwi fruit	2020	USD	1643.000000	A
PP	New Zealand	Producer Price (USD/tonne)	Kiwi fruit	2021	USD	2022.900000	A
PP	New Zealand	Producer Price (USD/tonne)	Kiwi fruit	2022	USD	1642.200000	A
PP	New Zealand	Producer Price (USD/tonne)	Kiwi fruit	2023	USD	1437.000000	A
PP	New Zealand	Producer Price (USD/tonne)	Kiwi fruit	2024	USD	1994.200000	A
PP	New Zealand	Producer Price (USD/tonne)	Maize (corn)	2017	USD	254.400000	A
PP	New Zealand	Producer Price (USD/tonne)	Maize (corn)	2018	USD	213.500000	A
PP	New Zealand	Producer Price (USD/tonne)	Maize (corn)	2019	USD	282.600000	A
PP	New Zealand	Producer Price (USD/tonne)	Maize (corn)	2020	USD	272.400000	A
PP	New Zealand	Producer Price (USD/tonne)	Maize (corn)	2021	USD	307.700000	A
PP	New Zealand	Producer Price (USD/tonne)	Maize (corn)	2022	USD	305.600000	A
PP	New Zealand	Producer Price (USD/tonne)	Maize (corn)	2023	USD	420.000000	A
PP	New Zealand	Producer Price (USD/tonne)	Maize (corn)	2024	USD	322.000000	A
PP	New Zealand	Producer Price (USD/tonne)	Meat of cattle with the bone, fresh or chilled (biological)	2017	USD	1747.200000	A
PP	New Zealand	Producer Price (USD/tonne)	Meat of cattle with the bone, fresh or chilled (biological)	2018	USD	1702.800000	A
PP	New Zealand	Producer Price (USD/tonne)	Meat of cattle with the bone, fresh or chilled (biological)	2019	USD	1577.900000	A
PP	New Zealand	Producer Price (USD/tonne)	Meat of cattle with the bone, fresh or chilled (biological)	2020	USD	1544.700000	A
PP	New Zealand	Producer Price (USD/tonne)	Meat of cattle with the bone, fresh or chilled (biological)	2021	USD	1660.100000	A
PP	New Zealand	Producer Price (USD/tonne)	Meat of cattle with the bone, fresh or chilled (biological)	2022	USD	1747.400000	A
PP	New Zealand	Producer Price (USD/tonne)	Meat of cattle with the bone, fresh or chilled (biological)	2023	USD	1617.500000	A
PP	New Zealand	Producer Price (USD/tonne)	Meat of chickens, fresh or chilled (biological)	2017	USD	1315.200000	A
PP	New Zealand	Producer Price (USD/tonne)	Meat of chickens, fresh or chilled (biological)	2018	USD	1264.800000	A
PP	New Zealand	Producer Price (USD/tonne)	Meat of chickens, fresh or chilled (biological)	2019	USD	1210.100000	A
PP	New Zealand	Producer Price (USD/tonne)	Meat of chickens, fresh or chilled (biological)	2020	USD	1205.500000	A
PP	New Zealand	Producer Price (USD/tonne)	Meat of chickens, fresh or chilled (biological)	2021	USD	1343.900000	A
PP	New Zealand	Producer Price (USD/tonne)	Meat of chickens, fresh or chilled (biological)	2022	USD	1303.600000	A
PP	New Zealand	Producer Price (USD/tonne)	Meat of chickens, fresh or chilled (biological)	2023	USD	1420.400000	A
PP	New Zealand	Producer Price (USD/tonne)	Meat of chickens, fresh or chilled (biological)	2024	USD	1433.800000	A
PP	New Zealand	Producer Price (USD/tonne)	Meat of pig with the bone, fresh or chilled (biological)	2017	USD	1782.700000	A
PP	New Zealand	Producer Price (USD/tonne)	Meat of pig with the bone, fresh or chilled (biological)	2018	USD	1766.700000	A
PP	New Zealand	Producer Price (USD/tonne)	Meat of pig with the bone, fresh or chilled (biological)	2019	USD	1702.500000	A
PP	New Zealand	Producer Price (USD/tonne)	Meat of pig with the bone, fresh or chilled (biological)	2020	USD	1838.500000	A
PP	New Zealand	Producer Price (USD/tonne)	Meat of pig with the bone, fresh or chilled (biological)	2021	USD	2122.600000	A
PP	New Zealand	Producer Price (USD/tonne)	Meat of pig with the bone, fresh or chilled (biological)	2022	USD	2006.700000	A
PP	New Zealand	Producer Price (USD/tonne)	Meat of pig with the bone, fresh or chilled (biological)	2023	USD	2193.500000	A
PP	New Zealand	Producer Price (USD/tonne)	Meat of pig with the bone, fresh or chilled (biological)	2024	USD	2367.600000	A
PP	New Zealand	Producer Price (USD/tonne)	Meat of sheep, fresh or chilled (biological)	2017	USD	1686.100000	A
PP	New Zealand	Producer Price (USD/tonne)	Meat of sheep, fresh or chilled (biological)	2018	USD	2097.900000	A
PP	New Zealand	Producer Price (USD/tonne)	Meat of sheep, fresh or chilled (biological)	2019	USD	2083.800000	A
PP	New Zealand	Producer Price (USD/tonne)	Meat of sheep, fresh or chilled (biological)	2020	USD	2023.900000	A
PP	New Zealand	Producer Price (USD/tonne)	Meat of sheep, fresh or chilled (biological)	2021	USD	2107.800000	A
PP	New Zealand	Producer Price (USD/tonne)	Meat of sheep, fresh or chilled (biological)	2022	USD	2320.000000	A
PP	New Zealand	Producer Price (USD/tonne)	Meat of sheep, fresh or chilled (biological)	2023	USD	1882.800000	A
PP	New Zealand	Producer Price (USD/tonne)	Oats	2017	USD	284.200000	A
PP	New Zealand	Producer Price (USD/tonne)	Oats	2018	USD	221.400000	A
PP	New Zealand	Producer Price (USD/tonne)	Oats	2019	USD	243.800000	A
PP	New Zealand	Producer Price (USD/tonne)	Oats	2020	USD	251.900000	A
PP	New Zealand	Producer Price (USD/tonne)	Oats	2021	USD	282.200000	A
PP	New Zealand	Producer Price (USD/tonne)	Oats	2022	USD	287.900000	A
PP	New Zealand	Producer Price (USD/tonne)	Oats	2023	USD	377.700000	A
PP	New Zealand	Producer Price (USD/tonne)	Oats	2024	USD	330.400000	A
PP	New Zealand	Producer Price (USD/tonne)	Raw milk of cattle	2017	USD	374.400000	A
PP	New Zealand	Producer Price (USD/tonne)	Raw milk of cattle	2018	USD	397.900000	A
PP	New Zealand	Producer Price (USD/tonne)	Raw milk of cattle	2019	USD	359.100000	A
PP	New Zealand	Producer Price (USD/tonne)	Raw milk of cattle	2020	USD	381.300000	A
PP	New Zealand	Producer Price (USD/tonne)	Raw milk of cattle	2021	USD	434.300000	A
PP	New Zealand	Producer Price (USD/tonne)	Raw milk of cattle	2022	USD	486.300000	A
PP	New Zealand	Producer Price (USD/tonne)	Raw milk of cattle	2023	USD	415.100000	A
PP	New Zealand	Producer Price (USD/tonne)	Raw milk of cattle	2024	USD	394.600000	A
PP	New Zealand	Producer Price (USD/tonne)	Shorn wool, greasy, including fleece-washed shorn wool	2017	USD	2685.800000	A
PP	New Zealand	Producer Price (USD/tonne)	Shorn wool, greasy, including fleece-washed shorn wool	2018	USD	2622.700000	A
PP	New Zealand	Producer Price (USD/tonne)	Shorn wool, greasy, including fleece-washed shorn wool	2019	USD	2510.100000	A
PP	New Zealand	Producer Price (USD/tonne)	Shorn wool, greasy, including fleece-washed shorn wool	2020	USD	2153.000000	A
PP	New Zealand	Producer Price (USD/tonne)	Shorn wool, greasy, including fleece-washed shorn wool	2021	USD	1796.600000	A
PP	New Zealand	Producer Price (USD/tonne)	Shorn wool, greasy, including fleece-washed shorn wool	2022	USD	2136.700000	A
PP	New Zealand	Producer Price (USD/tonne)	Shorn wool, greasy, including fleece-washed shorn wool	2023	USD	1965.100000	A
PP	New Zealand	Producer Price (USD/tonne)	Shorn wool, greasy, including fleece-washed shorn wool	2024	USD	1767.200000	A
PP	New Zealand	Producer Price (USD/tonne)	Soya beans	2022	USD	219.300000	A
PP	New Zealand	Producer Price (USD/tonne)	Unmanufactured tobacco	2022	USD	4526.900000	A
PP	New Zealand	Producer Price (USD/tonne)	Wheat	2017	USD	213.200000	A
PP	New Zealand	Producer Price (USD/tonne)	Wheat	2018	USD	256.700000	A
PP	New Zealand	Producer Price (USD/tonne)	Wheat	2019	USD	296.500000	A
PP	New Zealand	Producer Price (USD/tonne)	Wheat	2020	USD	269.800000	A
PP	New Zealand	Producer Price (USD/tonne)	Wheat	2021	USD	323.900000	A
PP	New Zealand	Producer Price (USD/tonne)	Wheat	2022	USD	313.900000	A
PP	New Zealand	Producer Price (USD/tonne)	Wheat	2023	USD	382.600000	A
PP	New Zealand	Producer Price (USD/tonne)	Wheat	2024	USD	308.700000	A
PP	Niger	Producer Price (USD/tonne)	Bambara beans, dry	2020	USD	305.800000	A
PP	Niger	Producer Price (USD/tonne)	Bambara beans, dry	2021	USD	324.600000	A
PP	Niger	Producer Price (USD/tonne)	Bambara beans, dry	2022	USD	295.000000	A
PP	Niger	Producer Price (USD/tonne)	Cabbages	2020	USD	142.500000	A
PP	Niger	Producer Price (USD/tonne)	Cabbages	2021	USD	151.500000	A
PP	Niger	Producer Price (USD/tonne)	Cabbages	2022	USD	137.900000	A
PP	Niger	Producer Price (USD/tonne)	Cantaloupes and other melons	2020	USD	927.800000	A
PP	Niger	Producer Price (USD/tonne)	Cantaloupes and other melons	2021	USD	968.400000	A
PP	Niger	Producer Price (USD/tonne)	Cantaloupes and other melons	2022	USD	865.700000	A
PP	Niger	Producer Price (USD/tonne)	Carrots and turnips	2020	USD	503.800000	A
PP	Niger	Producer Price (USD/tonne)	Carrots and turnips	2021	USD	528.400000	A
PP	Niger	Producer Price (USD/tonne)	Carrots and turnips	2022	USD	474.500000	A
PP	Niger	Producer Price (USD/tonne)	Cassava, fresh	2020	USD	182.400000	A
PP	Niger	Producer Price (USD/tonne)	Cassava, fresh	2021	USD	193.000000	A
PP	Niger	Producer Price (USD/tonne)	Cassava, fresh	2022	USD	174.700000	A
PP	Niger	Producer Price (USD/tonne)	Chillies and peppers, green (Capsicum spp. and Pimenta spp.)	2020	USD	696.700000	A
PP	Niger	Producer Price (USD/tonne)	Chillies and peppers, green (Capsicum spp. and Pimenta spp.)	2021	USD	730.300000	A
PP	Niger	Producer Price (USD/tonne)	Chillies and peppers, green (Capsicum spp. and Pimenta spp.)	2022	USD	666.900000	A
PP	Niger	Producer Price (USD/tonne)	Cucumbers and gherkins	2020	USD	635.900000	A
PP	Niger	Producer Price (USD/tonne)	Cucumbers and gherkins	2021	USD	661.800000	A
PP	Niger	Producer Price (USD/tonne)	Cucumbers and gherkins	2022	USD	590.000000	A
PP	Niger	Producer Price (USD/tonne)	Dates	2020	USD	854.800000	A
PP	Niger	Producer Price (USD/tonne)	Dates	2021	USD	892.600000	A
PP	Niger	Producer Price (USD/tonne)	Dates	2022	USD	795.200000	A
PP	Niger	Producer Price (USD/tonne)	Eggplants (aubergines)	2020	USD	295.400000	A
PP	Niger	Producer Price (USD/tonne)	Eggplants (aubergines)	2021	USD	313.800000	A
PP	Niger	Producer Price (USD/tonne)	Eggplants (aubergines)	2022	USD	285.400000	A
PP	Niger	Producer Price (USD/tonne)	Green garlic	2020	USD	578.500000	A
PP	Niger	Producer Price (USD/tonne)	Green garlic	2021	USD	604.100000	A
PP	Niger	Producer Price (USD/tonne)	Green garlic	2022	USD	545.100000	A
PP	Niger	Producer Price (USD/tonne)	Groundnuts, excluding shelled	2020	USD	324.900000	A
PP	Niger	Producer Price (USD/tonne)	Groundnuts, excluding shelled	2021	USD	342.600000	A
PP	Niger	Producer Price (USD/tonne)	Groundnuts, excluding shelled	2022	USD	312.600000	A
PP	Niger	Producer Price (USD/tonne)	Hen eggs in shell, fresh	2020	USD	3474.700000	A
PP	Niger	Producer Price (USD/tonne)	Hen eggs in shell, fresh	2021	USD	3678.800000	A
PP	Niger	Producer Price (USD/tonne)	Hen eggs in shell, fresh	2022	USD	3366.700000	A
PP	Niger	Producer Price (USD/tonne)	Horse meat, fresh or chilled (biological)	2020	USD	666.800000	A
PP	Niger	Producer Price (USD/tonne)	Horse meat, fresh or chilled (biological)	2021	USD	699.100000	A
PP	Niger	Producer Price (USD/tonne)	Horse meat, fresh or chilled (biological)	2022	USD	649.500000	A
PP	Niger	Producer Price (USD/tonne)	Lettuce and chicory	2020	USD	99.000000	A
PP	Niger	Producer Price (USD/tonne)	Lettuce and chicory	2021	USD	111.800000	A
PP	Niger	Producer Price (USD/tonne)	Lettuce and chicory	2022	USD	107.400000	A
PP	Niger	Producer Price (USD/tonne)	Maize (corn)	2020	USD	338.800000	A
PP	Niger	Producer Price (USD/tonne)	Maize (corn)	2021	USD	362.500000	A
PP	Niger	Producer Price (USD/tonne)	Maize (corn)	2022	USD	331.900000	A
PP	Niger	Producer Price (USD/tonne)	Mangoes, guavas and mangosteens	2020	USD	486.500000	A
PP	Niger	Producer Price (USD/tonne)	Mangoes, guavas and mangosteens	2021	USD	510.300000	A
PP	Niger	Producer Price (USD/tonne)	Mangoes, guavas and mangosteens	2022	USD	461.700000	A
PP	Niger	Producer Price (USD/tonne)	Meat of asses, fresh or chilled (biological)	2020	USD	241.900000	A
PP	Niger	Producer Price (USD/tonne)	Meat of asses, fresh or chilled (biological)	2021	USD	252.800000	A
PP	Niger	Producer Price (USD/tonne)	Meat of asses, fresh or chilled (biological)	2022	USD	234.800000	A
PP	Niger	Producer Price (USD/tonne)	Meat of camels, fresh or chilled (biological)	2020	USD	1039.600000	A
PP	Niger	Producer Price (USD/tonne)	Meat of camels, fresh or chilled (biological)	2021	USD	1084.900000	A
PP	Niger	Producer Price (USD/tonne)	Meat of camels, fresh or chilled (biological)	2022	USD	1007.900000	A
PP	Niger	Producer Price (USD/tonne)	Meat of cattle with the bone, fresh or chilled (biological)	2020	USD	589.000000	A
PP	Niger	Producer Price (USD/tonne)	Meat of cattle with the bone, fresh or chilled (biological)	2021	USD	617.400000	A
PP	Niger	Producer Price (USD/tonne)	Meat of cattle with the bone, fresh or chilled (biological)	2022	USD	573.600000	A
PP	Niger	Producer Price (USD/tonne)	Meat of chickens, fresh or chilled (biological)	2020	USD	3522.100000	A
PP	Niger	Producer Price (USD/tonne)	Meat of chickens, fresh or chilled (biological)	2021	USD	3688.600000	A
PP	Niger	Producer Price (USD/tonne)	Meat of chickens, fresh or chilled (biological)	2022	USD	3352.100000	A
PP	Niger	Producer Price (USD/tonne)	Meat of goat, fresh or chilled (biological)	2020	USD	1677.200000	A
PP	Niger	Producer Price (USD/tonne)	Meat of goat, fresh or chilled (biological)	2021	USD	1806.500000	A
PP	Niger	Producer Price (USD/tonne)	Meat of goat, fresh or chilled (biological)	2022	USD	1678.200000	A
PP	Niger	Producer Price (USD/tonne)	Meat of pig with the bone, fresh or chilled (biological)	2020	USD	755.800000	A
PP	Niger	Producer Price (USD/tonne)	Meat of pig with the bone, fresh or chilled (biological)	2021	USD	796.500000	A
PP	Niger	Producer Price (USD/tonne)	Meat of pig with the bone, fresh or chilled (biological)	2022	USD	713.400000	A
PP	Niger	Producer Price (USD/tonne)	Meat of sheep, fresh or chilled (biological)	2020	USD	2188.500000	A
PP	Niger	Producer Price (USD/tonne)	Meat of sheep, fresh or chilled (biological)	2021	USD	2313.200000	A
PP	Niger	Producer Price (USD/tonne)	Meat of sheep, fresh or chilled (biological)	2022	USD	2149.000000	A
PP	Niger	Producer Price (USD/tonne)	Millet	2020	USD	191.100000	A
PP	Niger	Producer Price (USD/tonne)	Millet	2021	USD	202.000000	A
PP	Niger	Producer Price (USD/tonne)	Millet	2022	USD	189.200000	A
PP	Niger	Producer Price (USD/tonne)	Onions and shallots, green	2020	USD	257.100000	A
PP	Niger	Producer Price (USD/tonne)	Onions and shallots, green	2021	USD	270.500000	A
PP	Niger	Producer Price (USD/tonne)	Onions and shallots, green	2022	USD	262.900000	A
PP	Niger	Producer Price (USD/tonne)	Other beans, green	2020	USD	929.500000	A
PP	Niger	Producer Price (USD/tonne)	Other beans, green	2021	USD	966.600000	A
PP	Niger	Producer Price (USD/tonne)	Other beans, green	2022	USD	860.900000	A
PP	Niger	Producer Price (USD/tonne)	Other fruits, n.e.c.	2020	USD	380.500000	A
PP	Niger	Producer Price (USD/tonne)	Other fruits, n.e.c.	2021	USD	402.100000	A
PP	Niger	Producer Price (USD/tonne)	Other fruits, n.e.c.	2022	USD	368.700000	A
PP	Niger	Producer Price (USD/tonne)	Other oil seeds, n.e.c.	2020	USD	281.500000	A
PP	Niger	Producer Price (USD/tonne)	Other oil seeds, n.e.c.	2021	USD	297.500000	A
PP	Niger	Producer Price (USD/tonne)	Other oil seeds, n.e.c.	2022	USD	267.700000	A
PP	Niger	Producer Price (USD/tonne)	Other pulses n.e.c.	2020	USD	239.800000	A
PP	Niger	Producer Price (USD/tonne)	Other pulses n.e.c.	2021	USD	256.100000	A
PP	Niger	Producer Price (USD/tonne)	Other pulses n.e.c.	2022	USD	237.300000	A
PP	Niger	Producer Price (USD/tonne)	Other vegetables, fresh n.e.c.	2020	USD	208.500000	A
PP	Niger	Producer Price (USD/tonne)	Other vegetables, fresh n.e.c.	2021	USD	223.600000	A
PP	Niger	Producer Price (USD/tonne)	Other vegetables, fresh n.e.c.	2022	USD	205.200000	A
PP	Niger	Producer Price (USD/tonne)	Peas, green	2020	USD	893.000000	A
PP	Niger	Producer Price (USD/tonne)	Peas, green	2021	USD	928.700000	A
PP	Niger	Producer Price (USD/tonne)	Peas, green	2022	USD	827.200000	A
PP	Niger	Producer Price (USD/tonne)	Potatoes	2020	USD	608.100000	A
PP	Niger	Producer Price (USD/tonne)	Potatoes	2021	USD	634.800000	A
PP	Niger	Producer Price (USD/tonne)	Potatoes	2022	USD	577.100000	A
PP	Niger	Producer Price (USD/tonne)	Pumpkins, squash and gourds	2020	USD	132.000000	A
PP	Niger	Producer Price (USD/tonne)	Pumpkins, squash and gourds	2021	USD	140.700000	A
PP	Niger	Producer Price (USD/tonne)	Pumpkins, squash and gourds	2022	USD	128.300000	A
PP	Niger	Producer Price (USD/tonne)	Raw milk of camel	2021	USD	703.500000	A
PP	Niger	Producer Price (USD/tonne)	Raw milk of camel	2022	USD	670.100000	A
PP	Niger	Producer Price (USD/tonne)	Raw milk of cattle	2020	USD	240.300000	A
PP	Niger	Producer Price (USD/tonne)	Raw milk of cattle	2021	USD	255.000000	A
PP	Niger	Producer Price (USD/tonne)	Raw milk of cattle	2022	USD	230.000000	A
PP	Niger	Producer Price (USD/tonne)	Raw milk of goats	2021	USD	260.500000	A
PP	Niger	Producer Price (USD/tonne)	Raw milk of goats	2022	USD	248.200000	A
PP	Niger	Producer Price (USD/tonne)	Raw milk of sheep	2021	USD	199.100000	A
PP	Niger	Producer Price (USD/tonne)	Raw milk of sheep	2022	USD	183.600000	A
PP	Niger	Producer Price (USD/tonne)	Rice	2020	USD	637.600000	A
PP	Niger	Producer Price (USD/tonne)	Rice	2021	USD	667.200000	A
PP	Niger	Producer Price (USD/tonne)	Rice	2022	USD	602.800000	A
PP	Niger	Producer Price (USD/tonne)	Seed cotton, unginned	2020	USD	460.400000	A
PP	Niger	Producer Price (USD/tonne)	Seed cotton, unginned	2021	USD	468.900000	A
PP	Niger	Producer Price (USD/tonne)	Seed cotton, unginned	2022	USD	408.800000	A
PP	Niger	Producer Price (USD/tonne)	Sesame seed	2020	USD	503.800000	A
PP	Niger	Producer Price (USD/tonne)	Sesame seed	2021	USD	532.000000	A
PP	Niger	Producer Price (USD/tonne)	Sesame seed	2022	USD	482.600000	A
PP	Niger	Producer Price (USD/tonne)	Sorghum	2020	USD	177.200000	A
PP	Niger	Producer Price (USD/tonne)	Sorghum	2021	USD	187.500000	A
PP	Niger	Producer Price (USD/tonne)	Sorghum	2022	USD	176.300000	A
PP	Niger	Producer Price (USD/tonne)	Sugar beet	2020	USD	1032.000000	A
PP	Niger	Producer Price (USD/tonne)	Sugar beet	2021	USD	1078.400000	A
PP	Niger	Producer Price (USD/tonne)	Sugar beet	2022	USD	965.100000	A
PP	Niger	Producer Price (USD/tonne)	Sugar cane	2020	USD	173.700000	A
PP	Niger	Producer Price (USD/tonne)	Sugar cane	2021	USD	183.900000	A
PP	Niger	Producer Price (USD/tonne)	Sugar cane	2022	USD	166.700000	A
PP	Niger	Producer Price (USD/tonne)	Sweet potatoes	2020	USD	243.200000	A
PP	Niger	Producer Price (USD/tonne)	Sweet potatoes	2021	USD	261.500000	A
PP	Niger	Producer Price (USD/tonne)	Sweet potatoes	2022	USD	243.700000	A
PP	Niger	Producer Price (USD/tonne)	Tomatoes	2020	USD	324.900000	A
PP	Niger	Producer Price (USD/tonne)	Tomatoes	2021	USD	342.600000	A
PP	Niger	Producer Price (USD/tonne)	Tomatoes	2022	USD	325.400000	A
PP	Niger	Producer Price (USD/tonne)	Unmanufactured tobacco	2020	USD	529.900000	A
PP	Niger	Producer Price (USD/tonne)	Unmanufactured tobacco	2021	USD	553.600000	A
PP	Niger	Producer Price (USD/tonne)	Unmanufactured tobacco	2022	USD	495.400000	A
PP	Niger	Producer Price (USD/tonne)	Watermelons	2020	USD	938.200000	A
PP	Niger	Producer Price (USD/tonne)	Watermelons	2021	USD	981.000000	A
PP	Niger	Producer Price (USD/tonne)	Watermelons	2022	USD	881.700000	A
PP	Niger	Producer Price (USD/tonne)	Wheat	2020	USD	312.700000	A
PP	Niger	Producer Price (USD/tonne)	Wheat	2021	USD	331.800000	A
PP	Niger	Producer Price (USD/tonne)	Wheat	2022	USD	301.400000	A
PP	Rwanda	Producer Price (USD/tonne)	Avocados	2017	USD	295.900000	A
PP	Rwanda	Producer Price (USD/tonne)	Avocados	2018	USD	287.400000	A
PP	Rwanda	Producer Price (USD/tonne)	Avocados	2019	USD	289.500000	A
PP	Rwanda	Producer Price (USD/tonne)	Avocados	2020	USD	300.600000	A
PP	Rwanda	Producer Price (USD/tonne)	Avocados	2021	USD	331.400000	A
PP	Rwanda	Producer Price (USD/tonne)	Avocados	2022	USD	385.100000	A
PP	Rwanda	Producer Price (USD/tonne)	Avocados	2023	USD	451.500000	A
PP	Rwanda	Producer Price (USD/tonne)	Avocados	2024	USD	434.900000	A
PP	Rwanda	Producer Price (USD/tonne)	Bananas	2020	USD	569.700000	A
PP	Rwanda	Producer Price (USD/tonne)	Beans, dry	2017	USD	548.900000	A
PP	Rwanda	Producer Price (USD/tonne)	Beans, dry	2018	USD	450.200000	A
PP	Rwanda	Producer Price (USD/tonne)	Beans, dry	2019	USD	532.200000	A
PP	Rwanda	Producer Price (USD/tonne)	Beans, dry	2020	USD	678.000000	A
PP	Rwanda	Producer Price (USD/tonne)	Beans, dry	2021	USD	494.700000	A
PP	Rwanda	Producer Price (USD/tonne)	Beans, dry	2022	USD	686.500000	A
PP	Rwanda	Producer Price (USD/tonne)	Beans, dry	2023	USD	1059.800000	A
PP	Rwanda	Producer Price (USD/tonne)	Beans, dry	2024	USD	635.900000	A
PP	Rwanda	Producer Price (USD/tonne)	Cabbages	2017	USD	170.200000	A
PP	Rwanda	Producer Price (USD/tonne)	Cabbages	2018	USD	175.100000	A
PP	Rwanda	Producer Price (USD/tonne)	Cabbages	2019	USD	170.400000	A
PP	Rwanda	Producer Price (USD/tonne)	Cabbages	2020	USD	177.500000	A
PP	Rwanda	Producer Price (USD/tonne)	Cabbages	2021	USD	191.300000	A
PP	Rwanda	Producer Price (USD/tonne)	Cabbages	2022	USD	208.900000	A
PP	Rwanda	Producer Price (USD/tonne)	Cabbages	2023	USD	292.600000	A
PP	Rwanda	Producer Price (USD/tonne)	Cabbages	2024	USD	259.600000	A
PP	Rwanda	Producer Price (USD/tonne)	Carrots and turnips	2017	USD	423.600000	A
PP	Rwanda	Producer Price (USD/tonne)	Carrots and turnips	2018	USD	414.700000	A
PP	Rwanda	Producer Price (USD/tonne)	Carrots and turnips	2019	USD	415.600000	A
PP	Rwanda	Producer Price (USD/tonne)	Carrots and turnips	2020	USD	415.800000	A
PP	Rwanda	Producer Price (USD/tonne)	Carrots and turnips	2021	USD	442.900000	A
PP	Rwanda	Producer Price (USD/tonne)	Carrots and turnips	2022	USD	464.400000	A
PP	Rwanda	Producer Price (USD/tonne)	Carrots and turnips	2023	USD	646.900000	A
PP	Rwanda	Producer Price (USD/tonne)	Carrots and turnips	2024	USD	516.000000	A
PP	Rwanda	Producer Price (USD/tonne)	Cassava, fresh	2017	USD	336.600000	A
PP	Rwanda	Producer Price (USD/tonne)	Cassava, fresh	2018	USD	279.100000	A
PP	Rwanda	Producer Price (USD/tonne)	Cassava, fresh	2019	USD	225.300000	A
PP	Rwanda	Producer Price (USD/tonne)	Cassava, fresh	2020	USD	239.400000	A
PP	Rwanda	Producer Price (USD/tonne)	Cassava, fresh	2021	USD	237.900000	A
PP	Rwanda	Producer Price (USD/tonne)	Cassava, fresh	2022	USD	264.900000	A
PP	Rwanda	Producer Price (USD/tonne)	Cassava, fresh	2023	USD	377.100000	A
PP	Rwanda	Producer Price (USD/tonne)	Cassava, fresh	2024	USD	346.600000	A
PP	Rwanda	Producer Price (USD/tonne)	Chillies and peppers, green (Capsicum spp. and Pimenta spp.)	2017	USD	634.600000	A
PP	Rwanda	Producer Price (USD/tonne)	Chillies and peppers, green (Capsicum spp. and Pimenta spp.)	2018	USD	671.700000	A
PP	Rwanda	Producer Price (USD/tonne)	Chillies and peppers, green (Capsicum spp. and Pimenta spp.)	2019	USD	590.800000	A
PP	Rwanda	Producer Price (USD/tonne)	Chillies and peppers, green (Capsicum spp. and Pimenta spp.)	2021	USD	709.700000	A
PP	Rwanda	Producer Price (USD/tonne)	Chillies and peppers, green (Capsicum spp. and Pimenta spp.)	2022	USD	867.800000	A
PP	Rwanda	Producer Price (USD/tonne)	Chillies and peppers, green (Capsicum spp. and Pimenta spp.)	2023	USD	818.200000	A
PP	Rwanda	Producer Price (USD/tonne)	Chillies and peppers, green (Capsicum spp. and Pimenta spp.)	2024	USD	867.300000	A
PP	Rwanda	Producer Price (USD/tonne)	Cooking bananas	2017	USD	297.000000	A
PP	Rwanda	Producer Price (USD/tonne)	Cooking bananas	2018	USD	238.000000	A
PP	Rwanda	Producer Price (USD/tonne)	Cooking bananas	2019	USD	203.000000	A
PP	Rwanda	Producer Price (USD/tonne)	Cooking bananas	2021	USD	203.000000	A
PP	Rwanda	Producer Price (USD/tonne)	Cooking bananas	2022	USD	257.000000	A
PP	Rwanda	Producer Price (USD/tonne)	Cooking bananas	2023	USD	313.000000	A
PP	Rwanda	Producer Price (USD/tonne)	Cooking bananas	2024	USD	294.000000	A
PP	Rwanda	Producer Price (USD/tonne)	Cucumbers and gherkins	2022	USD	723.000000	A
PP	Rwanda	Producer Price (USD/tonne)	Cucumbers and gherkins	2023	USD	808.600000	A
PP	Rwanda	Producer Price (USD/tonne)	Cucumbers and gherkins	2024	USD	826.700000	A
PP	Rwanda	Producer Price (USD/tonne)	Eggplants (aubergines)	2017	USD	342.400000	A
PP	Rwanda	Producer Price (USD/tonne)	Eggplants (aubergines)	2018	USD	362.000000	A
PP	Rwanda	Producer Price (USD/tonne)	Eggplants (aubergines)	2019	USD	327.400000	A
PP	Rwanda	Producer Price (USD/tonne)	Eggplants (aubergines)	2020	USD	344.500000	A
PP	Rwanda	Producer Price (USD/tonne)	Eggplants (aubergines)	2021	USD	334.600000	A
PP	Rwanda	Producer Price (USD/tonne)	Eggplants (aubergines)	2022	USD	409.000000	A
PP	Rwanda	Producer Price (USD/tonne)	Eggplants (aubergines)	2023	USD	455.300000	A
PP	Rwanda	Producer Price (USD/tonne)	Eggplants (aubergines)	2024	USD	439.700000	A
PP	Rwanda	Producer Price (USD/tonne)	Groundnuts, excluding shelled	2017	USD	1276.800000	A
PP	Rwanda	Producer Price (USD/tonne)	Groundnuts, excluding shelled	2018	USD	1151.500000	A
PP	Rwanda	Producer Price (USD/tonne)	Groundnuts, excluding shelled	2019	USD	1176.900000	A
PP	Rwanda	Producer Price (USD/tonne)	Groundnuts, excluding shelled	2020	USD	1495.900000	A
PP	Rwanda	Producer Price (USD/tonne)	Groundnuts, excluding shelled	2021	USD	1474.100000	A
PP	Rwanda	Producer Price (USD/tonne)	Groundnuts, excluding shelled	2022	USD	1673.400000	A
PP	Rwanda	Producer Price (USD/tonne)	Groundnuts, excluding shelled	2023	USD	1949.000000	A
PP	Rwanda	Producer Price (USD/tonne)	Groundnuts, excluding shelled	2024	USD	1643.000000	A
PP	Rwanda	Producer Price (USD/tonne)	Hen eggs in shell, fresh	2017	USD	2630.600000	A
PP	Rwanda	Producer Price (USD/tonne)	Hen eggs in shell, fresh	2018	USD	2557.400000	A
PP	Rwanda	Producer Price (USD/tonne)	Hen eggs in shell, fresh	2019	USD	2490.200000	A
PP	Rwanda	Producer Price (USD/tonne)	Hen eggs in shell, fresh	2020	USD	1965.900000	A
PP	Rwanda	Producer Price (USD/tonne)	Hen eggs in shell, fresh	2021	USD	2038.200000	A
PP	Rwanda	Producer Price (USD/tonne)	Leeks and other alliaceous vegetables	2022	USD	689.500000	A
PP	Rwanda	Producer Price (USD/tonne)	Leeks and other alliaceous vegetables	2023	USD	1204.500000	A
PP	Rwanda	Producer Price (USD/tonne)	Leeks and other alliaceous vegetables	2024	USD	1009.800000	A
PP	Rwanda	Producer Price (USD/tonne)	Lemons and limes	2017	USD	756.400000	A
PP	Rwanda	Producer Price (USD/tonne)	Lemons and limes	2018	USD	634.800000	A
PP	Rwanda	Producer Price (USD/tonne)	Lemons and limes	2019	USD	702.800000	A
PP	Rwanda	Producer Price (USD/tonne)	Lemons and limes	2020	USD	1092.000000	A
PP	Rwanda	Producer Price (USD/tonne)	Lemons and limes	2021	USD	1089.500000	A
PP	Rwanda	Producer Price (USD/tonne)	Lemons and limes	2022	USD	940.800000	A
PP	Rwanda	Producer Price (USD/tonne)	Lemons and limes	2023	USD	965.300000	A
PP	Rwanda	Producer Price (USD/tonne)	Lemons and limes	2024	USD	1200.600000	A
PP	Rwanda	Producer Price (USD/tonne)	Lettuce and chicory	2022	USD	1117.100000	A
PP	Rwanda	Producer Price (USD/tonne)	Lettuce and chicory	2023	USD	1250.200000	A
PP	Rwanda	Producer Price (USD/tonne)	Lettuce and chicory	2024	USD	1169.900000	A
PP	Rwanda	Producer Price (USD/tonne)	Maize (corn)	2017	USD	418.300000	A
PP	Rwanda	Producer Price (USD/tonne)	Maize (corn)	2018	USD	264.600000	A
PP	Rwanda	Producer Price (USD/tonne)	Maize (corn)	2019	USD	367.900000	A
PP	Rwanda	Producer Price (USD/tonne)	Maize (corn)	2020	USD	357.800000	A
PP	Rwanda	Producer Price (USD/tonne)	Maize (corn)	2021	USD	309.800000	A
PP	Rwanda	Producer Price (USD/tonne)	Maize (corn)	2022	USD	480.700000	A
PP	Rwanda	Producer Price (USD/tonne)	Maize (corn)	2023	USD	519.500000	A
PP	Rwanda	Producer Price (USD/tonne)	Maize (corn)	2024	USD	346.000000	A
PP	Rwanda	Producer Price (USD/tonne)	Mangoes, guavas and mangosteens	2017	USD	634.600000	A
PP	Rwanda	Producer Price (USD/tonne)	Mangoes, guavas and mangosteens	2018	USD	688.700000	A
PP	Rwanda	Producer Price (USD/tonne)	Mangoes, guavas and mangosteens	2019	USD	655.500000	A
PP	Rwanda	Producer Price (USD/tonne)	Mangoes, guavas and mangosteens	2020	USD	836.900000	A
PP	Rwanda	Producer Price (USD/tonne)	Mangoes, guavas and mangosteens	2021	USD	917.900000	A
PP	Rwanda	Producer Price (USD/tonne)	Mangoes, guavas and mangosteens	2022	USD	930.600000	A
PP	Rwanda	Producer Price (USD/tonne)	Mangoes, guavas and mangosteens	2023	USD	1016.100000	A
PP	Rwanda	Producer Price (USD/tonne)	Mangoes, guavas and mangosteens	2024	USD	1057.700000	A
PP	Rwanda	Producer Price (USD/tonne)	Meat of cattle with the bone, fresh or chilled	2017	USD	2593.900000	A
PP	Rwanda	Producer Price (USD/tonne)	Meat of cattle with the bone, fresh or chilled	2018	USD	2587.000000	A
PP	Rwanda	Producer Price (USD/tonne)	Meat of cattle with the bone, fresh or chilled	2019	USD	2843.100000	A
PP	Rwanda	Producer Price (USD/tonne)	Meat of cattle with the bone, fresh or chilled	2020	USD	3184.700000	A
PP	Rwanda	Producer Price (USD/tonne)	Meat of cattle with the bone, fresh or chilled	2021	USD	3259.100000	A
PP	Rwanda	Producer Price (USD/tonne)	Meat of cattle with the bone, fresh or chilled	2022	USD	3600.900000	A
PP	Rwanda	Producer Price (USD/tonne)	Meat of cattle with the bone, fresh or chilled	2023	USD	3614.000000	A
PP	Rwanda	Producer Price (USD/tonne)	Meat of cattle with the bone, fresh or chilled	2024	USD	3718.200000	A
PP	Rwanda	Producer Price (USD/tonne)	Meat of chickens, fresh or chilled	2018	USD	2514.400000	A
PP	Rwanda	Producer Price (USD/tonne)	Meat of chickens, fresh or chilled	2019	USD	2509.900000	A
PP	Rwanda	Producer Price (USD/tonne)	Meat of chickens, fresh or chilled	2020	USD	3286.300000	A
PP	Rwanda	Producer Price (USD/tonne)	Meat of chickens, fresh or chilled	2021	USD	3182.200000	A
PP	Rwanda	Producer Price (USD/tonne)	Meat of chickens, fresh or chilled	2022	USD	3719.900000	A
PP	Rwanda	Producer Price (USD/tonne)	Meat of chickens, fresh or chilled	2023	USD	3878.300000	A
PP	Rwanda	Producer Price (USD/tonne)	Meat of chickens, fresh or chilled	2024	USD	3826.500000	A
PP	Rwanda	Producer Price (USD/tonne)	Meat of chickens, fresh or chilled (biological)	2017	USD	3342.800000	A
PP	Rwanda	Producer Price (USD/tonne)	Meat of chickens, fresh or chilled (biological)	2018	USD	3346.600000	A
PP	Rwanda	Producer Price (USD/tonne)	Meat of chickens, fresh or chilled (biological)	2019	USD	3138.000000	A
PP	Rwanda	Producer Price (USD/tonne)	Meat of ducks, fresh or chilled (biological)	2017	USD	1286.500000	A
PP	Rwanda	Producer Price (USD/tonne)	Meat of ducks, fresh or chilled (biological)	2018	USD	1334.100000	A
PP	Rwanda	Producer Price (USD/tonne)	Meat of ducks, fresh or chilled (biological)	2019	USD	1183.700000	A
PP	Rwanda	Producer Price (USD/tonne)	Meat of goat, fresh or chilled	2017	USD	1610.900000	A
PP	Rwanda	Producer Price (USD/tonne)	Meat of goat, fresh or chilled	2018	USD	1576.200000	A
PP	Rwanda	Producer Price (USD/tonne)	Meat of goat, fresh or chilled	2019	USD	1771.900000	A
PP	Rwanda	Producer Price (USD/tonne)	Meat of goat, fresh or chilled	2020	USD	3942.400000	A
PP	Rwanda	Producer Price (USD/tonne)	Meat of goat, fresh or chilled	2021	USD	3955.000000	A
PP	Rwanda	Producer Price (USD/tonne)	Meat of goat, fresh or chilled	2022	USD	4093.600000	A
PP	Rwanda	Producer Price (USD/tonne)	Meat of goat, fresh or chilled	2023	USD	4271.100000	A
PP	Rwanda	Producer Price (USD/tonne)	Meat of goat, fresh or chilled	2024	USD	4249.000000	A
PP	Rwanda	Producer Price (USD/tonne)	Meat of pig with the bone, fresh or chilled	2017	USD	2770.900000	A
PP	Rwanda	Producer Price (USD/tonne)	Meat of pig with the bone, fresh or chilled	2018	USD	3308.500000	A
PP	Rwanda	Producer Price (USD/tonne)	Meat of pig with the bone, fresh or chilled	2019	USD	3306.800000	A
PP	Rwanda	Producer Price (USD/tonne)	Meat of pig with the bone, fresh or chilled	2020	USD	3032.500000	A
PP	Rwanda	Producer Price (USD/tonne)	Meat of pig with the bone, fresh or chilled	2021	USD	3034.500000	A
PP	Rwanda	Producer Price (USD/tonne)	Meat of pig with the bone, fresh or chilled	2022	USD	3231.200000	A
PP	Rwanda	Producer Price (USD/tonne)	Meat of pig with the bone, fresh or chilled	2023	USD	3196.600000	A
PP	Rwanda	Producer Price (USD/tonne)	Meat of pig with the bone, fresh or chilled	2024	USD	3156.300000	A
PP	Rwanda	Producer Price (USD/tonne)	Natural honey	2017	USD	4231.400000	A
PP	Rwanda	Producer Price (USD/tonne)	Natural honey	2018	USD	4343.300000	A
PP	Rwanda	Producer Price (USD/tonne)	Natural honey	2020	USD	4735.500000	A
PP	Rwanda	Producer Price (USD/tonne)	Natural honey	2021	USD	5425.700000	A
PP	Rwanda	Producer Price (USD/tonne)	Natural honey	2022	USD	6029.700000	A
PP	Rwanda	Producer Price (USD/tonne)	Natural honey	2023	USD	5713.500000	A
PP	Rwanda	Producer Price (USD/tonne)	Natural honey	2024	USD	4939.000000	A
PP	Rwanda	Producer Price (USD/tonne)	Oil palm fruit	2022	USD	4819.500000	A
PP	Rwanda	Producer Price (USD/tonne)	Oil palm fruit	2023	USD	4455.500000	A
PP	Rwanda	Producer Price (USD/tonne)	Oil palm fruit	2024	USD	4027.200000	A
PP	Rwanda	Producer Price (USD/tonne)	Onions and shallots, dry (excluding dehydrated)	2017	USD	708.700000	A
PP	Rwanda	Producer Price (USD/tonne)	Onions and shallots, dry (excluding dehydrated)	2018	USD	774.400000	A
PP	Rwanda	Producer Price (USD/tonne)	Onions and shallots, dry (excluding dehydrated)	2019	USD	637.300000	A
PP	Rwanda	Producer Price (USD/tonne)	Onions and shallots, dry (excluding dehydrated)	2020	USD	734.100000	A
PP	Rwanda	Producer Price (USD/tonne)	Onions and shallots, dry (excluding dehydrated)	2021	USD	628.100000	A
PP	Rwanda	Producer Price (USD/tonne)	Onions and shallots, dry (excluding dehydrated)	2022	USD	641.200000	A
PP	Rwanda	Producer Price (USD/tonne)	Onions and shallots, dry (excluding dehydrated)	2023	USD	993.200000	A
PP	Rwanda	Producer Price (USD/tonne)	Onions and shallots, dry (excluding dehydrated)	2024	USD	1008.400000	A
PP	Rwanda	Producer Price (USD/tonne)	Oranges	2017	USD	644.100000	A
PP	Rwanda	Producer Price (USD/tonne)	Oranges	2018	USD	571.800000	A
PP	Rwanda	Producer Price (USD/tonne)	Oranges	2019	USD	634.700000	A
PP	Rwanda	Producer Price (USD/tonne)	Oranges	2020	USD	692.000000	A
PP	Rwanda	Producer Price (USD/tonne)	Oranges	2021	USD	740.600000	A
PP	Rwanda	Producer Price (USD/tonne)	Oranges	2022	USD	713.200000	A
PP	Rwanda	Producer Price (USD/tonne)	Oranges	2023	USD	707.300000	A
PP	Rwanda	Producer Price (USD/tonne)	Oranges	2024	USD	695.800000	A
PP	Rwanda	Producer Price (USD/tonne)	Other beans, green	2017	USD	733.700000	A
PP	Rwanda	Producer Price (USD/tonne)	Other beans, green	2018	USD	765.100000	A
PP	Rwanda	Producer Price (USD/tonne)	Other beans, green	2019	USD	775.200000	A
PP	Rwanda	Producer Price (USD/tonne)	Other beans, green	2020	USD	847.100000	A
PP	Rwanda	Producer Price (USD/tonne)	Other beans, green	2021	USD	766.200000	A
PP	Rwanda	Producer Price (USD/tonne)	Other beans, green	2022	USD	942.400000	A
PP	Rwanda	Producer Price (USD/tonne)	Other beans, green	2023	USD	1230.600000	A
PP	Rwanda	Producer Price (USD/tonne)	Other beans, green	2024	USD	999.200000	A
PP	Rwanda	Producer Price (USD/tonne)	Papayas	2017	USD	483.100000	A
PP	Rwanda	Producer Price (USD/tonne)	Papayas	2018	USD	410.300000	A
PP	Rwanda	Producer Price (USD/tonne)	Papayas	2019	USD	409.700000	A
PP	Rwanda	Producer Price (USD/tonne)	Papayas	2020	USD	379.700000	A
PP	Rwanda	Producer Price (USD/tonne)	Papayas	2021	USD	448.800000	A
PP	Rwanda	Producer Price (USD/tonne)	Papayas	2022	USD	509.600000	A
PP	Rwanda	Producer Price (USD/tonne)	Papayas	2023	USD	543.300000	A
PP	Rwanda	Producer Price (USD/tonne)	Papayas	2024	USD	537.500000	A
PP	Rwanda	Producer Price (USD/tonne)	Peas, dry	2017	USD	1231.400000	A
PP	Rwanda	Producer Price (USD/tonne)	Peas, dry	2018	USD	926.300000	A
PP	Rwanda	Producer Price (USD/tonne)	Peas, dry	2019	USD	1277.400000	A
PP	Rwanda	Producer Price (USD/tonne)	Peas, dry	2020	USD	1623.700000	A
PP	Rwanda	Producer Price (USD/tonne)	Peas, dry	2021	USD	1240.400000	A
PP	Rwanda	Producer Price (USD/tonne)	Peas, dry	2022	USD	1589.000000	A
PP	Rwanda	Producer Price (USD/tonne)	Peas, dry	2023	USD	2194.900000	A
PP	Rwanda	Producer Price (USD/tonne)	Peas, dry	2024	USD	1914.900000	A
PP	Rwanda	Producer Price (USD/tonne)	Peas, green	2022	USD	1514.900000	A
PP	Rwanda	Producer Price (USD/tonne)	Peas, green	2023	USD	1732.900000	A
PP	Rwanda	Producer Price (USD/tonne)	Peas, green	2024	USD	1769.600000	A
PP	Rwanda	Producer Price (USD/tonne)	Pineapples	2017	USD	283.800000	A
PP	Rwanda	Producer Price (USD/tonne)	Pineapples	2018	USD	280.600000	A
PP	Rwanda	Producer Price (USD/tonne)	Pineapples	2019	USD	271.300000	A
PP	Rwanda	Producer Price (USD/tonne)	Pineapples	2020	USD	265.100000	A
PP	Rwanda	Producer Price (USD/tonne)	Pineapples	2021	USD	302.200000	A
PP	Rwanda	Producer Price (USD/tonne)	Pineapples	2022	USD	322.200000	A
PP	Rwanda	Producer Price (USD/tonne)	Pineapples	2023	USD	324.800000	A
PP	Rwanda	Producer Price (USD/tonne)	Pineapples	2024	USD	347.700000	A
PP	Rwanda	Producer Price (USD/tonne)	Plantains	2020	USD	204.000000	A
PP	Rwanda	Producer Price (USD/tonne)	Potatoes	2017	USD	270.500000	A
PP	Rwanda	Producer Price (USD/tonne)	Potatoes	2018	USD	259.100000	A
PP	Rwanda	Producer Price (USD/tonne)	Potatoes	2019	USD	258.800000	A
PP	Rwanda	Producer Price (USD/tonne)	Potatoes	2020	USD	330.000000	A
PP	Rwanda	Producer Price (USD/tonne)	Potatoes	2021	USD	265.200000	A
PP	Rwanda	Producer Price (USD/tonne)	Potatoes	2022	USD	366.100000	A
PP	Rwanda	Producer Price (USD/tonne)	Potatoes	2023	USD	480.400000	A
PP	Rwanda	Producer Price (USD/tonne)	Potatoes	2024	USD	455.600000	A
PP	Rwanda	Producer Price (USD/tonne)	Pumpkins, squash and gourds	2017	USD	301.900000	A
PP	Rwanda	Producer Price (USD/tonne)	Pumpkins, squash and gourds	2018	USD	253.700000	A
PP	Rwanda	Producer Price (USD/tonne)	Pumpkins, squash and gourds	2019	USD	235.200000	A
PP	Rwanda	Producer Price (USD/tonne)	Pumpkins, squash and gourds	2021	USD	281.300000	A
PP	Rwanda	Producer Price (USD/tonne)	Pumpkins, squash and gourds	2022	USD	342.500000	A
PP	Rwanda	Producer Price (USD/tonne)	Pumpkins, squash and gourds	2023	USD	385.000000	A
PP	Rwanda	Producer Price (USD/tonne)	Pumpkins, squash and gourds	2024	USD	327.000000	A
PP	Rwanda	Producer Price (USD/tonne)	Raw milk of cattle	2017	USD	636.100000	A
PP	Rwanda	Producer Price (USD/tonne)	Raw milk of cattle	2018	USD	643.000000	A
PP	Rwanda	Producer Price (USD/tonne)	Raw milk of cattle	2019	USD	604.300000	A
PP	Rwanda	Producer Price (USD/tonne)	Raw milk of cattle	2020	USD	535.200000	A
PP	Rwanda	Producer Price (USD/tonne)	Raw milk of cattle	2021	USD	559.400000	A
PP	Rwanda	Producer Price (USD/tonne)	Raw milk of cattle	2022	USD	641.100000	A
PP	Rwanda	Producer Price (USD/tonne)	Raw milk of cattle	2023	USD	686.200000	A
PP	Rwanda	Producer Price (USD/tonne)	Raw milk of cattle	2024	USD	706.500000	A
PP	Rwanda	Producer Price (USD/tonne)	Rice	2017	USD	877.000000	A
PP	Rwanda	Producer Price (USD/tonne)	Rice	2018	USD	867.700000	A
PP	Rwanda	Producer Price (USD/tonne)	Rice	2019	USD	809.200000	A
PP	Rwanda	Producer Price (USD/tonne)	Rice	2020	USD	868.400000	A
PP	Rwanda	Producer Price (USD/tonne)	Rice	2021	USD	759.200000	A
PP	Rwanda	Producer Price (USD/tonne)	Rice	2022	USD	1016.500000	A
PP	Rwanda	Producer Price (USD/tonne)	Rice	2023	USD	1009.600000	A
PP	Rwanda	Producer Price (USD/tonne)	Rice	2024	USD	848.700000	A
PP	Rwanda	Producer Price (USD/tonne)	Sorghum	2017	USD	534.200000	A
PP	Rwanda	Producer Price (USD/tonne)	Sorghum	2018	USD	418.500000	A
PP	Rwanda	Producer Price (USD/tonne)	Sorghum	2019	USD	450.500000	A
PP	Rwanda	Producer Price (USD/tonne)	Sorghum	2020	USD	502.100000	A
PP	Rwanda	Producer Price (USD/tonne)	Sorghum	2021	USD	492.000000	A
PP	Rwanda	Producer Price (USD/tonne)	Sorghum	2022	USD	580.000000	A
PP	Rwanda	Producer Price (USD/tonne)	Sorghum	2023	USD	630.400000	A
PP	Rwanda	Producer Price (USD/tonne)	Sorghum	2024	USD	579.300000	A
PP	Rwanda	Producer Price (USD/tonne)	Soya beans	2017	USD	575.800000	A
PP	Rwanda	Producer Price (USD/tonne)	Soya beans	2018	USD	527.000000	A
PP	Rwanda	Producer Price (USD/tonne)	Soya beans	2019	USD	642.800000	A
PP	Rwanda	Producer Price (USD/tonne)	Soya beans	2020	USD	626.600000	A
PP	Rwanda	Producer Price (USD/tonne)	Soya beans	2021	USD	748.300000	A
PP	Rwanda	Producer Price (USD/tonne)	Soya beans	2022	USD	861.900000	A
PP	Rwanda	Producer Price (USD/tonne)	Soya beans	2023	USD	765.400000	A
PP	Rwanda	Producer Price (USD/tonne)	Soya beans	2024	USD	784.700000	A
PP	Rwanda	Producer Price (USD/tonne)	Spinach	2022	USD	363.200000	A
PP	Rwanda	Producer Price (USD/tonne)	Spinach	2023	USD	403.200000	A
PP	Rwanda	Producer Price (USD/tonne)	Spinach	2024	USD	438.000000	A
PP	Rwanda	Producer Price (USD/tonne)	Sugar cane	2017	USD	339.000000	A
PP	Rwanda	Producer Price (USD/tonne)	Sugar cane	2018	USD	316.100000	A
PP	Rwanda	Producer Price (USD/tonne)	Sugar cane	2019	USD	294.800000	A
PP	Rwanda	Producer Price (USD/tonne)	Sugar cane	2020	USD	284.800000	A
PP	Rwanda	Producer Price (USD/tonne)	Sugar cane	2021	USD	350.200000	A
PP	Rwanda	Producer Price (USD/tonne)	Sugar cane	2022	USD	440.600000	A
PP	Rwanda	Producer Price (USD/tonne)	Sugar cane	2023	USD	510.600000	A
PP	Rwanda	Producer Price (USD/tonne)	Sugar cane	2024	USD	432.400000	A
PP	Rwanda	Producer Price (USD/tonne)	Sweet potatoes	2017	USD	266.400000	A
PP	Rwanda	Producer Price (USD/tonne)	Sweet potatoes	2018	USD	188.600000	A
PP	Rwanda	Producer Price (USD/tonne)	Sweet potatoes	2019	USD	176.200000	A
PP	Rwanda	Producer Price (USD/tonne)	Sweet potatoes	2020	USD	201.000000	A
PP	Rwanda	Producer Price (USD/tonne)	Sweet potatoes	2021	USD	209.300000	A
PP	Rwanda	Producer Price (USD/tonne)	Sweet potatoes	2022	USD	241.300000	A
PP	Rwanda	Producer Price (USD/tonne)	Sweet potatoes	2023	USD	322.900000	A
PP	Rwanda	Producer Price (USD/tonne)	Sweet potatoes	2024	USD	274.200000	A
PP	Rwanda	Producer Price (USD/tonne)	Taro	2017	USD	546.200000	A
PP	Rwanda	Producer Price (USD/tonne)	Taro	2018	USD	441.500000	A
PP	Rwanda	Producer Price (USD/tonne)	Taro	2019	USD	427.400000	A
PP	Rwanda	Producer Price (USD/tonne)	Taro	2020	USD	448.500000	A
PP	Rwanda	Producer Price (USD/tonne)	Taro	2021	USD	487.400000	A
PP	Rwanda	Producer Price (USD/tonne)	Taro	2022	USD	534.100000	A
PP	Rwanda	Producer Price (USD/tonne)	Taro	2023	USD	637.400000	A
PP	Rwanda	Producer Price (USD/tonne)	Taro	2024	USD	620.500000	A
PP	Rwanda	Producer Price (USD/tonne)	Tomatoes	2017	USD	505.300000	A
PP	Rwanda	Producer Price (USD/tonne)	Tomatoes	2018	USD	538.300000	A
PP	Rwanda	Producer Price (USD/tonne)	Tomatoes	2019	USD	538.900000	A
PP	Rwanda	Producer Price (USD/tonne)	Tomatoes	2020	USD	591.900000	A
PP	Rwanda	Producer Price (USD/tonne)	Tomatoes	2021	USD	609.900000	A
PP	Rwanda	Producer Price (USD/tonne)	Tomatoes	2022	USD	774.900000	A
PP	Rwanda	Producer Price (USD/tonne)	Tomatoes	2023	USD	699.800000	A
PP	Rwanda	Producer Price (USD/tonne)	Tomatoes	2024	USD	661.600000	A
PP	Rwanda	Producer Price (USD/tonne)	Wheat	2017	USD	631.700000	A
PP	Rwanda	Producer Price (USD/tonne)	Wheat	2018	USD	504.400000	A
PP	Rwanda	Producer Price (USD/tonne)	Wheat	2019	USD	522.000000	A
PP	Rwanda	Producer Price (USD/tonne)	Wheat	2020	USD	587.700000	A
PP	Rwanda	Producer Price (USD/tonne)	Wheat	2021	USD	559.800000	A
PP	Rwanda	Producer Price (USD/tonne)	Wheat	2022	USD	732.900000	A
PP	Rwanda	Producer Price (USD/tonne)	Wheat	2023	USD	901.300000	A
PP	Rwanda	Producer Price (USD/tonne)	Wheat	2024	USD	727.600000	A
PP	Rwanda	Producer Price (USD/tonne)	Yams	2017	USD	318.300000	A
PP	Rwanda	Producer Price (USD/tonne)	Yams	2018	USD	205.100000	A
PP	Rwanda	Producer Price (USD/tonne)	Yams	2019	USD	195.200000	A
PP	Rwanda	Producer Price (USD/tonne)	Yams	2020	USD	185.600000	A
PP	Rwanda	Producer Price (USD/tonne)	Yams	2022	USD	411.200000	A
PP	Rwanda	Producer Price (USD/tonne)	Yams	2023	USD	550.700000	A
PP	Rwanda	Producer Price (USD/tonne)	Yams	2024	USD	525.600000	A
PP	Saudi Arabia	Producer Price (USD/tonne)	Cabbages	2018	USD	778.700000	A
PP	Saudi Arabia	Producer Price (USD/tonne)	Cabbages	2019	USD	1133.300000	A
PP	Saudi Arabia	Producer Price (USD/tonne)	Cabbages	2020	USD	848.000000	A
PP	Saudi Arabia	Producer Price (USD/tonne)	Cabbages	2021	USD	842.700000	A
PP	Saudi Arabia	Producer Price (USD/tonne)	Cabbages	2022	USD	688.400000	A
PP	Saudi Arabia	Producer Price (USD/tonne)	Cabbages	2023	USD	679.600000	A
PP	Saudi Arabia	Producer Price (USD/tonne)	Cantaloupes and other melons	2017	USD	797.300000	A
PP	Saudi Arabia	Producer Price (USD/tonne)	Cantaloupes and other melons	2018	USD	842.700000	A
PP	Saudi Arabia	Producer Price (USD/tonne)	Cantaloupes and other melons	2019	USD	1157.300000	A
PP	Saudi Arabia	Producer Price (USD/tonne)	Cantaloupes and other melons	2020	USD	1157.300000	A
PP	Saudi Arabia	Producer Price (USD/tonne)	Cantaloupes and other melons	2021	USD	1189.300000	A
PP	Saudi Arabia	Producer Price (USD/tonne)	Cantaloupes and other melons	2022	USD	1000.000000	A
PP	Saudi Arabia	Producer Price (USD/tonne)	Cantaloupes and other melons	2023	USD	985.400000	A
PP	Saudi Arabia	Producer Price (USD/tonne)	Carrots and turnips	2017	USD	712.000000	A
PP	Saudi Arabia	Producer Price (USD/tonne)	Carrots and turnips	2018	USD	997.300000	A
PP	Saudi Arabia	Producer Price (USD/tonne)	Carrots and turnips	2019	USD	656.000000	A
PP	Saudi Arabia	Producer Price (USD/tonne)	Carrots and turnips	2020	USD	1248.000000	A
PP	Saudi Arabia	Producer Price (USD/tonne)	Carrots and turnips	2021	USD	1338.700000	A
PP	Saudi Arabia	Producer Price (USD/tonne)	Carrots and turnips	2022	USD	1132.600000	A
PP	Saudi Arabia	Producer Price (USD/tonne)	Carrots and turnips	2023	USD	1164.900000	A
PP	Saudi Arabia	Producer Price (USD/tonne)	Cucumbers and gherkins	2017	USD	909.300000	A
PP	Saudi Arabia	Producer Price (USD/tonne)	Cucumbers and gherkins	2018	USD	869.300000	A
PP	Saudi Arabia	Producer Price (USD/tonne)	Cucumbers and gherkins	2019	USD	869.300000	A
PP	Saudi Arabia	Producer Price (USD/tonne)	Cucumbers and gherkins	2020	USD	1354.700000	A
PP	Saudi Arabia	Producer Price (USD/tonne)	Cucumbers and gherkins	2021	USD	1413.300000	A
PP	Saudi Arabia	Producer Price (USD/tonne)	Cucumbers and gherkins	2022	USD	1187.400000	A
PP	Saudi Arabia	Producer Price (USD/tonne)	Cucumbers and gherkins	2023	USD	1141.400000	A
PP	Saudi Arabia	Producer Price (USD/tonne)	Dates	2017	USD	2637.300000	A
PP	Saudi Arabia	Producer Price (USD/tonne)	Dates	2018	USD	2640.000000	A
PP	Saudi Arabia	Producer Price (USD/tonne)	Dates	2019	USD	2637.300000	A
PP	Saudi Arabia	Producer Price (USD/tonne)	Dates	2020	USD	3474.700000	A
PP	Saudi Arabia	Producer Price (USD/tonne)	Dates	2021	USD	3610.700000	A
PP	Saudi Arabia	Producer Price (USD/tonne)	Dates	2022	USD	2989.500000	A
PP	Saudi Arabia	Producer Price (USD/tonne)	Dates	2023	USD	3063.700000	A
PP	Saudi Arabia	Producer Price (USD/tonne)	Eggplants (aubergines)	2017	USD	792.000000	A
PP	Saudi Arabia	Producer Price (USD/tonne)	Eggplants (aubergines)	2018	USD	752.000000	A
PP	Saudi Arabia	Producer Price (USD/tonne)	Eggplants (aubergines)	2019	USD	1101.300000	A
PP	Saudi Arabia	Producer Price (USD/tonne)	Eggplants (aubergines)	2020	USD	1264.000000	A
PP	Saudi Arabia	Producer Price (USD/tonne)	Eggplants (aubergines)	2021	USD	1309.300000	A
PP	Saudi Arabia	Producer Price (USD/tonne)	Eggplants (aubergines)	2022	USD	1168.400000	A
PP	Saudi Arabia	Producer Price (USD/tonne)	Eggplants (aubergines)	2023	USD	1087.200000	A
PP	Saudi Arabia	Producer Price (USD/tonne)	Grapes	2017	USD	1709.300000	A
PP	Saudi Arabia	Producer Price (USD/tonne)	Grapes	2018	USD	1893.300000	A
PP	Saudi Arabia	Producer Price (USD/tonne)	Grapes	2019	USD	2026.700000	A
PP	Saudi Arabia	Producer Price (USD/tonne)	Grapes	2020	USD	3045.300000	A
PP	Saudi Arabia	Producer Price (USD/tonne)	Grapes	2021	USD	3240.000000	A
PP	Saudi Arabia	Producer Price (USD/tonne)	Grapes	2022	USD	2711.600000	A
PP	Saudi Arabia	Producer Price (USD/tonne)	Grapes	2023	USD	2659.300000	A
PP	Saudi Arabia	Producer Price (USD/tonne)	Hen eggs in shell, fresh	2019	USD	1354.700000	A
PP	Saudi Arabia	Producer Price (USD/tonne)	Lemons and limes	2017	USD	1013.300000	A
PP	Saudi Arabia	Producer Price (USD/tonne)	Lemons and limes	2018	USD	1149.300000	A
PP	Saudi Arabia	Producer Price (USD/tonne)	Lemons and limes	2019	USD	1149.300000	A
PP	Saudi Arabia	Producer Price (USD/tonne)	Lemons and limes	2020	USD	805.300000	A
PP	Saudi Arabia	Producer Price (USD/tonne)	Lemons and limes	2021	USD	1013.300000	A
PP	Saudi Arabia	Producer Price (USD/tonne)	Maize (corn)	2018	USD	592.000000	A
PP	Saudi Arabia	Producer Price (USD/tonne)	Maize (corn)	2019	USD	1210.700000	A
PP	Saudi Arabia	Producer Price (USD/tonne)	Maize (corn)	2020	USD	1210.700000	A
PP	Saudi Arabia	Producer Price (USD/tonne)	Mangoes, guavas and mangosteens	2018	USD	3818.700000	A
PP	Saudi Arabia	Producer Price (USD/tonne)	Mangoes, guavas and mangosteens	2019	USD	2856.000000	A
PP	Saudi Arabia	Producer Price (USD/tonne)	Mangoes, guavas and mangosteens	2020	USD	2234.700000	A
PP	Saudi Arabia	Producer Price (USD/tonne)	Mangoes, guavas and mangosteens	2021	USD	2194.700000	A
PP	Saudi Arabia	Producer Price (USD/tonne)	Meat of camels, fresh or chilled	2019	USD	9432.000000	A
PP	Saudi Arabia	Producer Price (USD/tonne)	Meat of camels, fresh or chilled	2020	USD	12266.700000	A
PP	Saudi Arabia	Producer Price (USD/tonne)	Meat of camels, fresh or chilled	2021	USD	13112.000000	A
PP	Saudi Arabia	Producer Price (USD/tonne)	Meat of camels, fresh or chilled	2022	USD	10995.800000	A
PP	Saudi Arabia	Producer Price (USD/tonne)	Meat of camels, fresh or chilled	2023	USD	11338.900000	A
PP	Saudi Arabia	Producer Price (USD/tonne)	Meat of camels, fresh or chilled (biological)	2019	USD	4338.700000	A
PP	Saudi Arabia	Producer Price (USD/tonne)	Meat of cattle with the bone, fresh or chilled	2019	USD	8640.000000	A
PP	Saudi Arabia	Producer Price (USD/tonne)	Meat of cattle with the bone, fresh or chilled	2020	USD	14866.700000	A
PP	Saudi Arabia	Producer Price (USD/tonne)	Meat of cattle with the bone, fresh or chilled	2021	USD	15928.000000	A
PP	Saudi Arabia	Producer Price (USD/tonne)	Meat of cattle with the bone, fresh or chilled	2022	USD	13012.600000	A
PP	Saudi Arabia	Producer Price (USD/tonne)	Meat of cattle with the bone, fresh or chilled	2023	USD	13416.000000	A
PP	Saudi Arabia	Producer Price (USD/tonne)	Meat of cattle with the bone, fresh or chilled (biological)	2019	USD	4320.000000	A
PP	Saudi Arabia	Producer Price (USD/tonne)	Meat of chickens, fresh or chilled	2019	USD	3333.300000	A
PP	Saudi Arabia	Producer Price (USD/tonne)	Meat of chickens, fresh or chilled	2020	USD	4391.100000	A
PP	Saudi Arabia	Producer Price (USD/tonne)	Meat of chickens, fresh or chilled	2021	USD	4568.900000	A
PP	Saudi Arabia	Producer Price (USD/tonne)	Meat of chickens, fresh or chilled	2022	USD	4114.600000	A
PP	Saudi Arabia	Producer Price (USD/tonne)	Meat of chickens, fresh or chilled	2023	USD	4274.300000	A
PP	Saudi Arabia	Producer Price (USD/tonne)	Meat of chickens, fresh or chilled (biological)	2019	USD	2366.700000	A
PP	Saudi Arabia	Producer Price (USD/tonne)	Meat of goat, fresh or chilled	2019	USD	10952.000000	A
PP	Saudi Arabia	Producer Price (USD/tonne)	Meat of goat, fresh or chilled	2020	USD	6546.600000	I
PP	Saudi Arabia	Producer Price (USD/tonne)	Meat of goat, fresh or chilled	2021	USD	3968.000000	A
PP	Saudi Arabia	Producer Price (USD/tonne)	Meat of goat, fresh or chilled	2022	USD	3064.500000	A
PP	Saudi Arabia	Producer Price (USD/tonne)	Meat of goat, fresh or chilled	2023	USD	3353.400000	A
PP	Saudi Arabia	Producer Price (USD/tonne)	Meat of goat, fresh or chilled (biological)	2019	USD	5333.300000	A
PP	Saudi Arabia	Producer Price (USD/tonne)	Meat of goat, fresh or chilled (biological)	2020	USD	18052.300000	A
PP	Saudi Arabia	Producer Price (USD/tonne)	Meat of goat, fresh or chilled (biological)	2021	USD	20139.700000	A
PP	Saudi Arabia	Producer Price (USD/tonne)	Meat of goat, fresh or chilled (biological)	2022	USD	16343.700000	A
PP	Saudi Arabia	Producer Price (USD/tonne)	Meat of pigeons and other birds n.e.c., fresh, chilled or frozen	2020	USD	3872.600000	A
PP	Saudi Arabia	Producer Price (USD/tonne)	Meat of pigeons and other birds n.e.c., fresh, chilled or frozen	2021	USD	4216.300000	A
PP	Saudi Arabia	Producer Price (USD/tonne)	Meat of pigeons and other birds n.e.c., fresh, chilled or frozen	2022	USD	4093.600000	A
PP	Saudi Arabia	Producer Price (USD/tonne)	Meat of pigeons and other birds n.e.c., fresh, chilled or frozen	2023	USD	4469.600000	A
PP	Saudi Arabia	Producer Price (USD/tonne)	Meat of sheep, fresh or chilled	2019	USD	11258.700000	A
PP	Saudi Arabia	Producer Price (USD/tonne)	Meat of sheep, fresh or chilled	2021	USD	15200.000000	A
PP	Saudi Arabia	Producer Price (USD/tonne)	Meat of sheep, fresh or chilled (biological)	2019	USD	5629.300000	A
PP	Saudi Arabia	Producer Price (USD/tonne)	Meat of sheep, fresh or chilled (biological)	2020	USD	15278.300000	A
PP	Saudi Arabia	Producer Price (USD/tonne)	Meat of sheep, fresh or chilled (biological)	2021	USD	16415.900000	A
PP	Saudi Arabia	Producer Price (USD/tonne)	Meat of sheep, fresh or chilled (biological)	2022	USD	13512.400000	A
PP	Saudi Arabia	Producer Price (USD/tonne)	Okra	2017	USD	2800.000000	A
PP	Saudi Arabia	Producer Price (USD/tonne)	Okra	2018	USD	2216.000000	A
PP	Saudi Arabia	Producer Price (USD/tonne)	Okra	2019	USD	2746.700000	A
PP	Saudi Arabia	Producer Price (USD/tonne)	Okra	2020	USD	4640.000000	A
PP	Saudi Arabia	Producer Price (USD/tonne)	Okra	2021	USD	4877.300000	A
PP	Saudi Arabia	Producer Price (USD/tonne)	Okra	2022	USD	3907.400000	A
PP	Saudi Arabia	Producer Price (USD/tonne)	Okra	2023	USD	3672.100000	A
PP	Saudi Arabia	Producer Price (USD/tonne)	Onions and shallots, dry (excluding dehydrated)	2017	USD	594.700000	A
PP	Saudi Arabia	Producer Price (USD/tonne)	Onions and shallots, dry (excluding dehydrated)	2018	USD	496.000000	A
PP	Saudi Arabia	Producer Price (USD/tonne)	Onions and shallots, dry (excluding dehydrated)	2019	USD	760.000000	A
PP	Saudi Arabia	Producer Price (USD/tonne)	Onions and shallots, dry (excluding dehydrated)	2020	USD	928.000000	A
PP	Saudi Arabia	Producer Price (USD/tonne)	Onions and shallots, dry (excluding dehydrated)	2021	USD	829.300000	A
PP	Saudi Arabia	Producer Price (USD/tonne)	Onions and shallots, dry (excluding dehydrated)	2022	USD	677.900000	A
PP	Saudi Arabia	Producer Price (USD/tonne)	Onions and shallots, dry (excluding dehydrated)	2023	USD	728.600000	A
PP	Saudi Arabia	Producer Price (USD/tonne)	Oranges	2017	USD	856.000000	A
PP	Saudi Arabia	Producer Price (USD/tonne)	Oranges	2018	USD	765.300000	A
PP	Saudi Arabia	Producer Price (USD/tonne)	Oranges	2019	USD	1002.700000	A
PP	Saudi Arabia	Producer Price (USD/tonne)	Oranges	2020	USD	1008.000000	A
PP	Saudi Arabia	Producer Price (USD/tonne)	Oranges	2021	USD	989.300000	A
PP	Saudi Arabia	Producer Price (USD/tonne)	Other citrus fruit, n.e.c.	2018	USD	1066.700000	A
PP	Saudi Arabia	Producer Price (USD/tonne)	Other citrus fruit, n.e.c.	2019	USD	1013.300000	A
PP	Saudi Arabia	Producer Price (USD/tonne)	Other citrus fruit, n.e.c.	2020	USD	933.300000	A
PP	Saudi Arabia	Producer Price (USD/tonne)	Other fruits, n.e.c.	2018	USD	1893.300000	A
PP	Saudi Arabia	Producer Price (USD/tonne)	Other fruits, n.e.c.	2019	USD	2000.000000	A
PP	Saudi Arabia	Producer Price (USD/tonne)	Other fruits, n.e.c.	2020	USD	2026.700000	A
PP	Saudi Arabia	Producer Price (USD/tonne)	Other pulses n.e.c.	2018	USD	530.700000	A
PP	Saudi Arabia	Producer Price (USD/tonne)	Other pulses n.e.c.	2019	USD	493.300000	A
PP	Saudi Arabia	Producer Price (USD/tonne)	Other pulses n.e.c.	2020	USD	520.000000	A
PP	Saudi Arabia	Producer Price (USD/tonne)	Other vegetables, fresh n.e.c.	2018	USD	256.000000	A
PP	Saudi Arabia	Producer Price (USD/tonne)	Other vegetables, fresh n.e.c.	2019	USD	357.300000	A
PP	Saudi Arabia	Producer Price (USD/tonne)	Other vegetables, fresh n.e.c.	2020	USD	346.700000	A
PP	Saudi Arabia	Producer Price (USD/tonne)	Peaches and nectarines	2018	USD	2752.000000	A
PP	Saudi Arabia	Producer Price (USD/tonne)	Peaches and nectarines	2019	USD	2168.000000	A
PP	Saudi Arabia	Producer Price (USD/tonne)	Pears	2018	USD	1877.300000	A
PP	Saudi Arabia	Producer Price (USD/tonne)	Pears	2019	USD	1861.300000	A
PP	Saudi Arabia	Producer Price (USD/tonne)	Potatoes	2017	USD	634.700000	A
PP	Saudi Arabia	Producer Price (USD/tonne)	Potatoes	2018	USD	528.000000	A
PP	Saudi Arabia	Producer Price (USD/tonne)	Potatoes	2019	USD	528.000000	A
PP	Saudi Arabia	Producer Price (USD/tonne)	Potatoes	2020	USD	885.300000	A
PP	Saudi Arabia	Producer Price (USD/tonne)	Potatoes	2021	USD	826.700000	A
PP	Saudi Arabia	Producer Price (USD/tonne)	Potatoes	2022	USD	901.100000	A
PP	Saudi Arabia	Producer Price (USD/tonne)	Potatoes	2023	USD	782.600000	A
PP	Saudi Arabia	Producer Price (USD/tonne)	Pumpkins, squash and gourds	2017	USD	1066.700000	A
PP	Saudi Arabia	Producer Price (USD/tonne)	Pumpkins, squash and gourds	2018	USD	1016.000000	A
PP	Saudi Arabia	Producer Price (USD/tonne)	Pumpkins, squash and gourds	2019	USD	1418.700000	A
PP	Saudi Arabia	Producer Price (USD/tonne)	Pumpkins, squash and gourds	2020	USD	1680.000000	A
PP	Saudi Arabia	Producer Price (USD/tonne)	Pumpkins, squash and gourds	2021	USD	1608.000000	A
PP	Saudi Arabia	Producer Price (USD/tonne)	Pumpkins, squash and gourds	2022	USD	1368.400000	A
PP	Saudi Arabia	Producer Price (USD/tonne)	Pumpkins, squash and gourds	2023	USD	1231.100000	A
PP	Saudi Arabia	Producer Price (USD/tonne)	Raw milk of camel	2019	USD	2266.700000	A
PP	Saudi Arabia	Producer Price (USD/tonne)	Raw milk of cattle	2019	USD	933.300000	A
PP	Saudi Arabia	Producer Price (USD/tonne)	Raw milk of cattle	2020	USD	1310.000000	A
PP	Saudi Arabia	Producer Price (USD/tonne)	Raw milk of cattle	2021	USD	1402.700000	A
PP	Saudi Arabia	Producer Price (USD/tonne)	Raw milk of cattle	2022	USD	1258.400000	A
PP	Saudi Arabia	Producer Price (USD/tonne)	Raw milk of cattle	2023	USD	1261.900000	A
PP	Saudi Arabia	Producer Price (USD/tonne)	Raw milk of goats	2019	USD	1866.700000	A
PP	Saudi Arabia	Producer Price (USD/tonne)	Raw milk of sheep	2019	USD	1733.300000	A
PP	Saudi Arabia	Producer Price (USD/tonne)	Tangerines, mandarins, clementines	2018	USD	2450.700000	A
PP	Saudi Arabia	Producer Price (USD/tonne)	Tangerines, mandarins, clementines	2019	USD	2450.700000	A
PP	Saudi Arabia	Producer Price (USD/tonne)	Tomatoes	2017	USD	1165.300000	A
PP	Saudi Arabia	Producer Price (USD/tonne)	Tomatoes	2018	USD	864.000000	A
PP	Saudi Arabia	Producer Price (USD/tonne)	Tomatoes	2019	USD	1104.000000	A
PP	Saudi Arabia	Producer Price (USD/tonne)	Tomatoes	2020	USD	1581.300000	A
PP	Saudi Arabia	Producer Price (USD/tonne)	Tomatoes	2021	USD	1440.000000	A
PP	Saudi Arabia	Producer Price (USD/tonne)	Tomatoes	2022	USD	1296.800000	A
PP	Saudi Arabia	Producer Price (USD/tonne)	Tomatoes	2023	USD	1240.500000	A
PP	Saudi Arabia	Producer Price (USD/tonne)	Watermelons	2017	USD	802.700000	A
PP	Saudi Arabia	Producer Price (USD/tonne)	Watermelons	2018	USD	850.700000	A
PP	Saudi Arabia	Producer Price (USD/tonne)	Watermelons	2019	USD	1421.300000	A
PP	Saudi Arabia	Producer Price (USD/tonne)	Watermelons	2020	USD	696.000000	A
PP	Saudi Arabia	Producer Price (USD/tonne)	Watermelons	2021	USD	714.700000	A
PP	Saudi Arabia	Producer Price (USD/tonne)	Watermelons	2022	USD	625.300000	A
PP	Saudi Arabia	Producer Price (USD/tonne)	Watermelons	2023	USD	626.500000	A
PP	Saudi Arabia	Producer Price (USD/tonne)	Wheat	2017	USD	436.800000	A
PP	Saudi Arabia	Producer Price (USD/tonne)	Wheat	2019	USD	436.800000	A
PP	Saudi Arabia	Producer Price (USD/tonne)	Wheat	2020	USD	701.300000	A
PP	Saudi Arabia	Producer Price (USD/tonne)	Wheat	2021	USD	725.300000	A
PP	Saudi Arabia	Producer Price (USD/tonne)	Wheat	2022	USD	602.100000	A
PP	Saudi Arabia	Producer Price (USD/tonne)	Wheat	2023	USD	659.100000	A
PP	United Kingdom of Great Britain and Northern Ireland	Producer Price (USD/tonne)	Apples	2017	USD	1054.100000	A
PP	United Kingdom of Great Britain and Northern Ireland	Producer Price (USD/tonne)	Apples	2018	USD	1093.800000	A
PP	United Kingdom of Great Britain and Northern Ireland	Producer Price (USD/tonne)	Apples	2019	USD	1143.300000	A
PP	United Kingdom of Great Britain and Northern Ireland	Producer Price (USD/tonne)	Apples	2020	USD	1429.700000	A
PP	United Kingdom of Great Britain and Northern Ireland	Producer Price (USD/tonne)	Apples	2021	USD	1570.600000	A
PP	United Kingdom of Great Britain and Northern Ireland	Producer Price (USD/tonne)	Apples	2022	USD	1540.200000	A
PP	United Kingdom of Great Britain and Northern Ireland	Producer Price (USD/tonne)	Apples	2023	USD	1452.100000	A
PP	United Kingdom of Great Britain and Northern Ireland	Producer Price (USD/tonne)	Apples	2024	USD	1724.800000	A
PP	United Kingdom of Great Britain and Northern Ireland	Producer Price (USD/tonne)	Asparagus	2017	USD	9167.300000	A
PP	United Kingdom of Great Britain and Northern Ireland	Producer Price (USD/tonne)	Asparagus	2018	USD	8039.700000	A
PP	United Kingdom of Great Britain and Northern Ireland	Producer Price (USD/tonne)	Asparagus	2019	USD	8043.000000	A
PP	United Kingdom of Great Britain and Northern Ireland	Producer Price (USD/tonne)	Asparagus	2020	USD	9262.100000	A
PP	United Kingdom of Great Britain and Northern Ireland	Producer Price (USD/tonne)	Asparagus	2021	USD	12303.500000	A
PP	United Kingdom of Great Britain and Northern Ireland	Producer Price (USD/tonne)	Asparagus	2022	USD	11876.200000	A
PP	United Kingdom of Great Britain and Northern Ireland	Producer Price (USD/tonne)	Asparagus	2023	USD	12799.700000	A
PP	United Kingdom of Great Britain and Northern Ireland	Producer Price (USD/tonne)	Asparagus	2024	USD	14673.700000	A
PP	United Kingdom of Great Britain and Northern Ireland	Producer Price (USD/tonne)	Barley	2017	USD	174.000000	A
PP	United Kingdom of Great Britain and Northern Ireland	Producer Price (USD/tonne)	Barley	2018	USD	207.400000	A
PP	United Kingdom of Great Britain and Northern Ireland	Producer Price (USD/tonne)	Barley	2019	USD	160.700000	A
PP	United Kingdom of Great Britain and Northern Ireland	Producer Price (USD/tonne)	Barley	2020	USD	166.200000	A
PP	United Kingdom of Great Britain and Northern Ireland	Producer Price (USD/tonne)	Barley	2021	USD	233.000000	A
PP	United Kingdom of Great Britain and Northern Ireland	Producer Price (USD/tonne)	Barley	2022	USD	305.300000	A
PP	United Kingdom of Great Britain and Northern Ireland	Producer Price (USD/tonne)	Barley	2023	USD	227.200000	A
PP	United Kingdom of Great Britain and Northern Ireland	Producer Price (USD/tonne)	Barley	2024	USD	202.200000	A
PP	United Kingdom of Great Britain and Northern Ireland	Producer Price (USD/tonne)	Beans, dry	2017	USD	202.800000	A
PP	United Kingdom of Great Britain and Northern Ireland	Producer Price (USD/tonne)	Beans, dry	2018	USD	236.700000	A
PP	United Kingdom of Great Britain and Northern Ireland	Producer Price (USD/tonne)	Beans, dry	2019	USD	275.200000	A
PP	United Kingdom of Great Britain and Northern Ireland	Producer Price (USD/tonne)	Beans, dry	2020	USD	272.700000	A
PP	United Kingdom of Great Britain and Northern Ireland	Producer Price (USD/tonne)	Beans, dry	2021	USD	308.900000	A
PP	United Kingdom of Great Britain and Northern Ireland	Producer Price (USD/tonne)	Beans, dry	2022	USD	353.000000	A
PP	United Kingdom of Great Britain and Northern Ireland	Producer Price (USD/tonne)	Beans, dry	2023	USD	286.600000	A
PP	United Kingdom of Great Britain and Northern Ireland	Producer Price (USD/tonne)	Beans, dry	2024	USD	309.500000	A
PP	United Kingdom of Great Britain and Northern Ireland	Producer Price (USD/tonne)	Broad beans and horse beans, green	2020	USD	2346.900000	A
PP	United Kingdom of Great Britain and Northern Ireland	Producer Price (USD/tonne)	Broad beans and horse beans, green	2021	USD	2408.100000	A
PP	United Kingdom of Great Britain and Northern Ireland	Producer Price (USD/tonne)	Broad beans and horse beans, green	2022	USD	2319.200000	A
PP	United Kingdom of Great Britain and Northern Ireland	Producer Price (USD/tonne)	Broad beans and horse beans, green	2023	USD	3319.400000	A
PP	United Kingdom of Great Britain and Northern Ireland	Producer Price (USD/tonne)	Broad beans and horse beans, green	2024	USD	3386.500000	A
PP	United Kingdom of Great Britain and Northern Ireland	Producer Price (USD/tonne)	Cabbages	2017	USD	422.100000	A
PP	United Kingdom of Great Britain and Northern Ireland	Producer Price (USD/tonne)	Cabbages	2018	USD	527.100000	A
PP	United Kingdom of Great Britain and Northern Ireland	Producer Price (USD/tonne)	Cabbages	2019	USD	743.800000	A
PP	United Kingdom of Great Britain and Northern Ireland	Producer Price (USD/tonne)	Cabbages	2020	USD	609.900000	A
PP	United Kingdom of Great Britain and Northern Ireland	Producer Price (USD/tonne)	Cabbages	2021	USD	628.100000	A
PP	United Kingdom of Great Britain and Northern Ireland	Producer Price (USD/tonne)	Cabbages	2022	USD	890.700000	A
PP	United Kingdom of Great Britain and Northern Ireland	Producer Price (USD/tonne)	Cabbages	2023	USD	1066.600000	A
PP	United Kingdom of Great Britain and Northern Ireland	Producer Price (USD/tonne)	Cabbages	2024	USD	1118.100000	A
PP	United Kingdom of Great Britain and Northern Ireland	Producer Price (USD/tonne)	Carrots and turnips	2017	USD	440.200000	A
PP	United Kingdom of Great Britain and Northern Ireland	Producer Price (USD/tonne)	Carrots and turnips	2018	USD	631.800000	A
PP	United Kingdom of Great Britain and Northern Ireland	Producer Price (USD/tonne)	Carrots and turnips	2019	USD	559.400000	A
PP	United Kingdom of Great Britain and Northern Ireland	Producer Price (USD/tonne)	Carrots and turnips	2020	USD	645.400000	A
PP	United Kingdom of Great Britain and Northern Ireland	Producer Price (USD/tonne)	Carrots and turnips	2021	USD	673.800000	A
PP	United Kingdom of Great Britain and Northern Ireland	Producer Price (USD/tonne)	Carrots and turnips	2022	USD	606.200000	A
PP	United Kingdom of Great Britain and Northern Ireland	Producer Price (USD/tonne)	Carrots and turnips	2023	USD	831.000000	A
PP	United Kingdom of Great Britain and Northern Ireland	Producer Price (USD/tonne)	Carrots and turnips	2024	USD	785.300000	A
PP	United Kingdom of Great Britain and Northern Ireland	Producer Price (USD/tonne)	Cauliflowers and broccoli	2017	USD	724.600000	A
PP	United Kingdom of Great Britain and Northern Ireland	Producer Price (USD/tonne)	Cauliflowers and broccoli	2018	USD	869.700000	A
PP	United Kingdom of Great Britain and Northern Ireland	Producer Price (USD/tonne)	Cauliflowers and broccoli	2019	USD	954.200000	A
PP	United Kingdom of Great Britain and Northern Ireland	Producer Price (USD/tonne)	Cauliflowers and broccoli	2020	USD	1158.300000	A
PP	United Kingdom of Great Britain and Northern Ireland	Producer Price (USD/tonne)	Cauliflowers and broccoli	2021	USD	1115.400000	A
PP	United Kingdom of Great Britain and Northern Ireland	Producer Price (USD/tonne)	Cauliflowers and broccoli	2022	USD	1030.400000	A
PP	United Kingdom of Great Britain and Northern Ireland	Producer Price (USD/tonne)	Cauliflowers and broccoli	2023	USD	1561.000000	A
PP	United Kingdom of Great Britain and Northern Ireland	Producer Price (USD/tonne)	Cauliflowers and broccoli	2024	USD	1403.100000	A
PP	United Kingdom of Great Britain and Northern Ireland	Producer Price (USD/tonne)	Cherries	2017	USD	4992.300000	A
PP	United Kingdom of Great Britain and Northern Ireland	Producer Price (USD/tonne)	Cherries	2018	USD	4548.200000	A
PP	United Kingdom of Great Britain and Northern Ireland	Producer Price (USD/tonne)	Cherries	2019	USD	4252.800000	A
PP	United Kingdom of Great Britain and Northern Ireland	Producer Price (USD/tonne)	Cherries	2020	USD	5356.300000	A
PP	United Kingdom of Great Britain and Northern Ireland	Producer Price (USD/tonne)	Cherries	2021	USD	6853.700000	A
PP	United Kingdom of Great Britain and Northern Ireland	Producer Price (USD/tonne)	Cherries	2022	USD	6808.200000	A
PP	United Kingdom of Great Britain and Northern Ireland	Producer Price (USD/tonne)	Cherries	2023	USD	7653.200000	A
PP	United Kingdom of Great Britain and Northern Ireland	Producer Price (USD/tonne)	Cherries	2024	USD	7648.300000	A
PP	United Kingdom of Great Britain and Northern Ireland	Producer Price (USD/tonne)	Chillies and peppers, green (Capsicum spp. and Pimenta spp.)	2021	USD	1555.400000	A
PP	United Kingdom of Great Britain and Northern Ireland	Producer Price (USD/tonne)	Chillies and peppers, green (Capsicum spp. and Pimenta spp.)	2022	USD	1684.800000	A
PP	United Kingdom of Great Britain and Northern Ireland	Producer Price (USD/tonne)	Chillies and peppers, green (Capsicum spp. and Pimenta spp.)	2023	USD	1974.500000	A
PP	United Kingdom of Great Britain and Northern Ireland	Producer Price (USD/tonne)	Chillies and peppers, green (Capsicum spp. and Pimenta spp.)	2024	USD	1980.800000	A
PP	United Kingdom of Great Britain and Northern Ireland	Producer Price (USD/tonne)	Cucumbers and gherkins	2017	USD	997.400000	A
PP	United Kingdom of Great Britain and Northern Ireland	Producer Price (USD/tonne)	Cucumbers and gherkins	2018	USD	1219.700000	A
PP	United Kingdom of Great Britain and Northern Ireland	Producer Price (USD/tonne)	Cucumbers and gherkins	2019	USD	1110.600000	A
PP	United Kingdom of Great Britain and Northern Ireland	Producer Price (USD/tonne)	Cucumbers and gherkins	2020	USD	1231.000000	A
PP	United Kingdom of Great Britain and Northern Ireland	Producer Price (USD/tonne)	Cucumbers and gherkins	2021	USD	1258.200000	A
PP	United Kingdom of Great Britain and Northern Ireland	Producer Price (USD/tonne)	Cucumbers and gherkins	2022	USD	1469.500000	A
PP	United Kingdom of Great Britain and Northern Ireland	Producer Price (USD/tonne)	Cucumbers and gherkins	2023	USD	1212.000000	A
PP	United Kingdom of Great Britain and Northern Ireland	Producer Price (USD/tonne)	Cucumbers and gherkins	2024	USD	1524.000000	A
PP	United Kingdom of Great Britain and Northern Ireland	Producer Price (USD/tonne)	Currants	2018	USD	7911.500000	A
PP	United Kingdom of Great Britain and Northern Ireland	Producer Price (USD/tonne)	Currants	2019	USD	6743.900000	A
PP	United Kingdom of Great Britain and Northern Ireland	Producer Price (USD/tonne)	Currants	2020	USD	11582.100000	A
PP	United Kingdom of Great Britain and Northern Ireland	Producer Price (USD/tonne)	Currants	2021	USD	10115.400000	A
PP	United Kingdom of Great Britain and Northern Ireland	Producer Price (USD/tonne)	Currants	2022	USD	7970.200000	A
PP	United Kingdom of Great Britain and Northern Ireland	Producer Price (USD/tonne)	Currants	2023	USD	15319.700000	A
PP	United Kingdom of Great Britain and Northern Ireland	Producer Price (USD/tonne)	Currants	2024	USD	15514.400000	A
PP	United Kingdom of Great Britain and Northern Ireland	Producer Price (USD/tonne)	Gooseberries	2018	USD	4219.500000	A
PP	United Kingdom of Great Britain and Northern Ireland	Producer Price (USD/tonne)	Gooseberries	2019	USD	5082.800000	A
PP	United Kingdom of Great Britain and Northern Ireland	Producer Price (USD/tonne)	Gooseberries	2020	USD	6728.700000	A
PP	United Kingdom of Great Britain and Northern Ireland	Producer Price (USD/tonne)	Gooseberries	2021	USD	8228.500000	A
PP	United Kingdom of Great Britain and Northern Ireland	Producer Price (USD/tonne)	Gooseberries	2022	USD	8952.400000	A
PP	United Kingdom of Great Britain and Northern Ireland	Producer Price (USD/tonne)	Gooseberries	2023	USD	8290.600000	A
PP	United Kingdom of Great Britain and Northern Ireland	Producer Price (USD/tonne)	Gooseberries	2024	USD	8437.500000	A
PP	United Kingdom of Great Britain and Northern Ireland	Producer Price (USD/tonne)	Hop cones	2020	USD	10334.500000	A
PP	United Kingdom of Great Britain and Northern Ireland	Producer Price (USD/tonne)	Hop cones	2021	USD	11626.300000	A
PP	United Kingdom of Great Britain and Northern Ireland	Producer Price (USD/tonne)	Hop cones	2022	USD	11539.900000	A
PP	United Kingdom of Great Britain and Northern Ireland	Producer Price (USD/tonne)	Hop cones	2023	USD	12634.900000	A
PP	United Kingdom of Great Britain and Northern Ireland	Producer Price (USD/tonne)	Hop cones	2024	USD	17270.400000	A
PP	United Kingdom of Great Britain and Northern Ireland	Producer Price (USD/tonne)	Leeks and other alliaceous vegetables	2017	USD	1325.600000	A
PP	United Kingdom of Great Britain and Northern Ireland	Producer Price (USD/tonne)	Leeks and other alliaceous vegetables	2018	USD	1631.300000	A
PP	United Kingdom of Great Britain and Northern Ireland	Producer Price (USD/tonne)	Leeks and other alliaceous vegetables	2019	USD	1566.200000	A
PP	United Kingdom of Great Britain and Northern Ireland	Producer Price (USD/tonne)	Leeks and other alliaceous vegetables	2020	USD	1628.000000	A
PP	United Kingdom of Great Britain and Northern Ireland	Producer Price (USD/tonne)	Leeks and other alliaceous vegetables	2021	USD	1961.300000	A
PP	United Kingdom of Great Britain and Northern Ireland	Producer Price (USD/tonne)	Leeks and other alliaceous vegetables	2022	USD	1587.000000	A
PP	United Kingdom of Great Britain and Northern Ireland	Producer Price (USD/tonne)	Leeks and other alliaceous vegetables	2023	USD	1976.400000	A
PP	United Kingdom of Great Britain and Northern Ireland	Producer Price (USD/tonne)	Leeks and other alliaceous vegetables	2024	USD	2192.100000	A
PP	United Kingdom of Great Britain and Northern Ireland	Producer Price (USD/tonne)	Lettuce and chicory	2017	USD	640.900000	A
PP	United Kingdom of Great Britain and Northern Ireland	Producer Price (USD/tonne)	Lettuce and chicory	2018	USD	667.300000	A
PP	United Kingdom of Great Britain and Northern Ireland	Producer Price (USD/tonne)	Lettuce and chicory	2019	USD	613.500000	A
PP	United Kingdom of Great Britain and Northern Ireland	Producer Price (USD/tonne)	Lettuce and chicory	2020	USD	677.400000	A
PP	United Kingdom of Great Britain and Northern Ireland	Producer Price (USD/tonne)	Lettuce and chicory	2021	USD	779.400000	A
PP	United Kingdom of Great Britain and Northern Ireland	Producer Price (USD/tonne)	Lettuce and chicory	2022	USD	785.800000	A
PP	United Kingdom of Great Britain and Northern Ireland	Producer Price (USD/tonne)	Lettuce and chicory	2023	USD	803.100000	A
PP	United Kingdom of Great Britain and Northern Ireland	Producer Price (USD/tonne)	Lettuce and chicory	2024	USD	837.800000	A
PP	United Kingdom of Great Britain and Northern Ireland	Producer Price (USD/tonne)	Linseed	2020	USD	506.400000	A
PP	United Kingdom of Great Britain and Northern Ireland	Producer Price (USD/tonne)	Linseed	2021	USD	543.300000	A
PP	United Kingdom of Great Britain and Northern Ireland	Producer Price (USD/tonne)	Linseed	2022	USD	523.800000	A
PP	United Kingdom of Great Britain and Northern Ireland	Producer Price (USD/tonne)	Linseed	2023	USD	564.300000	A
PP	United Kingdom of Great Britain and Northern Ireland	Producer Price (USD/tonne)	Linseed	2024	USD	621.200000	A
PP	United Kingdom of Great Britain and Northern Ireland	Producer Price (USD/tonne)	Meat of cattle with the bone, fresh or chilled (biological)	2017	USD	2504.500000	A
PP	United Kingdom of Great Britain and Northern Ireland	Producer Price (USD/tonne)	Meat of cattle with the bone, fresh or chilled (biological)	2018	USD	2602.000000	A
PP	United Kingdom of Great Britain and Northern Ireland	Producer Price (USD/tonne)	Meat of cattle with the bone, fresh or chilled (biological)	2019	USD	2346.200000	A
PP	United Kingdom of Great Britain and Northern Ireland	Producer Price (USD/tonne)	Meat of cattle with the bone, fresh or chilled (biological)	2020	USD	2510.700000	A
PP	United Kingdom of Great Britain and Northern Ireland	Producer Price (USD/tonne)	Meat of cattle with the bone, fresh or chilled (biological)	2021	USD	3081.300000	A
PP	United Kingdom of Great Britain and Northern Ireland	Producer Price (USD/tonne)	Meat of cattle with the bone, fresh or chilled (biological)	2022	USD	3288.900000	A
PP	United Kingdom of Great Britain and Northern Ireland	Producer Price (USD/tonne)	Meat of cattle with the bone, fresh or chilled (biological)	2023	USD	3512.300000	A
PP	United Kingdom of Great Britain and Northern Ireland	Producer Price (USD/tonne)	Meat of cattle with the bone, fresh or chilled (biological)	2024	USD	4586.400000	A
PP	United Kingdom of Great Britain and Northern Ireland	Producer Price (USD/tonne)	Meat of pig with the bone, fresh or chilled (biological)	2017	USD	1494.200000	A
PP	United Kingdom of Great Britain and Northern Ireland	Producer Price (USD/tonne)	Meat of pig with the bone, fresh or chilled (biological)	2018	USD	1437.600000	A
PP	United Kingdom of Great Britain and Northern Ireland	Producer Price (USD/tonne)	Meat of pig with the bone, fresh or chilled (biological)	2019	USD	1398.100000	A
PP	United Kingdom of Great Britain and Northern Ireland	Producer Price (USD/tonne)	Meat of pig with the bone, fresh or chilled (biological)	2020	USD	1490.100000	A
PP	United Kingdom of Great Britain and Northern Ireland	Producer Price (USD/tonne)	Meat of pig with the bone, fresh or chilled (biological)	2021	USD	1424.200000	A
PP	United Kingdom of Great Britain and Northern Ireland	Producer Price (USD/tonne)	Meat of pig with the bone, fresh or chilled (biological)	2022	USD	2240.500000	A
PP	United Kingdom of Great Britain and Northern Ireland	Producer Price (USD/tonne)	Meat of pig with the bone, fresh or chilled (biological)	2023	USD	2169.100000	A
PP	United Kingdom of Great Britain and Northern Ireland	Producer Price (USD/tonne)	Meat of pig with the bone, fresh or chilled (biological)	2024	USD	1972.000000	A
PP	United Kingdom of Great Britain and Northern Ireland	Producer Price (USD/tonne)	Meat of sheep, fresh or chilled (biological)	2017	USD	2342.300000	A
PP	United Kingdom of Great Britain and Northern Ireland	Producer Price (USD/tonne)	Meat of sheep, fresh or chilled (biological)	2018	USD	2662.900000	A
PP	United Kingdom of Great Britain and Northern Ireland	Producer Price (USD/tonne)	Meat of sheep, fresh or chilled (biological)	2019	USD	2387.700000	A
PP	United Kingdom of Great Britain and Northern Ireland	Producer Price (USD/tonne)	Meat of sheep, fresh or chilled (biological)	2020	USD	2760.400000	A
PP	United Kingdom of Great Britain and Northern Ireland	Producer Price (USD/tonne)	Meat of sheep, fresh or chilled (biological)	2021	USD	3634.900000	A
PP	United Kingdom of Great Britain and Northern Ireland	Producer Price (USD/tonne)	Meat of sheep, fresh or chilled (biological)	2022	USD	3288.200000	A
PP	United Kingdom of Great Britain and Northern Ireland	Producer Price (USD/tonne)	Meat of sheep, fresh or chilled (biological)	2023	USD	4022.500000	A
PP	United Kingdom of Great Britain and Northern Ireland	Producer Price (USD/tonne)	Meat of sheep, fresh or chilled (biological)	2024	USD	4342.200000	A
PP	United Kingdom of Great Britain and Northern Ireland	Producer Price (USD/tonne)	Mushrooms and truffles	2020	USD	2474.000000	A
PP	United Kingdom of Great Britain and Northern Ireland	Producer Price (USD/tonne)	Mushrooms and truffles	2021	USD	2828.600000	A
PP	United Kingdom of Great Britain and Northern Ireland	Producer Price (USD/tonne)	Mushrooms and truffles	2022	USD	2515.400000	A
PP	United Kingdom of Great Britain and Northern Ireland	Producer Price (USD/tonne)	Mushrooms and truffles	2023	USD	2673.800000	A
PP	United Kingdom of Great Britain and Northern Ireland	Producer Price (USD/tonne)	Mushrooms and truffles	2024	USD	2878.400000	A
PP	United Kingdom of Great Britain and Northern Ireland	Producer Price (USD/tonne)	Natural honey	2021	USD	17948.900000	A
PP	United Kingdom of Great Britain and Northern Ireland	Producer Price (USD/tonne)	Natural honey	2022	USD	16570.000000	A
PP	United Kingdom of Great Britain and Northern Ireland	Producer Price (USD/tonne)	Natural honey	2023	USD	18307.100000	A
PP	United Kingdom of Great Britain and Northern Ireland	Producer Price (USD/tonne)	Natural honey	2024	USD	18859.800000	A
PP	United Kingdom of Great Britain and Northern Ireland	Producer Price (USD/tonne)	Oats	2017	USD	150.000000	A
PP	United Kingdom of Great Britain and Northern Ireland	Producer Price (USD/tonne)	Oats	2018	USD	197.900000	A
PP	United Kingdom of Great Britain and Northern Ireland	Producer Price (USD/tonne)	Oats	2019	USD	164.700000	A
PP	United Kingdom of Great Britain and Northern Ireland	Producer Price (USD/tonne)	Oats	2020	USD	168.100000	A
PP	United Kingdom of Great Britain and Northern Ireland	Producer Price (USD/tonne)	Oats	2021	USD	193.500000	A
PP	United Kingdom of Great Britain and Northern Ireland	Producer Price (USD/tonne)	Oats	2022	USD	276.400000	A
PP	United Kingdom of Great Britain and Northern Ireland	Producer Price (USD/tonne)	Oats	2023	USD	252.300000	A
PP	United Kingdom of Great Britain and Northern Ireland	Producer Price (USD/tonne)	Oats	2024	USD	235.400000	A
PP	United Kingdom of Great Britain and Northern Ireland	Producer Price (USD/tonne)	Onions and shallots, dry (excluding dehydrated)	2017	USD	464.600000	A
PP	United Kingdom of Great Britain and Northern Ireland	Producer Price (USD/tonne)	Onions and shallots, dry (excluding dehydrated)	2018	USD	550.400000	A
PP	United Kingdom of Great Britain and Northern Ireland	Producer Price (USD/tonne)	Onions and shallots, dry (excluding dehydrated)	2019	USD	589.200000	A
PP	United Kingdom of Great Britain and Northern Ireland	Producer Price (USD/tonne)	Onions and shallots, dry (excluding dehydrated)	2020	USD	558.800000	A
PP	United Kingdom of Great Britain and Northern Ireland	Producer Price (USD/tonne)	Onions and shallots, dry (excluding dehydrated)	2021	USD	654.500000	A
PP	United Kingdom of Great Britain and Northern Ireland	Producer Price (USD/tonne)	Onions and shallots, dry (excluding dehydrated)	2022	USD	568.000000	A
PP	United Kingdom of Great Britain and Northern Ireland	Producer Price (USD/tonne)	Onions and shallots, dry (excluding dehydrated)	2023	USD	1041.600000	A
PP	United Kingdom of Great Britain and Northern Ireland	Producer Price (USD/tonne)	Onions and shallots, dry (excluding dehydrated)	2024	USD	832.000000	A
PP	United Kingdom of Great Britain and Northern Ireland	Producer Price (USD/tonne)	Onions and shallots, green	2022	USD	4930.000000	A
PP	United Kingdom of Great Britain and Northern Ireland	Producer Price (USD/tonne)	Onions and shallots, green	2023	USD	5520.000000	A
PP	United Kingdom of Great Britain and Northern Ireland	Producer Price (USD/tonne)	Onions and shallots, green	2024	USD	5420.000000	A
PP	United Kingdom of Great Britain and Northern Ireland	Producer Price (USD/tonne)	Other beans, green	2017	USD	2518.700000	A
PP	United Kingdom of Great Britain and Northern Ireland	Producer Price (USD/tonne)	Other beans, green	2018	USD	2611.200000	A
PP	United Kingdom of Great Britain and Northern Ireland	Producer Price (USD/tonne)	Other beans, green	2019	USD	2202.600000	A
PP	United Kingdom of Great Britain and Northern Ireland	Producer Price (USD/tonne)	Other beans, green	2020	USD	3823.400000	A
PP	United Kingdom of Great Britain and Northern Ireland	Producer Price (USD/tonne)	Other beans, green	2021	USD	4231.400000	A
PP	United Kingdom of Great Britain and Northern Ireland	Producer Price (USD/tonne)	Other beans, green	2022	USD	5224.300000	A
PP	United Kingdom of Great Britain and Northern Ireland	Producer Price (USD/tonne)	Other beans, green	2023	USD	5484.800000	A
PP	United Kingdom of Great Britain and Northern Ireland	Producer Price (USD/tonne)	Other beans, green	2024	USD	4746.000000	A
PP	United Kingdom of Great Britain and Northern Ireland	Producer Price (USD/tonne)	Other berries and fruits of the genus vaccinium n.e.c.	2020	USD	9628.500000	A
PP	United Kingdom of Great Britain and Northern Ireland	Producer Price (USD/tonne)	Other berries and fruits of the genus vaccinium n.e.c.	2021	USD	12146.300000	A
PP	United Kingdom of Great Britain and Northern Ireland	Producer Price (USD/tonne)	Other berries and fruits of the genus vaccinium n.e.c.	2022	USD	5617.400000	A
PP	United Kingdom of Great Britain and Northern Ireland	Producer Price (USD/tonne)	Other berries and fruits of the genus vaccinium n.e.c.	2023	USD	7486.000000	A
PP	United Kingdom of Great Britain and Northern Ireland	Producer Price (USD/tonne)	Other berries and fruits of the genus vaccinium n.e.c.	2024	USD	8685.800000	A
PP	United Kingdom of Great Britain and Northern Ireland	Producer Price (USD/tonne)	Pears	2017	USD	877.700000	A
PP	United Kingdom of Great Britain and Northern Ireland	Producer Price (USD/tonne)	Pears	2018	USD	941.000000	A
PP	United Kingdom of Great Britain and Northern Ireland	Producer Price (USD/tonne)	Pears	2019	USD	1329.000000	A
PP	United Kingdom of Great Britain and Northern Ireland	Producer Price (USD/tonne)	Pears	2020	USD	1274.900000	A
PP	United Kingdom of Great Britain and Northern Ireland	Producer Price (USD/tonne)	Pears	2021	USD	1974.600000	A
PP	United Kingdom of Great Britain and Northern Ireland	Producer Price (USD/tonne)	Pears	2022	USD	1301.200000	A
PP	United Kingdom of Great Britain and Northern Ireland	Producer Price (USD/tonne)	Pears	2023	USD	1406.700000	A
PP	United Kingdom of Great Britain and Northern Ireland	Producer Price (USD/tonne)	Pears	2024	USD	1480.900000	A
PP	United Kingdom of Great Britain and Northern Ireland	Producer Price (USD/tonne)	Peas, dry	2017	USD	189.100000	A
PP	United Kingdom of Great Britain and Northern Ireland	Producer Price (USD/tonne)	Peas, dry	2018	USD	228.300000	A
PP	United Kingdom of Great Britain and Northern Ireland	Producer Price (USD/tonne)	Peas, dry	2019	USD	249.000000	A
PP	United Kingdom of Great Britain and Northern Ireland	Producer Price (USD/tonne)	Peas, dry	2020	USD	262.900000	A
PP	United Kingdom of Great Britain and Northern Ireland	Producer Price (USD/tonne)	Peas, dry	2021	USD	298.400000	A
PP	United Kingdom of Great Britain and Northern Ireland	Producer Price (USD/tonne)	Peas, dry	2022	USD	338.100000	A
PP	United Kingdom of Great Britain and Northern Ireland	Producer Price (USD/tonne)	Peas, dry	2023	USD	289.500000	A
PP	United Kingdom of Great Britain and Northern Ireland	Producer Price (USD/tonne)	Peas, dry	2024	USD	322.800000	A
PP	United Kingdom of Great Britain and Northern Ireland	Producer Price (USD/tonne)	Peas, green	2017	USD	2136.400000	A
PP	United Kingdom of Great Britain and Northern Ireland	Producer Price (USD/tonne)	Peas, green	2018	USD	2807.300000	A
PP	United Kingdom of Great Britain and Northern Ireland	Producer Price (USD/tonne)	Peas, green	2019	USD	2252.100000	A
PP	United Kingdom of Great Britain and Northern Ireland	Producer Price (USD/tonne)	Peas, green	2020	USD	3256.300000	A
PP	United Kingdom of Great Britain and Northern Ireland	Producer Price (USD/tonne)	Peas, green	2021	USD	3560.800000	A
PP	United Kingdom of Great Britain and Northern Ireland	Producer Price (USD/tonne)	Peas, green	2022	USD	3377.900000	A
PP	United Kingdom of Great Britain and Northern Ireland	Producer Price (USD/tonne)	Peas, green	2023	USD	3650.300000	A
PP	United Kingdom of Great Britain and Northern Ireland	Producer Price (USD/tonne)	Peas, green	2024	USD	3858.600000	A
PP	United Kingdom of Great Britain and Northern Ireland	Producer Price (USD/tonne)	Plums and sloes	2017	USD	1886.700000	A
PP	United Kingdom of Great Britain and Northern Ireland	Producer Price (USD/tonne)	Plums and sloes	2018	USD	1979.700000	A
PP	United Kingdom of Great Britain and Northern Ireland	Producer Price (USD/tonne)	Plums and sloes	2019	USD	2042.100000	A
PP	United Kingdom of Great Britain and Northern Ireland	Producer Price (USD/tonne)	Plums and sloes	2020	USD	2229.200000	A
PP	United Kingdom of Great Britain and Northern Ireland	Producer Price (USD/tonne)	Plums and sloes	2021	USD	3646.900000	A
PP	United Kingdom of Great Britain and Northern Ireland	Producer Price (USD/tonne)	Plums and sloes	2022	USD	2687.200000	A
PP	United Kingdom of Great Britain and Northern Ireland	Producer Price (USD/tonne)	Plums and sloes	2023	USD	2941.600000	A
PP	United Kingdom of Great Britain and Northern Ireland	Producer Price (USD/tonne)	Plums and sloes	2024	USD	2780.200000	A
PP	United Kingdom of Great Britain and Northern Ireland	Producer Price (USD/tonne)	Potatoes	2017	USD	234.900000	A
PP	United Kingdom of Great Britain and Northern Ireland	Producer Price (USD/tonne)	Potatoes	2018	USD	229.800000	A
PP	United Kingdom of Great Britain and Northern Ireland	Producer Price (USD/tonne)	Potatoes	2019	USD	235.100000	A
PP	United Kingdom of Great Britain and Northern Ireland	Producer Price (USD/tonne)	Potatoes	2020	USD	229.500000	A
PP	United Kingdom of Great Britain and Northern Ireland	Producer Price (USD/tonne)	Potatoes	2021	USD	249.000000	A
PP	United Kingdom of Great Britain and Northern Ireland	Producer Price (USD/tonne)	Potatoes	2022	USD	242.300000	A
PP	United Kingdom of Great Britain and Northern Ireland	Producer Price (USD/tonne)	Potatoes	2023	USD	370.700000	A
PP	United Kingdom of Great Britain and Northern Ireland	Producer Price (USD/tonne)	Potatoes	2024	USD	528.600000	A
PP	United Kingdom of Great Britain and Northern Ireland	Producer Price (USD/tonne)	Rape or colza seed	2017	USD	232.900000	A
PP	United Kingdom of Great Britain and Northern Ireland	Producer Price (USD/tonne)	Rape or colza seed	2018	USD	402.300000	A
PP	United Kingdom of Great Britain and Northern Ireland	Producer Price (USD/tonne)	Rape or colza seed	2019	USD	403.100000	A
PP	United Kingdom of Great Britain and Northern Ireland	Producer Price (USD/tonne)	Rape or colza seed	2020	USD	420.000000	A
PP	United Kingdom of Great Britain and Northern Ireland	Producer Price (USD/tonne)	Rape or colza seed	2021	USD	616.300000	A
PP	United Kingdom of Great Britain and Northern Ireland	Producer Price (USD/tonne)	Rape or colza seed	2022	USD	752.200000	A
PP	United Kingdom of Great Britain and Northern Ireland	Producer Price (USD/tonne)	Rape or colza seed	2023	USD	467.600000	A
PP	United Kingdom of Great Britain and Northern Ireland	Producer Price (USD/tonne)	Rape or colza seed	2024	USD	478.700000	A
PP	United Kingdom of Great Britain and Northern Ireland	Producer Price (USD/tonne)	Raspberries	2018	USD	10022.100000	A
PP	United Kingdom of Great Britain and Northern Ireland	Producer Price (USD/tonne)	Raspberries	2019	USD	10157.200000	A
PP	United Kingdom of Great Britain and Northern Ireland	Producer Price (USD/tonne)	Raspberries	2020	USD	10498.200000	A
PP	United Kingdom of Great Britain and Northern Ireland	Producer Price (USD/tonne)	Raspberries	2021	USD	11783.100000	A
PP	United Kingdom of Great Britain and Northern Ireland	Producer Price (USD/tonne)	Raspberries	2022	USD	8437.900000	A
PP	United Kingdom of Great Britain and Northern Ireland	Producer Price (USD/tonne)	Raspberries	2023	USD	11613.300000	A
PP	United Kingdom of Great Britain and Northern Ireland	Producer Price (USD/tonne)	Raspberries	2024	USD	13436.200000	A
PP	United Kingdom of Great Britain and Northern Ireland	Producer Price (USD/tonne)	Raw milk of cattle	2017	USD	359.100000	A
PP	United Kingdom of Great Britain and Northern Ireland	Producer Price (USD/tonne)	Raw milk of cattle	2018	USD	379.300000	A
PP	United Kingdom of Great Britain and Northern Ireland	Producer Price (USD/tonne)	Raw milk of cattle	2019	USD	357.900000	A
PP	United Kingdom of Great Britain and Northern Ireland	Producer Price (USD/tonne)	Raw milk of cattle	2020	USD	356.100000	A
PP	United Kingdom of Great Britain and Northern Ireland	Producer Price (USD/tonne)	Raw milk of cattle	2021	USD	415.600000	A
PP	United Kingdom of Great Britain and Northern Ireland	Producer Price (USD/tonne)	Raw milk of cattle	2022	USD	527.900000	A
PP	United Kingdom of Great Britain and Northern Ireland	Producer Price (USD/tonne)	Raw milk of cattle	2023	USD	476.800000	A
PP	United Kingdom of Great Britain and Northern Ireland	Producer Price (USD/tonne)	Raw milk of cattle	2024	USD	512.400000	A
PP	United Kingdom of Great Britain and Northern Ireland	Producer Price (USD/tonne)	Shorn wool, greasy, including fleece-washed shorn wool	2017	USD	785.100000	A
PP	United Kingdom of Great Britain and Northern Ireland	Producer Price (USD/tonne)	Shorn wool, greasy, including fleece-washed shorn wool	2018	USD	800.400000	A
PP	United Kingdom of Great Britain and Northern Ireland	Producer Price (USD/tonne)	Shorn wool, greasy, including fleece-washed shorn wool	2019	USD	395.700000	A
PP	United Kingdom of Great Britain and Northern Ireland	Producer Price (USD/tonne)	Shorn wool, greasy, including fleece-washed shorn wool	2020	USD	198.700000	A
PP	United Kingdom of Great Britain and Northern Ireland	Producer Price (USD/tonne)	Shorn wool, greasy, including fleece-washed shorn wool	2021	USD	500.600000	A
PP	United Kingdom of Great Britain and Northern Ireland	Producer Price (USD/tonne)	Shorn wool, greasy, including fleece-washed shorn wool	2022	USD	457.300000	A
PP	United Kingdom of Great Britain and Northern Ireland	Producer Price (USD/tonne)	Shorn wool, greasy, including fleece-washed shorn wool	2023	USD	325.700000	A
PP	United Kingdom of Great Britain and Northern Ireland	Producer Price (USD/tonne)	Shorn wool, greasy, including fleece-washed shorn wool	2024	USD	320.800000	A
PP	United Kingdom of Great Britain and Northern Ireland	Producer Price (USD/tonne)	Strawberries	2017	USD	3045.000000	A
PP	United Kingdom of Great Britain and Northern Ireland	Producer Price (USD/tonne)	Strawberries	2018	USD	3006.200000	A
PP	United Kingdom of Great Britain and Northern Ireland	Producer Price (USD/tonne)	Strawberries	2019	USD	3405.200000	A
PP	United Kingdom of Great Britain and Northern Ireland	Producer Price (USD/tonne)	Strawberries	2020	USD	5026.300000	A
PP	United Kingdom of Great Britain and Northern Ireland	Producer Price (USD/tonne)	Strawberries	2021	USD	4668.100000	A
PP	United Kingdom of Great Britain and Northern Ireland	Producer Price (USD/tonne)	Strawberries	2022	USD	4004.600000	A
PP	United Kingdom of Great Britain and Northern Ireland	Producer Price (USD/tonne)	Strawberries	2023	USD	5205.800000	A
PP	United Kingdom of Great Britain and Northern Ireland	Producer Price (USD/tonne)	Strawberries	2024	USD	5322.900000	A
PP	United Kingdom of Great Britain and Northern Ireland	Producer Price (USD/tonne)	Sugar beet	2017	USD	33.100000	A
PP	United Kingdom of Great Britain and Northern Ireland	Producer Price (USD/tonne)	Sugar beet	2018	USD	37.600000	A
PP	United Kingdom of Great Britain and Northern Ireland	Producer Price (USD/tonne)	Sugar beet	2019	USD	34.600000	A
PP	United Kingdom of Great Britain and Northern Ireland	Producer Price (USD/tonne)	Sugar beet	2020	USD	36.200000	A
PP	United Kingdom of Great Britain and Northern Ireland	Producer Price (USD/tonne)	Sugar beet	2021	USD	39.300000	A
PP	United Kingdom of Great Britain and Northern Ireland	Producer Price (USD/tonne)	Sugar beet	2022	USD	44.700000	A
PP	United Kingdom of Great Britain and Northern Ireland	Producer Price (USD/tonne)	Sugar beet	2023	USD	59.000000	A
PP	United Kingdom of Great Britain and Northern Ireland	Producer Price (USD/tonne)	Sugar beet	2024	USD	59.700000	A
PP	United Kingdom of Great Britain and Northern Ireland	Producer Price (USD/tonne)	Tomatoes	2017	USD	1271.500000	A
PP	United Kingdom of Great Britain and Northern Ireland	Producer Price (USD/tonne)	Tomatoes	2018	USD	1446.500000	A
PP	United Kingdom of Great Britain and Northern Ireland	Producer Price (USD/tonne)	Tomatoes	2019	USD	1649.700000	A
PP	United Kingdom of Great Britain and Northern Ireland	Producer Price (USD/tonne)	Tomatoes	2020	USD	1568.900000	A
PP	United Kingdom of Great Britain and Northern Ireland	Producer Price (USD/tonne)	Tomatoes	2021	USD	1962.900000	A
PP	United Kingdom of Great Britain and Northern Ireland	Producer Price (USD/tonne)	Tomatoes	2022	USD	1359.500000	A
PP	United Kingdom of Great Britain and Northern Ireland	Producer Price (USD/tonne)	Tomatoes	2023	USD	1606.400000	A
PP	United Kingdom of Great Britain and Northern Ireland	Producer Price (USD/tonne)	Tomatoes	2024	USD	1421.200000	A
PP	United Kingdom of Great Britain and Northern Ireland	Producer Price (USD/tonne)	Wheat	2017	USD	184.900000	A
PP	United Kingdom of Great Britain and Northern Ireland	Producer Price (USD/tonne)	Wheat	2018	USD	217.000000	A
PP	United Kingdom of Great Britain and Northern Ireland	Producer Price (USD/tonne)	Wheat	2019	USD	188.700000	A
PP	United Kingdom of Great Britain and Northern Ireland	Producer Price (USD/tonne)	Wheat	2020	USD	212.500000	A
PP	United Kingdom of Great Britain and Northern Ireland	Producer Price (USD/tonne)	Wheat	2021	USD	275.700000	A
PP	United Kingdom of Great Britain and Northern Ireland	Producer Price (USD/tonne)	Wheat	2022	USD	334.500000	A
PP	United Kingdom of Great Britain and Northern Ireland	Producer Price (USD/tonne)	Wheat	2023	USD	256.300000	A
PP	United Kingdom of Great Britain and Northern Ireland	Producer Price (USD/tonne)	Wheat	2024	USD	243.800000	A
PP	United States of America	Producer Price (USD/tonne)	Almonds, in shell	2017	USD	5578.000000	A
PP	United States of America	Producer Price (USD/tonne)	Almonds, in shell	2018	USD	5512.000000	A
PP	United States of America	Producer Price (USD/tonne)	Almonds, in shell	2019	USD	5357.000000	A
PP	United States of America	Producer Price (USD/tonne)	Almonds, in shell	2020	USD	3769.900000	A
PP	United States of America	Producer Price (USD/tonne)	Almonds, in shell	2021	USD	4100.600000	A
PP	United States of America	Producer Price (USD/tonne)	Almonds, in shell	2022	USD	3086.500000	A
PP	United States of America	Producer Price (USD/tonne)	Almonds, in shell	2023	USD	3792.000000	A
PP	United States of America	Producer Price (USD/tonne)	Almonds, in shell	2024	USD	4717.900000	A
PP	United States of America	Producer Price (USD/tonne)	Apples	2017	USD	897.300000	A
PP	United States of America	Producer Price (USD/tonne)	Apples	2018	USD	853.200000	A
PP	United States of America	Producer Price (USD/tonne)	Apples	2019	USD	720.900000	A
PP	United States of America	Producer Price (USD/tonne)	Apples	2020	USD	846.600000	A
PP	United States of America	Producer Price (USD/tonne)	Apples	2021	USD	815.700000	A
PP	United States of America	Producer Price (USD/tonne)	Apples	2022	USD	917.100000	A
PP	United States of America	Producer Price (USD/tonne)	Apples	2023	USD	709.900000	A
PP	United States of America	Producer Price (USD/tonne)	Apples	2024	USD	769.400000	A
PP	United States of America	Producer Price (USD/tonne)	Apricots	2017	USD	1079.200000	A
PP	United States of America	Producer Price (USD/tonne)	Apricots	2018	USD	1333.800000	A
PP	United States of America	Producer Price (USD/tonne)	Apricots	2019	USD	1102.300000	A
PP	United States of America	Producer Price (USD/tonne)	Apricots	2020	USD	1135.400000	A
PP	United States of America	Producer Price (USD/tonne)	Apricots	2021	USD	995.400000	A
PP	United States of America	Producer Price (USD/tonne)	Apricots	2022	USD	1082.500000	A
PP	United States of America	Producer Price (USD/tonne)	Apricots	2023	USD	1510.200000	A
PP	United States of America	Producer Price (USD/tonne)	Apricots	2024	USD	1587.300000	A
PP	United States of America	Producer Price (USD/tonne)	Artichokes	2017	USD	1543.000000	A
PP	United States of America	Producer Price (USD/tonne)	Artichokes	2018	USD	1389.000000	A
PP	United States of America	Producer Price (USD/tonne)	Artichokes	2019	USD	1720.000000	A
PP	United States of America	Producer Price (USD/tonne)	Artichokes	2020	USD	1742.000000	A
PP	United States of America	Producer Price (USD/tonne)	Artichokes	2021	USD	1521.200000	A
PP	United States of America	Producer Price (USD/tonne)	Artichokes	2022	USD	1322.800000	A
PP	United States of America	Producer Price (USD/tonne)	Artichokes	2023	USD	1829.800000	A
PP	United States of America	Producer Price (USD/tonne)	Artichokes	2024	USD	2226.700000	A
PP	United States of America	Producer Price (USD/tonne)	Asparagus	2017	USD	2910.000000	A
PP	United States of America	Producer Price (USD/tonne)	Asparagus	2018	USD	2690.000000	A
PP	United States of America	Producer Price (USD/tonne)	Asparagus	2019	USD	3329.000000	A
PP	United States of America	Producer Price (USD/tonne)	Asparagus	2020	USD	3175.000000	A
PP	United States of America	Producer Price (USD/tonne)	Asparagus	2021	USD	2821.900000	A
PP	United States of America	Producer Price (USD/tonne)	Asparagus	2022	USD	3064.400000	A
PP	United States of America	Producer Price (USD/tonne)	Asparagus	2023	USD	2954.200000	A
PP	United States of America	Producer Price (USD/tonne)	Asparagus	2024	USD	2535.300000	A
PP	United States of America	Producer Price (USD/tonne)	Avocados	2017	USD	2315.000000	A
PP	United States of America	Producer Price (USD/tonne)	Avocados	2018	USD	2403.000000	A
PP	United States of America	Producer Price (USD/tonne)	Avocados	2019	USD	3263.000000	A
PP	United States of America	Producer Price (USD/tonne)	Avocados	2020	USD	2282.000000	A
PP	United States of America	Producer Price (USD/tonne)	Avocados	2021	USD	2524.300000	A
PP	United States of America	Producer Price (USD/tonne)	Avocados	2022	USD	3549.400000	A
PP	United States of America	Producer Price (USD/tonne)	Avocados	2023	USD	2160.500000	A
PP	United States of America	Producer Price (USD/tonne)	Avocados	2024	USD	3020.300000	A
PP	United States of America	Producer Price (USD/tonne)	Bananas	2017	USD	2011.000000	A
PP	United States of America	Producer Price (USD/tonne)	Barley	2017	USD	205.000000	A
PP	United States of America	Producer Price (USD/tonne)	Barley	2018	USD	212.000000	A
PP	United States of America	Producer Price (USD/tonne)	Barley	2019	USD	211.000000	A
PP	United States of America	Producer Price (USD/tonne)	Barley	2020	USD	216.000000	A
PP	United States of America	Producer Price (USD/tonne)	Barley	2021	USD	236.500000	A
PP	United States of America	Producer Price (USD/tonne)	Barley	2022	USD	335.300000	A
PP	United States of America	Producer Price (USD/tonne)	Barley	2023	USD	339.400000	A
PP	United States of America	Producer Price (USD/tonne)	Barley	2024	USD	303.100000	A
PP	United States of America	Producer Price (USD/tonne)	Beans, dry	2017	USD	589.000000	A
PP	United States of America	Producer Price (USD/tonne)	Beans, dry	2018	USD	560.000000	A
PP	United States of America	Producer Price (USD/tonne)	Beans, dry	2019	USD	642.000000	A
PP	United States of America	Producer Price (USD/tonne)	Beans, dry	2020	USD	659.000000	A
PP	United States of America	Producer Price (USD/tonne)	Beans, dry	2021	USD	864.200000	A
PP	United States of America	Producer Price (USD/tonne)	Beans, dry	2022	USD	903.900000	A
PP	United States of America	Producer Price (USD/tonne)	Beans, dry	2023	USD	921.500000	A
PP	United States of America	Producer Price (USD/tonne)	Beans, dry	2024	USD	837.800000	A
PP	United States of America	Producer Price (USD/tonne)	Blueberries	2017	USD	4828.100000	A
PP	United States of America	Producer Price (USD/tonne)	Blueberries	2018	USD	4519.500000	A
PP	United States of America	Producer Price (USD/tonne)	Blueberries	2019	USD	4475.400000	A
PP	United States of America	Producer Price (USD/tonne)	Blueberries	2020	USD	4497.400000	A
PP	United States of America	Producer Price (USD/tonne)	Blueberries	2021	USD	4784.000000	A
PP	United States of America	Producer Price (USD/tonne)	Blueberries	2022	USD	5114.700000	A
PP	United States of America	Producer Price (USD/tonne)	Blueberries	2023	USD	5291.100000	A
PP	United States of America	Producer Price (USD/tonne)	Blueberries	2024	USD	4894.300000	A
PP	United States of America	Producer Price (USD/tonne)	Cabbages	2017	USD	437.000000	A
PP	United States of America	Producer Price (USD/tonne)	Cabbages	2018	USD	505.000000	A
PP	United States of America	Producer Price (USD/tonne)	Cabbages	2019	USD	575.000000	A
PP	United States of America	Producer Price (USD/tonne)	Cabbages	2020	USD	459.000000	A
PP	United States of America	Producer Price (USD/tonne)	Cabbages	2021	USD	526.900000	A
PP	United States of America	Producer Price (USD/tonne)	Cabbages	2022	USD	670.200000	A
PP	United States of America	Producer Price (USD/tonne)	Cabbages	2023	USD	716.500000	A
PP	United States of America	Producer Price (USD/tonne)	Cabbages	2024	USD	776.000000	A
PP	United States of America	Producer Price (USD/tonne)	Cantaloupes and other melons	2017	USD	423.000000	A
PP	United States of America	Producer Price (USD/tonne)	Cantaloupes and other melons	2018	USD	500.000000	A
PP	United States of America	Producer Price (USD/tonne)	Cantaloupes and other melons	2019	USD	527.000000	A
PP	United States of America	Producer Price (USD/tonne)	Cantaloupes and other melons	2020	USD	575.000000	A
PP	United States of America	Producer Price (USD/tonne)	Cantaloupes and other melons	2021	USD	579.800000	A
PP	United States of America	Producer Price (USD/tonne)	Cantaloupes and other melons	2022	USD	668.000000	A
PP	United States of America	Producer Price (USD/tonne)	Cantaloupes and other melons	2023	USD	668.000000	A
PP	United States of America	Producer Price (USD/tonne)	Cantaloupes and other melons	2024	USD	626.100000	A
PP	United States of America	Producer Price (USD/tonne)	Carrots and turnips	2017	USD	666.000000	A
PP	United States of America	Producer Price (USD/tonne)	Carrots and turnips	2018	USD	406.000000	A
PP	United States of America	Producer Price (USD/tonne)	Carrots and turnips	2019	USD	437.000000	A
PP	United States of America	Producer Price (USD/tonne)	Carrots and turnips	2020	USD	507.000000	A
PP	United States of America	Producer Price (USD/tonne)	Carrots and turnips	2021	USD	579.800000	A
PP	United States of America	Producer Price (USD/tonne)	Carrots and turnips	2022	USD	848.800000	A
PP	United States of America	Producer Price (USD/tonne)	Carrots and turnips	2023	USD	1574.100000	A
PP	United States of America	Producer Price (USD/tonne)	Carrots and turnips	2024	USD	1534.400000	A
PP	United States of America	Producer Price (USD/tonne)	Cauliflowers and broccoli	2017	USD	1032.000000	A
PP	United States of America	Producer Price (USD/tonne)	Cauliflowers and broccoli	2018	USD	1014.000000	A
PP	United States of America	Producer Price (USD/tonne)	Cauliflowers and broccoli	2019	USD	1021.000000	A
PP	United States of America	Producer Price (USD/tonne)	Cauliflowers and broccoli	2020	USD	864.000000	A
PP	United States of America	Producer Price (USD/tonne)	Cauliflowers and broccoli	2021	USD	921.500000	A
PP	United States of America	Producer Price (USD/tonne)	Cauliflowers and broccoli	2022	USD	1505.800000	A
PP	United States of America	Producer Price (USD/tonne)	Cauliflowers and broccoli	2023	USD	1587.300000	A
PP	United States of America	Producer Price (USD/tonne)	Cauliflowers and broccoli	2024	USD	1589.500000	A
PP	United States of America	Producer Price (USD/tonne)	Cherries	2017	USD	2270.800000	A
PP	United States of America	Producer Price (USD/tonne)	Cherries	2018	USD	2050.300000	A
PP	United States of America	Producer Price (USD/tonne)	Cherries	2019	USD	2083.400000	A
PP	United States of America	Producer Price (USD/tonne)	Cherries	2020	USD	3130.600000	A
PP	United States of America	Producer Price (USD/tonne)	Cherries	2021	USD	2568.400000	A
PP	United States of America	Producer Price (USD/tonne)	Cherries	2022	USD	3461.300000	A
PP	United States of America	Producer Price (USD/tonne)	Cherries	2023	USD	2039.300000	A
PP	United States of America	Producer Price (USD/tonne)	Cherries	2024	USD	2502.200000	A
PP	United States of America	Producer Price (USD/tonne)	Chick peas, dry	2017	USD	661.000000	A
PP	United States of America	Producer Price (USD/tonne)	Chick peas, dry	2018	USD	485.000000	A
PP	United States of America	Producer Price (USD/tonne)	Chick peas, dry	2019	USD	414.000000	A
PP	United States of America	Producer Price (USD/tonne)	Chick peas, dry	2020	USD	430.000000	A
PP	United States of America	Producer Price (USD/tonne)	Chick peas, dry	2021	USD	795.900000	A
PP	United States of America	Producer Price (USD/tonne)	Chick peas, dry	2022	USD	740.800000	A
PP	United States of America	Producer Price (USD/tonne)	Chick peas, dry	2023	USD	806.900000	A
PP	United States of America	Producer Price (USD/tonne)	Chick peas, dry	2024	USD	707.700000	A
PP	United States of America	Producer Price (USD/tonne)	Chillies and peppers, green (Capsicum spp. and Pimenta spp.)	2017	USD	855.000000	A
PP	United States of America	Producer Price (USD/tonne)	Chillies and peppers, green (Capsicum spp. and Pimenta spp.)	2018	USD	970.000000	A
PP	United States of America	Producer Price (USD/tonne)	Chillies and peppers, green (Capsicum spp. and Pimenta spp.)	2019	USD	941.000000	A
PP	United States of America	Producer Price (USD/tonne)	Chillies and peppers, green (Capsicum spp. and Pimenta spp.)	2020	USD	930.000000	A
PP	United States of America	Producer Price (USD/tonne)	Chillies and peppers, green (Capsicum spp. and Pimenta spp.)	2021	USD	989.900000	A
PP	United States of America	Producer Price (USD/tonne)	Chillies and peppers, green (Capsicum spp. and Pimenta spp.)	2022	USD	974.400000	A
PP	United States of America	Producer Price (USD/tonne)	Chillies and peppers, green (Capsicum spp. and Pimenta spp.)	2023	USD	961.200000	A
PP	United States of America	Producer Price (USD/tonne)	Chillies and peppers, green (Capsicum spp. and Pimenta spp.)	2024	USD	901.700000	A
PP	United States of America	Producer Price (USD/tonne)	Coffee, green	2017	USD	37919.000000	A
PP	United States of America	Producer Price (USD/tonne)	Coffee, green	2018	USD	42770.000000	A
PP	United States of America	Producer Price (USD/tonne)	Coffee, green	2019	USD	44313.000000	A
PP	United States of America	Producer Price (USD/tonne)	Coffee, green	2020	USD	41226.000000	A
PP	United States of America	Producer Price (USD/tonne)	Coffee, green	2021	USD	44753.900000	A
PP	United States of America	Producer Price (USD/tonne)	Coffee, green	2022	USD	33510.300000	A
PP	United States of America	Producer Price (USD/tonne)	Coffee, green	2023	USD	42990.200000	A
PP	United States of America	Producer Price (USD/tonne)	Coffee, green	2024	USD	55997.500000	A
PP	United States of America	Producer Price (USD/tonne)	Cotton lint, ginned	2017	USD	1585.100000	A
PP	United States of America	Producer Price (USD/tonne)	Cotton lint, ginned	2018	USD	1593.900000	A
PP	United States of America	Producer Price (USD/tonne)	Cotton lint, ginned	2019	USD	1373.500000	A
PP	United States of America	Producer Price (USD/tonne)	Cotton lint, ginned	2020	USD	1437.400000	A
PP	United States of America	Producer Price (USD/tonne)	Cotton lint, ginned	2021	USD	1944.500000	A
PP	United States of America	Producer Price (USD/tonne)	Cotton lint, ginned	2022	USD	2017.200000	A
PP	United States of America	Producer Price (USD/tonne)	Cotton lint, ginned	2023	USD	1677.700000	A
PP	United States of America	Producer Price (USD/tonne)	Cotton lint, ginned	2024	USD	1393.300000	A
PP	United States of America	Producer Price (USD/tonne)	Cotton seed	2017	USD	156.000000	A
PP	United States of America	Producer Price (USD/tonne)	Cotton seed	2018	USD	171.000000	A
PP	United States of America	Producer Price (USD/tonne)	Cotton seed	2019	USD	175.000000	A
PP	United States of America	Producer Price (USD/tonne)	Cotton seed	2020	USD	212.000000	A
PP	United States of America	Producer Price (USD/tonne)	Cotton seed	2021	USD	266.800000	A
PP	United States of America	Producer Price (USD/tonne)	Cotton seed	2022	USD	366.000000	A
PP	United States of America	Producer Price (USD/tonne)	Cotton seed	2023	USD	245.800000	A
PP	United States of America	Producer Price (USD/tonne)	Cotton seed	2024	USD	245.800000	A
PP	United States of America	Producer Price (USD/tonne)	Cranberries	2017	USD	665.200000	A
PP	United States of America	Producer Price (USD/tonne)	Cranberries	2018	USD	612.300000	A
PP	United States of America	Producer Price (USD/tonne)	Cranberries	2019	USD	632.200000	A
PP	United States of America	Producer Price (USD/tonne)	Cranberries	2020	USD	1792.400000	A
PP	United States of America	Producer Price (USD/tonne)	Cranberries	2021	USD	1545.400000	A
PP	United States of America	Producer Price (USD/tonne)	Cranberries	2022	USD	1783.500000	A
PP	United States of America	Producer Price (USD/tonne)	Cranberries	2023	USD	2248.700000	A
PP	United States of America	Producer Price (USD/tonne)	Cranberries	2024	USD	2248.700000	A
PP	United States of America	Producer Price (USD/tonne)	Cucumbers and gherkins	2017	USD	648.000000	A
PP	United States of America	Producer Price (USD/tonne)	Cucumbers and gherkins	2018	USD	631.000000	A
PP	United States of America	Producer Price (USD/tonne)	Cucumbers and gherkins	2019	USD	648.000000	A
PP	United States of America	Producer Price (USD/tonne)	Cucumbers and gherkins	2020	USD	650.000000	A
PP	United States of America	Producer Price (USD/tonne)	Cucumbers and gherkins	2021	USD	606.300000	A
PP	United States of America	Producer Price (USD/tonne)	Cucumbers and gherkins	2022	USD	835.500000	A
PP	United States of America	Producer Price (USD/tonne)	Cucumbers and gherkins	2023	USD	729.700000	A
PP	United States of America	Producer Price (USD/tonne)	Cucumbers and gherkins	2024	USD	848.800000	A
PP	United States of America	Producer Price (USD/tonne)	Dates	2017	USD	3869.000000	A
PP	United States of America	Producer Price (USD/tonne)	Dates	2018	USD	4189.000000	A
PP	United States of America	Producer Price (USD/tonne)	Dates	2019	USD	4023.000000	A
PP	United States of America	Producer Price (USD/tonne)	Dates	2020	USD	3362.000000	A
PP	United States of America	Producer Price (USD/tonne)	Dates	2021	USD	4166.700000	A
PP	United States of America	Producer Price (USD/tonne)	Dates	2022	USD	3593.500000	A
PP	United States of America	Producer Price (USD/tonne)	Dates	2023	USD	3814.000000	A
PP	United States of America	Producer Price (USD/tonne)	Dates	2024	USD	4971.400000	A
PP	United States of America	Producer Price (USD/tonne)	Figs	2017	USD	1010.000000	A
PP	United States of America	Producer Price (USD/tonne)	Grapes	2017	USD	1686.500000	A
PP	United States of America	Producer Price (USD/tonne)	Grapes	2018	USD	1234.600000	A
PP	United States of America	Producer Price (USD/tonne)	Grapes	2019	USD	1300.700000	A
PP	United States of America	Producer Price (USD/tonne)	Grapes	2020	USD	1653.500000	A
PP	United States of America	Producer Price (USD/tonne)	Grapes	2021	USD	1433.000000	A
PP	United States of America	Producer Price (USD/tonne)	Grapes	2022	USD	1829.800000	A
PP	United States of America	Producer Price (USD/tonne)	Grapes	2023	USD	2579.400000	A
PP	United States of America	Producer Price (USD/tonne)	Grapes	2024	USD	2138.500000	A
PP	United States of America	Producer Price (USD/tonne)	Green corn (maize)	2017	USD	644.000000	A
PP	United States of America	Producer Price (USD/tonne)	Green corn (maize)	2018	USD	646.000000	A
PP	United States of America	Producer Price (USD/tonne)	Green corn (maize)	2019	USD	628.000000	A
PP	United States of America	Producer Price (USD/tonne)	Green corn (maize)	2020	USD	827.000000	A
PP	United States of America	Producer Price (USD/tonne)	Green corn (maize)	2021	USD	901.700000	A
PP	United States of America	Producer Price (USD/tonne)	Green corn (maize)	2022	USD	917.100000	A
PP	United States of America	Producer Price (USD/tonne)	Green corn (maize)	2023	USD	989.900000	A
PP	United States of America	Producer Price (USD/tonne)	Green corn (maize)	2024	USD	1042.800000	A
PP	United States of America	Producer Price (USD/tonne)	Green garlic	2017	USD	1682.000000	A
PP	United States of America	Producer Price (USD/tonne)	Green garlic	2018	USD	1739.000000	A
PP	United States of America	Producer Price (USD/tonne)	Green garlic	2019	USD	1724.000000	A
PP	United States of America	Producer Price (USD/tonne)	Green garlic	2020	USD	1682.000000	A
PP	United States of America	Producer Price (USD/tonne)	Green garlic	2021	USD	1285.300000	A
PP	United States of America	Producer Price (USD/tonne)	Green garlic	2022	USD	1514.600000	A
PP	United States of America	Producer Price (USD/tonne)	Green garlic	2023	USD	1715.200000	A
PP	United States of America	Producer Price (USD/tonne)	Green garlic	2024	USD	1289.700000	A
PP	United States of America	Producer Price (USD/tonne)	Groundnuts, excluding shelled	2017	USD	505.000000	A
PP	United States of America	Producer Price (USD/tonne)	Groundnuts, excluding shelled	2018	USD	474.000000	A
PP	United States of America	Producer Price (USD/tonne)	Groundnuts, excluding shelled	2019	USD	443.000000	A
PP	United States of America	Producer Price (USD/tonne)	Groundnuts, excluding shelled	2020	USD	456.000000	A
PP	United States of America	Producer Price (USD/tonne)	Groundnuts, excluding shelled	2021	USD	513.700000	A
PP	United States of America	Producer Price (USD/tonne)	Groundnuts, excluding shelled	2022	USD	577.600000	A
PP	United States of America	Producer Price (USD/tonne)	Groundnuts, excluding shelled	2023	USD	593.000000	A
PP	United States of America	Producer Price (USD/tonne)	Groundnuts, excluding shelled	2024	USD	568.800000	A
PP	United States of America	Producer Price (USD/tonne)	Hazelnuts, in shell	2017	USD	2535.000000	A
PP	United States of America	Producer Price (USD/tonne)	Hazelnuts, in shell	2018	USD	1984.000000	A
PP	United States of America	Producer Price (USD/tonne)	Hazelnuts, in shell	2019	USD	2116.000000	A
PP	United States of America	Producer Price (USD/tonne)	Hazelnuts, in shell	2020	USD	2314.800000	A
PP	United States of America	Producer Price (USD/tonne)	Hazelnuts, in shell	2021	USD	2381.000000	A
PP	United States of America	Producer Price (USD/tonne)	Hazelnuts, in shell	2022	USD	1433.000000	A
PP	United States of America	Producer Price (USD/tonne)	Hazelnuts, in shell	2023	USD	1488.100000	A
PP	United States of America	Producer Price (USD/tonne)	Hazelnuts, in shell	2024	USD	1851.900000	A
PP	United States of America	Producer Price (USD/tonne)	Hen eggs in shell, fresh	2017	USD	1214.000000	A
PP	United States of America	Producer Price (USD/tonne)	Hen eggs in shell, fresh	2018	USD	1619.000000	A
PP	United States of America	Producer Price (USD/tonne)	Hen eggs in shell, fresh	2019	USD	1171.400000	A
PP	United States of America	Producer Price (USD/tonne)	Hen eggs in shell, fresh	2021	USD	1380.100000	A
PP	United States of America	Producer Price (USD/tonne)	Hen eggs in shell, fresh	2022	USD	3115.900000	A
PP	United States of America	Producer Price (USD/tonne)	Hen eggs in shell, fresh	2023	USD	2880.700000	A
PP	United States of America	Producer Price (USD/tonne)	Hen eggs in shell, fresh	2024	USD	3718.500000	A
PP	United States of America	Producer Price (USD/tonne)	Hop cones	2017	USD	12345.900000	A
PP	United States of America	Producer Price (USD/tonne)	Hop cones	2018	USD	12037.200000	A
PP	United States of America	Producer Price (USD/tonne)	Hop cones	2019	USD	12522.200000	A
PP	United States of America	Producer Price (USD/tonne)	Hop cones	2020	USD	13161.600000	A
PP	United States of America	Producer Price (USD/tonne)	Hop cones	2021	USD	12610.500000	A
PP	United States of America	Producer Price (USD/tonne)	Hop cones	2022	USD	13448.200000	A
PP	United States of America	Producer Price (USD/tonne)	Hop cones	2023	USD	11905.000000	A
PP	United States of America	Producer Price (USD/tonne)	Hop cones	2024	USD	11287.700000	A
PP	United States of America	Producer Price (USD/tonne)	Kiwi fruit	2017	USD	1157.400000	A
PP	United States of America	Producer Price (USD/tonne)	Kiwi fruit	2018	USD	1620.400000	A
PP	United States of America	Producer Price (USD/tonne)	Kiwi fruit	2019	USD	1851.900000	A
PP	United States of America	Producer Price (USD/tonne)	Kiwi fruit	2020	USD	2116.400000	A
PP	United States of America	Producer Price (USD/tonne)	Kiwi fruit	2021	USD	2689.600000	A
PP	United States of America	Producer Price (USD/tonne)	Kiwi fruit	2022	USD	2623.500000	A
PP	United States of America	Producer Price (USD/tonne)	Kiwi fruit	2023	USD	3141.600000	A
PP	United States of America	Producer Price (USD/tonne)	Kiwi fruit	2024	USD	3461.300000	A
PP	United States of America	Producer Price (USD/tonne)	Lemons and limes	2017	USD	954.000000	A
PP	United States of America	Producer Price (USD/tonne)	Lemons and limes	2018	USD	889.000000	A
PP	United States of America	Producer Price (USD/tonne)	Lemons and limes	2019	USD	783.000000	A
PP	United States of America	Producer Price (USD/tonne)	Lemons and limes	2020	USD	673.000000	A
PP	United States of America	Producer Price (USD/tonne)	Lemons and limes	2021	USD	824.000000	A
PP	United States of America	Producer Price (USD/tonne)	Lemons and limes	2022	USD	613.400000	A
PP	United States of America	Producer Price (USD/tonne)	Lemons and limes	2023	USD	579.000000	A
PP	United States of America	Producer Price (USD/tonne)	Lemons and limes	2024	USD	753.100000	A
PP	United States of America	Producer Price (USD/tonne)	Lentils, dry	2017	USD	571.000000	A
PP	United States of America	Producer Price (USD/tonne)	Lentils, dry	2018	USD	390.000000	A
PP	United States of America	Producer Price (USD/tonne)	Lentils, dry	2019	USD	322.000000	A
PP	United States of America	Producer Price (USD/tonne)	Lentils, dry	2020	USD	384.000000	A
PP	United States of America	Producer Price (USD/tonne)	Lentils, dry	2021	USD	716.500000	A
PP	United States of America	Producer Price (USD/tonne)	Lentils, dry	2022	USD	740.800000	A
PP	United States of America	Producer Price (USD/tonne)	Lentils, dry	2023	USD	890.700000	A
PP	United States of America	Producer Price (USD/tonne)	Lentils, dry	2024	USD	784.800000	A
PP	United States of America	Producer Price (USD/tonne)	Lettuce and chicory	2017	USD	791.000000	A
PP	United States of America	Producer Price (USD/tonne)	Lettuce and chicory	2018	USD	664.000000	A
PP	United States of America	Producer Price (USD/tonne)	Lettuce and chicory	2019	USD	1043.000000	A
PP	United States of America	Producer Price (USD/tonne)	Lettuce and chicory	2020	USD	679.000000	A
PP	United States of America	Producer Price (USD/tonne)	Lettuce and chicory	2021	USD	606.300000	A
PP	United States of America	Producer Price (USD/tonne)	Lettuce and chicory	2022	USD	884.000000	A
PP	United States of America	Producer Price (USD/tonne)	Lettuce and chicory	2023	USD	767.200000	A
PP	United States of America	Producer Price (USD/tonne)	Lettuce and chicory	2024	USD	881.800000	A
PP	United States of America	Producer Price (USD/tonne)	Linseed	2017	USD	374.000000	A
PP	United States of America	Producer Price (USD/tonne)	Linseed	2018	USD	389.000000	A
PP	United States of America	Producer Price (USD/tonne)	Linseed	2019	USD	348.000000	A
PP	United States of America	Producer Price (USD/tonne)	Linseed	2020	USD	378.000000	A
PP	United States of America	Producer Price (USD/tonne)	Linseed	2021	USD	992.000000	A
PP	United States of America	Producer Price (USD/tonne)	Linseed	2022	USD	665.000000	A
PP	United States of America	Producer Price (USD/tonne)	Linseed	2023	USD	444.600000	A
PP	United States of America	Producer Price (USD/tonne)	Linseed	2024	USD	455.600000	A
PP	United States of America	Producer Price (USD/tonne)	Maize (corn)	2017	USD	132.000000	A
PP	United States of America	Producer Price (USD/tonne)	Maize (corn)	2018	USD	142.000000	A
PP	United States of America	Producer Price (USD/tonne)	Maize (corn)	2019	USD	151.000000	A
PP	United States of America	Producer Price (USD/tonne)	Maize (corn)	2020	USD	169.000000	A
PP	United States of America	Producer Price (USD/tonne)	Maize (corn)	2021	USD	214.600000	A
PP	United States of America	Producer Price (USD/tonne)	Maize (corn)	2022	USD	263.800000	A
PP	United States of America	Producer Price (USD/tonne)	Maize (corn)	2023	USD	179.100000	A
PP	United States of America	Producer Price (USD/tonne)	Maize (corn)	2024	USD	171.300000	A
PP	United States of America	Producer Price (USD/tonne)	Meat of cattle with the bone, fresh or chilled (biological)	2017	USD	2689.600000	A
PP	United States of America	Producer Price (USD/tonne)	Meat of cattle with the bone, fresh or chilled (biological)	2018	USD	2579.400000	A
PP	United States of America	Producer Price (USD/tonne)	Meat of cattle with the bone, fresh or chilled (biological)	2019	USD	2601.400000	A
PP	United States of America	Producer Price (USD/tonne)	Meat of cattle with the bone, fresh or chilled (biological)	2020	USD	2403.000000	A
PP	United States of America	Producer Price (USD/tonne)	Meat of cattle with the bone, fresh or chilled (biological)	2021	USD	2667.600000	A
PP	United States of America	Producer Price (USD/tonne)	Meat of cattle with the bone, fresh or chilled (biological)	2022	USD	3130.500000	A
PP	United States of America	Producer Price (USD/tonne)	Meat of cattle with the bone, fresh or chilled (biological)	2023	USD	3814.000000	A
PP	United States of America	Producer Price (USD/tonne)	Meat of cattle with the bone, fresh or chilled (biological)	2024	USD	4122.600000	A
PP	United States of America	Producer Price (USD/tonne)	Meat of chickens, fresh or chilled (biological)	2017	USD	1201.500000	A
PP	United States of America	Producer Price (USD/tonne)	Meat of chickens, fresh or chilled (biological)	2018	USD	1250.000000	A
PP	United States of America	Producer Price (USD/tonne)	Meat of chickens, fresh or chilled (biological)	2019	USD	1062.600000	A
PP	United States of America	Producer Price (USD/tonne)	Meat of chickens, fresh or chilled (biological)	2020	USD	802.500000	A
PP	United States of America	Producer Price (USD/tonne)	Meat of chickens, fresh or chilled (biological)	2021	USD	1172.900000	A
PP	United States of America	Producer Price (USD/tonne)	Meat of chickens, fresh or chilled (biological)	2022	USD	1873.900000	A
PP	United States of America	Producer Price (USD/tonne)	Meat of chickens, fresh or chilled (biological)	2023	USD	1571.900000	A
PP	United States of America	Producer Price (USD/tonne)	Meat of chickens, fresh or chilled (biological)	2024	USD	1640.200000	A
PP	United States of America	Producer Price (USD/tonne)	Meat of pig with the bone, fresh or chilled (biological)	2017	USD	1170.700000	A
PP	United States of America	Producer Price (USD/tonne)	Meat of pig with the bone, fresh or chilled (biological)	2018	USD	1106.700000	A
PP	United States of America	Producer Price (USD/tonne)	Meat of pig with the bone, fresh or chilled (biological)	2019	USD	1133.200000	A
PP	United States of America	Producer Price (USD/tonne)	Meat of pig with the bone, fresh or chilled (biological)	2020	USD	1034.000000	A
PP	United States of America	Producer Price (USD/tonne)	Meat of pig with the bone, fresh or chilled (biological)	2021	USD	1483.700000	A
PP	United States of America	Producer Price (USD/tonne)	Meat of pig with the bone, fresh or chilled (biological)	2022	USD	1591.700000	A
PP	United States of America	Producer Price (USD/tonne)	Meat of pig with the bone, fresh or chilled (biological)	2023	USD	1382.300000	A
PP	United States of America	Producer Price (USD/tonne)	Meat of pig with the bone, fresh or chilled (biological)	2024	USD	1395.500000	A
PP	United States of America	Producer Price (USD/tonne)	Meat of turkeys, fresh or chilled (biological)	2017	USD	1422.000000	A
PP	United States of America	Producer Price (USD/tonne)	Meat of turkeys, fresh or chilled (biological)	2018	USD	1124.400000	A
PP	United States of America	Producer Price (USD/tonne)	Meat of turkeys, fresh or chilled (biological)	2019	USD	1276.500000	A
PP	United States of America	Producer Price (USD/tonne)	Meat of turkeys, fresh or chilled (biological)	2020	USD	1563.100000	A
PP	United States of America	Producer Price (USD/tonne)	Meat of turkeys, fresh or chilled (biological)	2021	USD	1810.000000	A
PP	United States of America	Producer Price (USD/tonne)	Meat of turkeys, fresh or chilled (biological)	2022	USD	2352.300000	A
PP	United States of America	Producer Price (USD/tonne)	Meat of turkeys, fresh or chilled (biological)	2023	USD	2072.300000	A
PP	United States of America	Producer Price (USD/tonne)	Meat of turkeys, fresh or chilled (biological)	2024	USD	1236.800000	A
PP	United States of America	Producer Price (USD/tonne)	Millet	2017	USD	147.000000	A
PP	United States of America	Producer Price (USD/tonne)	Millet	2018	USD	230.000000	A
PP	United States of America	Producer Price (USD/tonne)	Millet	2019	USD	220.000000	A
PP	United States of America	Producer Price (USD/tonne)	Millet	2020	USD	436.000000	A
PP	United States of America	Producer Price (USD/tonne)	Millet	2021	USD	393.300000	A
PP	United States of America	Producer Price (USD/tonne)	Millet	2022	USD	440.900000	A
PP	United States of America	Producer Price (USD/tonne)	Millet	2023	USD	177.700000	A
PP	United States of America	Producer Price (USD/tonne)	Millet	2024	USD	159.200000	A
PP	United States of America	Producer Price (USD/tonne)	Mushrooms and truffles	2017	USD	2888.000000	A
PP	United States of America	Producer Price (USD/tonne)	Mushrooms and truffles	2018	USD	2954.000000	A
PP	United States of America	Producer Price (USD/tonne)	Mustard seed	2017	USD	664.000000	A
PP	United States of America	Producer Price (USD/tonne)	Mustard seed	2018	USD	631.000000	A
PP	United States of America	Producer Price (USD/tonne)	Mustard seed	2019	USD	580.000000	A
PP	United States of America	Producer Price (USD/tonne)	Mustard seed	2020	USD	597.000000	A
PP	United States of America	Producer Price (USD/tonne)	Mustard seed	2021	USD	676.800000	A
PP	United States of America	Producer Price (USD/tonne)	Mustard seed	2022	USD	923.700000	A
PP	United States of America	Producer Price (USD/tonne)	Mustard seed	2023	USD	1276.500000	A
PP	United States of America	Producer Price (USD/tonne)	Mustard seed	2024	USD	992.100000	A
PP	United States of America	Producer Price (USD/tonne)	Natural honey	2017	USD	4850.000000	A
PP	United States of America	Producer Price (USD/tonne)	Natural honey	2018	USD	4872.200000	A
PP	United States of America	Producer Price (USD/tonne)	Natural honey	2019	USD	4343.100000	A
PP	United States of America	Producer Price (USD/tonne)	Natural honey	2020	USD	4475.400000	A
PP	United States of America	Producer Price (USD/tonne)	Natural honey	2021	USD	5599.800000	A
PP	United States of America	Producer Price (USD/tonne)	Natural honey	2022	USD	6635.900000	A
PP	United States of America	Producer Price (USD/tonne)	Natural honey	2023	USD	5621.800000	A
PP	United States of America	Producer Price (USD/tonne)	Natural honey	2024	USD	5930.400000	A
PP	United States of America	Producer Price (USD/tonne)	Oats	2017	USD	178.000000	A
PP	United States of America	Producer Price (USD/tonne)	Oats	2018	USD	183.000000	A
PP	United States of America	Producer Price (USD/tonne)	Oats	2019	USD	203.000000	A
PP	United States of America	Producer Price (USD/tonne)	Oats	2020	USD	175.000000	A
PP	United States of America	Producer Price (USD/tonne)	Oats	2021	USD	259.400000	A
PP	United States of America	Producer Price (USD/tonne)	Oats	2022	USD	314.500000	A
PP	United States of America	Producer Price (USD/tonne)	Oats	2023	USD	254.200000	A
PP	United States of America	Producer Price (USD/tonne)	Oats	2024	USD	220.500000	A
PP	United States of America	Producer Price (USD/tonne)	Olives	2017	USD	1074.000000	A
PP	United States of America	Producer Price (USD/tonne)	Olives	2018	USD	844.000000	A
PP	United States of America	Producer Price (USD/tonne)	Olives	2019	USD	872.000000	A
PP	United States of America	Producer Price (USD/tonne)	Olives	2020	USD	953.000000	A
PP	United States of America	Producer Price (USD/tonne)	Olives	2021	USD	938.100000	A
PP	United States of America	Producer Price (USD/tonne)	Olives	2022	USD	1006.400000	A
PP	United States of America	Producer Price (USD/tonne)	Olives	2023	USD	866.400000	A
PP	United States of America	Producer Price (USD/tonne)	Olives	2024	USD	984.400000	A
PP	United States of America	Producer Price (USD/tonne)	Onions and shallots, dry (excluding dehydrated)	2017	USD	317.000000	A
PP	United States of America	Producer Price (USD/tonne)	Onions and shallots, dry (excluding dehydrated)	2018	USD	331.000000	A
PP	United States of America	Producer Price (USD/tonne)	Onions and shallots, dry (excluding dehydrated)	2019	USD	386.000000	A
PP	United States of America	Producer Price (USD/tonne)	Onions and shallots, dry (excluding dehydrated)	2020	USD	320.000000	A
PP	United States of America	Producer Price (USD/tonne)	Onions and shallots, dry (excluding dehydrated)	2021	USD	414.500000	A
PP	United States of America	Producer Price (USD/tonne)	Onions and shallots, dry (excluding dehydrated)	2022	USD	731.900000	A
PP	United States of America	Producer Price (USD/tonne)	Onions and shallots, dry (excluding dehydrated)	2023	USD	648.200000	A
PP	United States of America	Producer Price (USD/tonne)	Onions and shallots, dry (excluding dehydrated)	2024	USD	709.900000	A
PP	United States of America	Producer Price (USD/tonne)	Oranges	2017	USD	421.000000	A
PP	United States of America	Producer Price (USD/tonne)	Oranges	2018	USD	521.000000	A
PP	United States of America	Producer Price (USD/tonne)	Oranges	2019	USD	353.000000	A
PP	United States of America	Producer Price (USD/tonne)	Oranges	2020	USD	361.000000	A
PP	United States of America	Producer Price (USD/tonne)	Oranges	2021	USD	394.800000	A
PP	United States of America	Producer Price (USD/tonne)	Oranges	2022	USD	463.800000	A
PP	United States of America	Producer Price (USD/tonne)	Oranges	2023	USD	451.900000	A
PP	United States of America	Producer Price (USD/tonne)	Oranges	2024	USD	424.300000	A
PP	United States of America	Producer Price (USD/tonne)	Other beans, green	2017	USD	640.000000	A
PP	United States of America	Producer Price (USD/tonne)	Other beans, green	2018	USD	702.000000	A
PP	United States of America	Producer Price (USD/tonne)	Other berries and fruits of the genus vaccinium n.e.c.	2017	USD	1706.000000	A
PP	United States of America	Producer Price (USD/tonne)	Other nuts (excluding wild edible nuts and groundnuts), in shell, n.e.c.	2017	USD	5137.000000	A
PP	United States of America	Producer Price (USD/tonne)	Other vegetables, fresh n.e.c.	2017	USD	445.000000	A
PP	United States of America	Producer Price (USD/tonne)	Papayas	2017	USD	930.000000	A
PP	United States of America	Producer Price (USD/tonne)	Papayas	2018	USD	1609.400000	A
PP	United States of America	Producer Price (USD/tonne)	Papayas	2019	USD	1029.600000	A
PP	United States of America	Producer Price (USD/tonne)	Papayas	2020	USD	967.800000	A
PP	United States of America	Producer Price (USD/tonne)	Papayas	2021	USD	1512.400000	A
PP	United States of America	Producer Price (USD/tonne)	Papayas	2022	USD	1402.100000	A
PP	United States of America	Producer Price (USD/tonne)	Papayas	2023	USD	1496.900000	A
PP	United States of America	Producer Price (USD/tonne)	Papayas	2024	USD	1422.000000	A
PP	United States of America	Producer Price (USD/tonne)	Peaches and nectarines	2017	USD	1488.100000	A
PP	United States of America	Producer Price (USD/tonne)	Peaches and nectarines	2018	USD	1377.900000	A
PP	United States of America	Producer Price (USD/tonne)	Peaches and nectarines	2019	USD	1433.000000	A
PP	United States of America	Producer Price (USD/tonne)	Peaches and nectarines	2020	USD	1576.300000	A
PP	United States of America	Producer Price (USD/tonne)	Peaches and nectarines	2021	USD	1521.200000	A
PP	United States of America	Producer Price (USD/tonne)	Peaches and nectarines	2022	USD	1642.400000	A
PP	United States of America	Producer Price (USD/tonne)	Peaches and nectarines	2023	USD	1851.900000	A
PP	United States of America	Producer Price (USD/tonne)	Peaches and nectarines	2024	USD	2105.400000	A
PP	United States of America	Producer Price (USD/tonne)	Pears	2017	USD	964.500000	A
PP	United States of America	Producer Price (USD/tonne)	Pears	2018	USD	672.400000	A
PP	United States of America	Producer Price (USD/tonne)	Pears	2019	USD	513.700000	A
PP	United States of America	Producer Price (USD/tonne)	Pears	2020	USD	606.300000	A
PP	United States of America	Producer Price (USD/tonne)	Pears	2021	USD	631.600000	A
PP	United States of America	Producer Price (USD/tonne)	Pears	2022	USD	647.100000	A
PP	United States of America	Producer Price (USD/tonne)	Pears	2023	USD	639.300000	A
PP	United States of America	Producer Price (USD/tonne)	Pears	2024	USD	706.600000	A
PP	United States of America	Producer Price (USD/tonne)	Peas, dry	2017	USD	260.000000	A
PP	United States of America	Producer Price (USD/tonne)	Peas, dry	2018	USD	231.000000	A
PP	United States of America	Producer Price (USD/tonne)	Peas, dry	2019	USD	209.000000	A
PP	United States of America	Producer Price (USD/tonne)	Peas, dry	2020	USD	199.000000	A
PP	United States of America	Producer Price (USD/tonne)	Peas, dry	2021	USD	385.800000	A
PP	United States of America	Producer Price (USD/tonne)	Peas, dry	2022	USD	359.400000	A
PP	United States of America	Producer Price (USD/tonne)	Peas, dry	2023	USD	335.100000	A
PP	United States of America	Producer Price (USD/tonne)	Peas, dry	2024	USD	299.800000	A
PP	United States of America	Producer Price (USD/tonne)	Peas, green	2017	USD	313.000000	A
PP	United States of America	Producer Price (USD/tonne)	Peas, green	2018	USD	282.000000	A
PP	United States of America	Producer Price (USD/tonne)	Peas, green	2019	USD	298.000000	A
PP	United States of America	Producer Price (USD/tonne)	Peas, green	2020	USD	313.000000	A
PP	United States of America	Producer Price (USD/tonne)	Peas, green	2021	USD	346.000000	A
PP	United States of America	Producer Price (USD/tonne)	Peas, green	2022	USD	392.400000	A
PP	United States of America	Producer Price (USD/tonne)	Peas, green	2023	USD	390.200000	A
PP	United States of America	Producer Price (USD/tonne)	Peas, green	2024	USD	363.800000	A
PP	United States of America	Producer Price (USD/tonne)	Pistachios, in shell	2017	USD	3726.000000	A
PP	United States of America	Producer Price (USD/tonne)	Pistachios, in shell	2018	USD	5842.000000	A
PP	United States of America	Producer Price (USD/tonne)	Pistachios, in shell	2019	USD	5776.000000	A
PP	United States of America	Producer Price (USD/tonne)	Pistachios, in shell	2020	USD	5533.600000	A
PP	United States of America	Producer Price (USD/tonne)	Pistachios, in shell	2021	USD	4762.000000	A
PP	United States of America	Producer Price (USD/tonne)	Pistachios, in shell	2022	USD	4651.800000	A
PP	United States of America	Producer Price (USD/tonne)	Pistachios, in shell	2023	USD	4122.600000	A
PP	United States of America	Producer Price (USD/tonne)	Pistachios, in shell	2024	USD	4100.600000	A
PP	United States of America	Producer Price (USD/tonne)	Plums and sloes	2017	USD	806.000000	A
PP	United States of America	Producer Price (USD/tonne)	Plums and sloes	2019	USD	1355.800000	A
PP	United States of America	Producer Price (USD/tonne)	Plums and sloes	2021	USD	1256.600000	A
PP	United States of America	Producer Price (USD/tonne)	Plums and sloes	2022	USD	1609.400000	A
PP	United States of America	Producer Price (USD/tonne)	Plums and sloes	2023	USD	1807.800000	A
PP	United States of America	Producer Price (USD/tonne)	Plums and sloes	2024	USD	1918.000000	A
PP	United States of America	Producer Price (USD/tonne)	Pomelos and grapefruits	2017	USD	406.000000	A
PP	United States of America	Producer Price (USD/tonne)	Pomelos and grapefruits	2018	USD	451.000000	A
PP	United States of America	Producer Price (USD/tonne)	Pomelos and grapefruits	2019	USD	404.000000	A
PP	United States of America	Producer Price (USD/tonne)	Pomelos and grapefruits	2020	USD	432.000000	A
PP	United States of America	Producer Price (USD/tonne)	Pomelos and grapefruits	2021	USD	570.200000	A
PP	United States of America	Producer Price (USD/tonne)	Pomelos and grapefruits	2022	USD	497.400000	A
PP	United States of America	Producer Price (USD/tonne)	Pomelos and grapefruits	2023	USD	545.700000	A
PP	United States of America	Producer Price (USD/tonne)	Pomelos and grapefruits	2024	USD	570.500000	A
PP	United States of America	Producer Price (USD/tonne)	Potatoes	2017	USD	202.000000	A
PP	United States of America	Producer Price (USD/tonne)	Potatoes	2018	USD	196.000000	A
PP	United States of America	Producer Price (USD/tonne)	Potatoes	2019	USD	216.000000	A
PP	United States of America	Producer Price (USD/tonne)	Potatoes	2020	USD	208.000000	A
PP	United States of America	Producer Price (USD/tonne)	Potatoes	2021	USD	218.700000	A
PP	United States of America	Producer Price (USD/tonne)	Potatoes	2022	USD	284.400000	A
PP	United States of America	Producer Price (USD/tonne)	Potatoes	2023	USD	271.200000	A
PP	United States of America	Producer Price (USD/tonne)	Potatoes	2024	USD	266.800000	A
PP	United States of America	Producer Price (USD/tonne)	Pumpkins, squash and gourds	2017	USD	653.000000	A
PP	United States of America	Producer Price (USD/tonne)	Pumpkins, squash and gourds	2018	USD	586.000000	A
PP	United States of America	Producer Price (USD/tonne)	Pumpkins, squash and gourds	2019	USD	694.000000	A
PP	United States of America	Producer Price (USD/tonne)	Pumpkins, squash and gourds	2020	USD	315.000000	A
PP	United States of America	Producer Price (USD/tonne)	Pumpkins, squash and gourds	2021	USD	313.100000	A
PP	United States of America	Producer Price (USD/tonne)	Pumpkins, squash and gourds	2022	USD	368.200000	A
PP	United States of America	Producer Price (USD/tonne)	Pumpkins, squash and gourds	2023	USD	328.500000	A
PP	United States of America	Producer Price (USD/tonne)	Pumpkins, squash and gourds	2024	USD	425.500000	A
PP	United States of America	Producer Price (USD/tonne)	Rape or colza seed	2017	USD	423.000000	A
PP	United States of America	Producer Price (USD/tonne)	Rape or colza seed	2018	USD	408.000000	A
PP	United States of America	Producer Price (USD/tonne)	Rape or colza seed	2019	USD	443.000000	A
PP	United States of America	Producer Price (USD/tonne)	Rape or colza seed	2020	USD	498.000000	A
PP	United States of America	Producer Price (USD/tonne)	Rape or colza seed	2021	USD	410.100000	A
PP	United States of America	Producer Price (USD/tonne)	Rape or colza seed	2022	USD	471.800000	A
PP	United States of America	Producer Price (USD/tonne)	Rape or colza seed	2023	USD	440.900000	A
PP	United States of America	Producer Price (USD/tonne)	Rape or colza seed	2024	USD	723.100000	A
PP	United States of America	Producer Price (USD/tonne)	Raspberries	2017	USD	4828.100000	A
PP	United States of America	Producer Price (USD/tonne)	Raspberries	2018	USD	3725.800000	A
PP	United States of America	Producer Price (USD/tonne)	Raspberries	2019	USD	4210.800000	A
PP	United States of America	Producer Price (USD/tonne)	Raspberries	2020	USD	4497.400000	A
PP	United States of America	Producer Price (USD/tonne)	Raspberries	2021	USD	6702.100000	A
PP	United States of America	Producer Price (USD/tonne)	Raspberries	2022	USD	6062.700000	A
PP	United States of America	Producer Price (USD/tonne)	Raspberries	2023	USD	5952.500000	A
PP	United States of America	Producer Price (USD/tonne)	Raspberries	2024	USD	5798.200000	A
PP	United States of America	Producer Price (USD/tonne)	Raw milk of cattle	2017	USD	390.000000	A
PP	United States of America	Producer Price (USD/tonne)	Raw milk of cattle	2018	USD	358.900000	A
PP	United States of America	Producer Price (USD/tonne)	Raw milk of cattle	2019	USD	410.700000	A
PP	United States of America	Producer Price (USD/tonne)	Raw milk of cattle	2020	USD	402.300000	A
PP	United States of America	Producer Price (USD/tonne)	Raw milk of cattle	2021	USD	408.700000	A
PP	United States of America	Producer Price (USD/tonne)	Raw milk of cattle	2022	USD	559.800000	A
PP	United States of America	Producer Price (USD/tonne)	Raw milk of cattle	2023	USD	449.300000	A
PP	United States of America	Producer Price (USD/tonne)	Raw milk of cattle	2024	USD	497.400000	A
PP	United States of America	Producer Price (USD/tonne)	Rice	2017	USD	284.000000	A
PP	United States of America	Producer Price (USD/tonne)	Rice	2018	USD	278.000000	A
PP	United States of America	Producer Price (USD/tonne)	Rice	2019	USD	287.000000	A
PP	United States of America	Producer Price (USD/tonne)	Rice	2020	USD	295.000000	A
PP	United States of America	Producer Price (USD/tonne)	Rice	2021	USD	346.100000	A
PP	United States of America	Producer Price (USD/tonne)	Rice	2022	USD	427.700000	A
PP	United States of America	Producer Price (USD/tonne)	Rice	2023	USD	381.400000	A
PP	United States of America	Producer Price (USD/tonne)	Rice	2024	USD	339.500000	A
PP	United States of America	Producer Price (USD/tonne)	Rye	2017	USD	185.000000	A
PP	United States of America	Producer Price (USD/tonne)	Rye	2018	USD	247.000000	A
PP	United States of America	Producer Price (USD/tonne)	Rye	2019	USD	240.000000	A
PP	United States of America	Producer Price (USD/tonne)	Rye	2020	USD	205.000000	A
PP	United States of America	Producer Price (USD/tonne)	Rye	2021	USD	261.800000	A
PP	United States of America	Producer Price (USD/tonne)	Rye	2022	USD	295.300000	A
PP	United States of America	Producer Price (USD/tonne)	Rye	2023	USD	260.200000	A
PP	United States of America	Producer Price (USD/tonne)	Rye	2024	USD	228.300000	A
PP	United States of America	Producer Price (USD/tonne)	Safflower seed	2017	USD	410.000000	A
PP	United States of America	Producer Price (USD/tonne)	Safflower seed	2018	USD	448.000000	A
PP	United States of America	Producer Price (USD/tonne)	Safflower seed	2019	USD	434.000000	A
PP	United States of America	Producer Price (USD/tonne)	Safflower seed	2020	USD	470.000000	A
PP	United States of America	Producer Price (USD/tonne)	Safflower seed	2021	USD	562.200000	A
PP	United States of America	Producer Price (USD/tonne)	Safflower seed	2022	USD	731.900000	A
PP	United States of America	Producer Price (USD/tonne)	Safflower seed	2023	USD	793.700000	A
PP	United States of America	Producer Price (USD/tonne)	Safflower seed	2024	USD	535.700000	A
PP	United States of America	Producer Price (USD/tonne)	Sorghum	2017	USD	127.000000	A
PP	United States of America	Producer Price (USD/tonne)	Sorghum	2018	USD	128.000000	A
PP	United States of America	Producer Price (USD/tonne)	Sorghum	2019	USD	132.000000	A
PP	United States of America	Producer Price (USD/tonne)	Sorghum	2020	USD	190.000000	A
PP	United States of America	Producer Price (USD/tonne)	Sorghum	2021	USD	214.900000	A
PP	United States of America	Producer Price (USD/tonne)	Sorghum	2022	USD	271.200000	A
PP	United States of America	Producer Price (USD/tonne)	Sorghum	2023	USD	194.200000	A
PP	United States of America	Producer Price (USD/tonne)	Sorghum	2024	USD	167.600000	A
PP	United States of America	Producer Price (USD/tonne)	Sour cherries	2017	USD	493.800000	A
PP	United States of America	Producer Price (USD/tonne)	Sour cherries	2018	USD	432.100000	A
PP	United States of America	Producer Price (USD/tonne)	Sour cherries	2019	USD	332.900000	A
PP	United States of America	Producer Price (USD/tonne)	Sour cherries	2020	USD	837.800000	A
PP	United States of America	Producer Price (USD/tonne)	Sour cherries	2021	USD	1102.300000	A
PP	United States of America	Producer Price (USD/tonne)	Sour cherries	2022	USD	489.400000	A
PP	United States of America	Producer Price (USD/tonne)	Sour cherries	2023	USD	436.500000	A
PP	United States of America	Producer Price (USD/tonne)	Sour cherries	2024	USD	445.300000	A
PP	United States of America	Producer Price (USD/tonne)	Soya beans	2017	USD	342.000000	A
PP	United States of America	Producer Price (USD/tonne)	Soya beans	2018	USD	311.000000	A
PP	United States of America	Producer Price (USD/tonne)	Soya beans	2019	USD	321.000000	A
PP	United States of America	Producer Price (USD/tonne)	Soya beans	2020	USD	410.000000	A
PP	United States of America	Producer Price (USD/tonne)	Soya beans	2021	USD	477.600000	A
PP	United States of America	Producer Price (USD/tonne)	Soya beans	2022	USD	525.400000	A
PP	United States of America	Producer Price (USD/tonne)	Soya beans	2023	USD	455.600000	A
PP	United States of America	Producer Price (USD/tonne)	Soya beans	2024	USD	371.100000	A
PP	United States of America	Producer Price (USD/tonne)	Spinach	2017	USD	1517.000000	A
PP	United States of America	Producer Price (USD/tonne)	Spinach	2018	USD	1312.000000	A
PP	United States of America	Producer Price (USD/tonne)	Spinach	2019	USD	1303.000000	A
PP	United States of America	Producer Price (USD/tonne)	Spinach	2020	USD	1338.000000	A
PP	United States of America	Producer Price (USD/tonne)	Spinach	2021	USD	1576.300000	A
PP	United States of America	Producer Price (USD/tonne)	Spinach	2022	USD	1472.700000	A
PP	United States of America	Producer Price (USD/tonne)	Spinach	2023	USD	1728.400000	A
PP	United States of America	Producer Price (USD/tonne)	Spinach	2024	USD	1944.500000	A
PP	United States of America	Producer Price (USD/tonne)	Strawberries	2017	USD	2755.800000	A
PP	United States of America	Producer Price (USD/tonne)	Strawberries	2018	USD	2336.900000	A
PP	United States of America	Producer Price (USD/tonne)	Strawberries	2019	USD	2844.000000	A
PP	United States of America	Producer Price (USD/tonne)	Strawberries	2020	USD	2447.100000	A
PP	United States of America	Producer Price (USD/tonne)	Strawberries	2021	USD	3152.600000	A
PP	United States of America	Producer Price (USD/tonne)	Strawberries	2022	USD	2976.200000	A
PP	United States of America	Producer Price (USD/tonne)	Strawberries	2023	USD	3130.600000	A
PP	United States of America	Producer Price (USD/tonne)	Strawberries	2024	USD	3152.600000	A
PP	United States of America	Producer Price (USD/tonne)	String beans	2017	USD	1259.000000	A
PP	United States of America	Producer Price (USD/tonne)	String beans	2018	USD	1323.000000	A
PP	United States of America	Producer Price (USD/tonne)	String beans	2019	USD	1321.000000	A
PP	United States of America	Producer Price (USD/tonne)	String beans	2020	USD	1409.000000	A
PP	United States of America	Producer Price (USD/tonne)	String beans	2021	USD	1481.500000	A
PP	United States of America	Producer Price (USD/tonne)	String beans	2022	USD	2001.800000	A
PP	United States of America	Producer Price (USD/tonne)	String beans	2023	USD	1955.500000	A
PP	United States of America	Producer Price (USD/tonne)	String beans	2024	USD	2164.900000	A
PP	United States of America	Producer Price (USD/tonne)	Sugar beet	2017	USD	45.000000	A
PP	United States of America	Producer Price (USD/tonne)	Sugar beet	2018	USD	39.000000	A
PP	United States of America	Producer Price (USD/tonne)	Sugar beet	2019	USD	42.000000	A
PP	United States of America	Producer Price (USD/tonne)	Sugar beet	2020	USD	55.700000	A
PP	United States of America	Producer Price (USD/tonne)	Sugar beet	2021	USD	58.100000	A
PP	United States of America	Producer Price (USD/tonne)	Sugar beet	2022	USD	71.900000	A
PP	United States of America	Producer Price (USD/tonne)	Sugar beet	2023	USD	70.300000	A
PP	United States of America	Producer Price (USD/tonne)	Sugar cane	2017	USD	34.000000	A
PP	United States of America	Producer Price (USD/tonne)	Sugar cane	2018	USD	37.000000	A
PP	United States of America	Producer Price (USD/tonne)	Sugar cane	2019	USD	42.000000	A
PP	United States of America	Producer Price (USD/tonne)	Sugar cane	2020	USD	45.100000	A
PP	United States of America	Producer Price (USD/tonne)	Sugar cane	2021	USD	51.700000	A
PP	United States of America	Producer Price (USD/tonne)	Sugar cane	2022	USD	57.400000	A
PP	United States of America	Producer Price (USD/tonne)	Sugar cane	2023	USD	84.000000	A
PP	United States of America	Producer Price (USD/tonne)	Sunflower seed	2017	USD	379.000000	A
PP	United States of America	Producer Price (USD/tonne)	Sunflower seed	2018	USD	384.000000	A
PP	United States of America	Producer Price (USD/tonne)	Sunflower seed	2019	USD	392.000000	A
PP	United States of America	Producer Price (USD/tonne)	Sunflower seed	2020	USD	434.000000	A
PP	United States of America	Producer Price (USD/tonne)	Sunflower seed	2021	USD	698.900000	A
PP	United States of America	Producer Price (USD/tonne)	Sunflower seed	2022	USD	621.700000	A
PP	United States of America	Producer Price (USD/tonne)	Sunflower seed	2023	USD	467.400000	A
PP	United States of America	Producer Price (USD/tonne)	Sunflower seed	2024	USD	438.700000	A
PP	United States of America	Producer Price (USD/tonne)	Sweet potatoes	2017	USD	406.000000	A
PP	United States of America	Producer Price (USD/tonne)	Sweet potatoes	2018	USD	511.000000	A
PP	United States of America	Producer Price (USD/tonne)	Sweet potatoes	2019	USD	408.000000	A
PP	United States of America	Producer Price (USD/tonne)	Sweet potatoes	2020	USD	525.000000	A
PP	United States of America	Producer Price (USD/tonne)	Sweet potatoes	2021	USD	520.300000	A
PP	United States of America	Producer Price (USD/tonne)	Sweet potatoes	2022	USD	511.500000	A
PP	United States of America	Producer Price (USD/tonne)	Sweet potatoes	2023	USD	573.200000	A
PP	United States of America	Producer Price (USD/tonne)	Sweet potatoes	2024	USD	551.200000	A
PP	United States of America	Producer Price (USD/tonne)	Tangerines, mandarins, clementines	2017	USD	608.000000	A
PP	United States of America	Producer Price (USD/tonne)	Tangerines, mandarins, clementines	2018	USD	790.000000	A
PP	United States of America	Producer Price (USD/tonne)	Tangerines, mandarins, clementines	2019	USD	768.000000	A
PP	United States of America	Producer Price (USD/tonne)	Tangerines, mandarins, clementines	2020	USD	963.000000	A
PP	United States of America	Producer Price (USD/tonne)	Tangerines, mandarins, clementines	2021	USD	787.800000	A
PP	United States of America	Producer Price (USD/tonne)	Tangerines, mandarins, clementines	2022	USD	1051.800000	A
PP	United States of America	Producer Price (USD/tonne)	Tangerines, mandarins, clementines	2023	USD	878.400000	A
PP	United States of America	Producer Price (USD/tonne)	Tangerines, mandarins, clementines	2024	USD	1014.100000	A
PP	United States of America	Producer Price (USD/tonne)	Taro	2017	USD	1543.000000	A
PP	United States of America	Producer Price (USD/tonne)	Taro	2018	USD	1455.000000	A
PP	United States of America	Producer Price (USD/tonne)	Tomatoes	2017	USD	813.000000	A
PP	United States of America	Producer Price (USD/tonne)	Tomatoes	2018	USD	917.000000	A
PP	United States of America	Producer Price (USD/tonne)	Tomatoes	2019	USD	1093.000000	A
PP	United States of America	Producer Price (USD/tonne)	Tomatoes	2020	USD	1259.000000	A
PP	United States of America	Producer Price (USD/tonne)	Tomatoes	2021	USD	1005.300000	A
PP	United States of America	Producer Price (USD/tonne)	Tomatoes	2022	USD	1031.800000	A
PP	United States of America	Producer Price (USD/tonne)	Tomatoes	2023	USD	1106.700000	A
PP	United States of America	Producer Price (USD/tonne)	Tomatoes	2024	USD	1243.400000	A
PP	United States of America	Producer Price (USD/tonne)	Unmanufactured tobacco	2017	USD	4537.100000	A
PP	United States of America	Producer Price (USD/tonne)	Unmanufactured tobacco	2018	USD	4521.700000	A
PP	United States of America	Producer Price (USD/tonne)	Unmanufactured tobacco	2019	USD	4429.100000	A
PP	United States of America	Producer Price (USD/tonne)	Unmanufactured tobacco	2020	USD	4636.300000	A
PP	United States of America	Producer Price (USD/tonne)	Unmanufactured tobacco	2021	USD	4731.100000	A
PP	United States of America	Producer Price (USD/tonne)	Unmanufactured tobacco	2022	USD	5037.600000	A
PP	United States of America	Producer Price (USD/tonne)	Unmanufactured tobacco	2023	USD	5079.500000	A
PP	United States of America	Producer Price (USD/tonne)	Unmanufactured tobacco	2024	USD	5293.300000	A
PP	United States of America	Producer Price (USD/tonne)	Walnuts, in shell	2017	USD	2745.000000	A
PP	United States of America	Producer Price (USD/tonne)	Walnuts, in shell	2018	USD	1488.000000	A
PP	United States of America	Producer Price (USD/tonne)	Walnuts, in shell	2019	USD	2172.000000	A
PP	United States of America	Producer Price (USD/tonne)	Walnuts, in shell	2020	USD	1322.800000	A
PP	United States of America	Producer Price (USD/tonne)	Walnuts, in shell	2021	USD	1598.300000	A
PP	United States of America	Producer Price (USD/tonne)	Walnuts, in shell	2022	USD	694.500000	A
PP	United States of America	Producer Price (USD/tonne)	Walnuts, in shell	2023	USD	959.000000	A
PP	United States of America	Producer Price (USD/tonne)	Walnuts, in shell	2024	USD	1896.000000	A
PP	United States of America	Producer Price (USD/tonne)	Watermelons	2017	USD	326.000000	A
PP	United States of America	Producer Price (USD/tonne)	Watermelons	2018	USD	375.000000	A
PP	United States of America	Producer Price (USD/tonne)	Watermelons	2019	USD	337.000000	A
PP	United States of America	Producer Price (USD/tonne)	Watermelons	2020	USD	370.000000	A
PP	United States of America	Producer Price (USD/tonne)	Watermelons	2021	USD	350.500000	A
PP	United States of America	Producer Price (USD/tonne)	Watermelons	2022	USD	502.600000	A
PP	United States of America	Producer Price (USD/tonne)	Watermelons	2023	USD	469.600000	A
PP	United States of America	Producer Price (USD/tonne)	Watermelons	2024	USD	410.100000	A
PP	United States of America	Producer Price (USD/tonne)	Wheat	2017	USD	173.000000	A
PP	United States of America	Producer Price (USD/tonne)	Wheat	2018	USD	189.000000	A
PP	United States of America	Producer Price (USD/tonne)	Wheat	2019	USD	167.000000	A
PP	United States of America	Producer Price (USD/tonne)	Wheat	2020	USD	184.000000	A
PP	United States of America	Producer Price (USD/tonne)	Wheat	2021	USD	268.200000	A
PP	United States of America	Producer Price (USD/tonne)	Wheat	2022	USD	330.700000	A
PP	United States of America	Producer Price (USD/tonne)	Wheat	2023	USD	255.700000	A
PP	United States of America	Producer Price (USD/tonne)	Wheat	2024	USD	203.900000	A
